
D:/citroen-can-interface/build/citroen_can_interface:     file format elf32-littlearm

Sections:
Idx Name          Size      VMA       LMA       File off  Algn
  0 .text         00006484  10000000  10000000  00001000  2**3
                  CONTENTS, ALLOC, LOAD, READONLY, CODE
  1 .rodata       00000530  10006488  10006488  00007488  2**3
                  CONTENTS, ALLOC, LOAD, READONLY, DATA
  2 .ARM.exidx    00000008  100069b8  100069b8  000079b8  2**2
                  CONTENTS, ALLOC, LOAD, READONLY, DATA
  3 .binary_info  0000002c  100069c0  100069c0  000079c0  2**2
                  CONTENTS, ALLOC, LOAD, READONLY, DATA
  4 .psram_load   00000000  11000000  11000000  0000a0c8  2**0
                  CONTENTS
  5 .psram_noload 00000000  11000000  11000000  0000a0c8  2**0
                  CONTENTS
  6 .xip_ram      00000000  13ffc000  13ffc000  0000a0c8  2**0
                  CONTENTS
  7 .ram_vector_table 00000110  20000000  20000000  0000b000  2**2
                  ALLOC
  8 .uninitialized_data 00000000  20000110  20000110  0000a0c8  2**0
                  CONTENTS
  9 .data         000016c8  20000110  100069ec  00008110  2**3
                  CONTENTS, ALLOC, LOAD, READONLY, CODE
 10 .tdata        00000000  200017d8  200017d8  0000a0c8  2**0
                  CONTENTS, ALLOC, LOAD, DATA, THREAD_LOCAL
 11 .tbss         00000000  200017d8  200017d8  00000000  2**0
                  ALLOC, THREAD_LOCAL
 12 .tbss_space   00000000  200017d8  200017d8  0000a0c8  2**0
                  CONTENTS
 13 .bss          00000954  200017d8  100080b4  0000a7d8  2**3
                  ALLOC
 14 .tls0         00000000  2000212c  2000212c  0000a0c8  2**0
                  CONTENTS
 15 .tls1         00000000  2000212c  2000212c  0000a0c8  2**0
                  CONTENTS
 16 .persistent_data 00000000  2000212c  2000212c  0000a0c8  2**0
                  CONTENTS
 17 .dummy_pre_heap 00000000  2000212c  2000212c  0000a0c8  2**0
                  CONTENTS
 18 .heap         00000800  2000212c  2000212c  0000a12c  2**2
                  ALLOC, READONLY
 19 .scratch_x    00000000  20080000  20080000  0000a0c8  2**0
                  CONTENTS
 20 .scratch_y    00000000  20081000  20081000  0000a0c8  2**0
                  CONTENTS
 21 .stack_dummy  00000800  20081000  20081000  0000b000  2**5
                  ALLOC, READONLY
 22 .flash_end    00000014  100080b4  100080b4  0000a0b4  2**2
                  CONTENTS, ALLOC, LOAD, READONLY, DATA
 23 .debug_info   0003c8dd  00000000  00000000  0000a0c8  2**0
                  CONTENTS, READONLY, DEBUGGING, OCTETS
 24 .debug_abbrev 000097a2  00000000  00000000  000469a5  2**0
                  CONTENTS, READONLY, DEBUGGING, OCTETS
 25 .debug_loc    000291d0  00000000  00000000  00050147  2**0
                  CONTENTS, READONLY, DEBUGGING, OCTETS
 26 .debug_aranges 00001418  00000000  00000000  00079318  2**3
                  CONTENTS, READONLY, DEBUGGING, OCTETS
 27 .debug_ranges 0000ec60  00000000  00000000  0007a730  2**3
                  CONTENTS, READONLY, DEBUGGING, OCTETS
 28 .debug_line   00023575  00000000  00000000  00089390  2**0
                  CONTENTS, READONLY, DEBUGGING, OCTETS
 29 .debug_str    0000ab03  00000000  00000000  000ac905  2**0
                  CONTENTS, READONLY, DEBUGGING, OCTETS
 30 .comment      00000049  00000000  00000000  000b7408  2**0
                  CONTENTS, READONLY
 31 .ARM.attributes 00000036  00000000  00000000  000b7451  2**0
                  CONTENTS, READONLY
 32 .debug_frame  0000373c  00000000  00000000  000b7488  2**2
                  CONTENTS, READONLY, DEBUGGING, OCTETS

D:/citroen-can-interface/build/citroen_can_interface:     file format elf32-littlearm


Disassembly of section .text:

10000000 <__VECTOR_TABLE>:
10000000:	20082000 	.word	0x20082000
10000004:	1000015b 	.word	0x1000015b
10000008:	1000011b 	.word	0x1000011b
1000000c:	1000011d 	.word	0x1000011d
10000010:	10000111 	.word	0x10000111
10000014:	10000111 	.word	0x10000111
10000018:	10000111 	.word	0x10000111
1000001c:	10000111 	.word	0x10000111
10000020:	10000119 	.word	0x10000119
10000024:	10000119 	.word	0x10000119
10000028:	10000119 	.word	0x10000119
1000002c:	1000011f 	.word	0x1000011f
10000030:	10000111 	.word	0x10000111
10000034:	10000119 	.word	0x10000119
10000038:	10000121 	.word	0x10000121
1000003c:	10000123 	.word	0x10000123
10000040:	10000111 	.word	0x10000111
10000044:	10000111 	.word	0x10000111
10000048:	10000111 	.word	0x10000111
1000004c:	10000111 	.word	0x10000111
10000050:	10000111 	.word	0x10000111
10000054:	10000111 	.word	0x10000111
10000058:	10000111 	.word	0x10000111
1000005c:	10000111 	.word	0x10000111
10000060:	10000111 	.word	0x10000111
10000064:	10000111 	.word	0x10000111
10000068:	10000111 	.word	0x10000111
1000006c:	10000111 	.word	0x10000111
10000070:	10000111 	.word	0x10000111
10000074:	10000111 	.word	0x10000111
10000078:	10000111 	.word	0x10000111
1000007c:	10000111 	.word	0x10000111
10000080:	10000111 	.word	0x10000111
10000084:	10000111 	.word	0x10000111
10000088:	10000111 	.word	0x10000111
1000008c:	10000111 	.word	0x10000111
10000090:	10000111 	.word	0x10000111
10000094:	10000111 	.word	0x10000111
10000098:	10000111 	.word	0x10000111
1000009c:	10000111 	.word	0x10000111
100000a0:	10000111 	.word	0x10000111
100000a4:	10000111 	.word	0x10000111
100000a8:	10000111 	.word	0x10000111
100000ac:	10000111 	.word	0x10000111
100000b0:	10000111 	.word	0x10000111
100000b4:	10000111 	.word	0x10000111
100000b8:	10000111 	.word	0x10000111
100000bc:	10000111 	.word	0x10000111
100000c0:	10000111 	.word	0x10000111
100000c4:	10000111 	.word	0x10000111
100000c8:	10000111 	.word	0x10000111
100000cc:	10000111 	.word	0x10000111
100000d0:	10000111 	.word	0x10000111
100000d4:	10000111 	.word	0x10000111
100000d8:	10000111 	.word	0x10000111
100000dc:	10000111 	.word	0x10000111
100000e0:	10000111 	.word	0x10000111
100000e4:	10000111 	.word	0x10000111
100000e8:	10000111 	.word	0x10000111
100000ec:	10000111 	.word	0x10000111
100000f0:	10000111 	.word	0x10000111
100000f4:	10000111 	.word	0x10000111
100000f8:	10000111 	.word	0x10000111
100000fc:	10000111 	.word	0x10000111
10000100:	10000111 	.word	0x10000111
10000104:	10000111 	.word	0x10000111
10000108:	10000111 	.word	0x10000111
1000010c:	10000111 	.word	0x10000111

10000110 <__unhandled_user_irq>:
10000110:	f3ef 8005 	mrs	r0, IPSR
10000114:	3810      	subs	r0, #16

10000116 <unhandled_user_irq_num_in_r0>:
10000116:	be00      	bkpt	0x0000

10000118 <isr_invalid>:
10000118:	be00      	bkpt	0x0000

1000011a <isr_nmi>:
1000011a:	be00      	bkpt	0x0000

1000011c <isr_hardfault>:
1000011c:	be00      	bkpt	0x0000

1000011e <isr_svcall>:
1000011e:	be00      	bkpt	0x0000

10000120 <isr_pendsv>:
10000120:	be00      	bkpt	0x0000

10000122 <isr_systick>:
10000122:	be00      	bkpt	0x0000

10000124 <__default_isrs_end>:
10000124:	7188ebf2 	.word	0x7188ebf2
10000128:	100069c0 	.word	0x100069c0
1000012c:	100069ec 	.word	0x100069ec
10000130:	1000019c 	.word	0x1000019c
10000134:	e71aa390 	.word	0xe71aa390

10000138 <__binary_info_header_end>:
10000138:	ffffded3 	.word	0xffffded3
1000013c:	10210142 	.word	0x10210142
10000140:	000001ff 	.word	0x000001ff
10000144:	00007f7c 	.word	0x00007f7c
10000148:	ab123579 	.word	0xab123579

1000014c <_entry_point>:
1000014c:	2000      	movs	r0, #0

1000014e <_enter_vtable_in_r0>:
1000014e:	491e      	ldr	r1, [pc, #120]	; (100001c8 <data_cpy_table+0x2c>)
10000150:	6008      	str	r0, [r1, #0]
10000152:	c806      	ldmia	r0!, {r1, r2}
10000154:	f381 8808 	msr	MSP, r1
10000158:	4710      	bx	r2

1000015a <_reset_handler>:
1000015a:	f04f 4050 	mov.w	r0, #3489660928	; 0xd0000000
1000015e:	6800      	ldr	r0, [r0, #0]
10000160:	b108      	cbz	r0, 10000166 <hold_non_core0_in_bootrom+0x4>

10000162 <hold_non_core0_in_bootrom>:
10000162:	2000      	movs	r0, #0
10000164:	e7f3      	b.n	1000014e <_enter_vtable_in_r0>
10000166:	a40d      	add	r4, pc, #52	; (adr r4, 1000019c <data_cpy_table>)
10000168:	cc0e      	ldmia	r4!, {r1, r2, r3}
1000016a:	2900      	cmp	r1, #0
1000016c:	d002      	beq.n	10000174 <hold_non_core0_in_bootrom+0x12>
1000016e:	f000 f812 	bl	10000196 <data_cpy>
10000172:	e7f9      	b.n	10000168 <hold_non_core0_in_bootrom+0x6>
10000174:	4915      	ldr	r1, [pc, #84]	; (100001cc <data_cpy_table+0x30>)
10000176:	4a16      	ldr	r2, [pc, #88]	; (100001d0 <data_cpy_table+0x34>)
10000178:	2000      	movs	r0, #0
1000017a:	e000      	b.n	1000017e <bss_fill_test>

1000017c <bss_fill_loop>:
1000017c:	c101      	stmia	r1!, {r0}

1000017e <bss_fill_test>:
1000017e:	4291      	cmp	r1, r2
10000180:	d1fc      	bne.n	1000017c <bss_fill_loop>

10000182 <platform_entry>:
10000182:	4914      	ldr	r1, [pc, #80]	; (100001d4 <data_cpy_table+0x38>)
10000184:	4788      	blx	r1
10000186:	4914      	ldr	r1, [pc, #80]	; (100001d8 <data_cpy_table+0x3c>)
10000188:	4788      	blx	r1
1000018a:	4914      	ldr	r1, [pc, #80]	; (100001dc <data_cpy_table+0x40>)
1000018c:	4788      	blx	r1
1000018e:	be00      	bkpt	0x0000
10000190:	e7fd      	b.n	1000018e <platform_entry+0xc>

10000192 <data_cpy_loop>:
10000192:	c901      	ldmia	r1!, {r0}
10000194:	c201      	stmia	r2!, {r0}

10000196 <data_cpy>:
10000196:	429a      	cmp	r2, r3
10000198:	d3fb      	bcc.n	10000192 <data_cpy_loop>

1000019a <data_cpy_done>:
1000019a:	4770      	bx	lr

1000019c <data_cpy_table>:
1000019c:	100069ec 	.word	0x100069ec
100001a0:	20000110 	.word	0x20000110
100001a4:	200017d8 	.word	0x200017d8
100001a8:	100080b4 	.word	0x100080b4
100001ac:	20080000 	.word	0x20080000
100001b0:	20080000 	.word	0x20080000
100001b4:	100080b4 	.word	0x100080b4
100001b8:	20081000 	.word	0x20081000
100001bc:	20081000 	.word	0x20081000
100001c0:	00000000 	.word	0x00000000
100001c4:	4770      	bx	lr
100001c6:	0000      	.short	0x0000
100001c8:	e000ed08 	.word	0xe000ed08
100001cc:	200017d8 	.word	0x200017d8
100001d0:	2000212c 	.word	0x2000212c
100001d4:	10003929 	.word	0x10003929
100001d8:	100001e1 	.word	0x100001e1
100001dc:	10003921 	.word	0x10003921

100001e0 <main>:
100001e0:	b5f0      	push	{r4, r5, r6, r7, lr}
100001e2:	ed2d 8b02 	vpush	{d8}
100001e6:	4c95      	ldr	r4, [pc, #596]	; (1000043c <main+0x25c>)
100001e8:	b09d      	sub	sp, #116	; 0x74
100001ea:	f003 fcb9 	bl	10003b60 <stdio_init_all>
100001ee:	e894 0007 	ldmia.w	r4, {r0, r1, r2}
100001f2:	ab08      	add	r3, sp, #32
100001f4:	e883 0007 	stmia.w	r3, {r0, r1, r2}
100001f8:	ad0b      	add	r5, sp, #44	; 0x2c
100001fa:	f104 020c 	add.w	r2, r4, #12
100001fe:	ca07      	ldmia	r2, {r0, r1, r2}
10000200:	e885 0007 	stmia.w	r5, {r0, r1, r2}
10000204:	2201      	movs	r2, #1
10000206:	4619      	mov	r1, r3
10000208:	a80e      	add	r0, sp, #56	; 0x38
1000020a:	f000 fb41 	bl	10000890 <_ZN3psa10CanManager4initERKNS_11DualCanPinsEb>
1000020e:	2800      	cmp	r0, #0
10000210:	f000 810c 	beq.w	1000042c <main+0x24c>
10000214:	ed9f 8a8a 	vldr	s16, [pc, #552]	; 10000440 <main+0x260>
10000218:	488a      	ldr	r0, [pc, #552]	; (10000444 <main+0x264>)
1000021a:	f003 fce7 	bl	10003bec <__wrap_puts>
1000021e:	ad04      	add	r5, sp, #16
10000220:	f104 0318 	add.w	r3, r4, #24
10000224:	cb0f      	ldmia	r3, {r0, r1, r2, r3}
10000226:	c507      	stmia	r5!, {r0, r1, r2}
10000228:	4c87      	ldr	r4, [pc, #540]	; (10000448 <main+0x268>)
1000022a:	802b      	strh	r3, [r5, #0]
1000022c:	4d87      	ldr	r5, [pc, #540]	; (1000044c <main+0x26c>)
1000022e:	e004      	b.n	1000023a <main+0x5a>
10000230:	2101      	movs	r1, #1
10000232:	a80e      	add	r0, sp, #56	; 0x38
10000234:	f000 fb60 	bl	100008f8 <_ZNK3psa10CanManager5hasRxENS_3BusE>
10000238:	bb78      	cbnz	r0, 1000029a <main+0xba>
1000023a:	2100      	movs	r1, #0
1000023c:	a80e      	add	r0, sp, #56	; 0x38
1000023e:	f000 fb5b 	bl	100008f8 <_ZNK3psa10CanManager5hasRxENS_3BusE>
10000242:	2800      	cmp	r0, #0
10000244:	d0f4      	beq.n	10000230 <main+0x50>
10000246:	2100      	movs	r1, #0
10000248:	aa04      	add	r2, sp, #16
1000024a:	a80e      	add	r0, sp, #56	; 0x38
1000024c:	f000 fb58 	bl	10000900 <_ZN3psa10CanManager4readENS_3BusERNS_8CanFrameE>
10000250:	2800      	cmp	r0, #0
10000252:	d1ed      	bne.n	10000230 <main+0x50>
10000254:	f8bd 3010 	ldrh.w	r3, [sp, #16]
10000258:	f5b3 7fb4 	cmp.w	r3, #360	; 0x168
1000025c:	d07c      	beq.n	10000358 <main+0x178>
1000025e:	d851      	bhi.n	10000304 <main+0x124>
10000260:	2bb6      	cmp	r3, #182	; 0xb6
10000262:	f000 8081 	beq.w	10000368 <main+0x188>
10000266:	2bf6      	cmp	r3, #246	; 0xf6
10000268:	d13d      	bne.n	100002e6 <main+0x106>
1000026a:	f89d 3012 	ldrb.w	r3, [sp, #18]
1000026e:	2b05      	cmp	r3, #5
10000270:	d9de      	bls.n	10000230 <main+0x50>
10000272:	f89d 1013 	ldrb.w	r1, [sp, #19]
10000276:	f89d 2018 	ldrb.w	r2, [sp, #24]
1000027a:	2980      	cmp	r1, #128	; 0x80
1000027c:	ea4f 0252 	mov.w	r2, r2, lsr #1
10000280:	bf94      	ite	ls
10000282:	2100      	movls	r1, #0
10000284:	2101      	movhi	r1, #1
10000286:	4872      	ldr	r0, [pc, #456]	; (10000450 <main+0x270>)
10000288:	3a28      	subs	r2, #40	; 0x28
1000028a:	f003 fd2d 	bl	10003ce8 <__wrap_printf>
1000028e:	2101      	movs	r1, #1
10000290:	a80e      	add	r0, sp, #56	; 0x38
10000292:	f000 fb31 	bl	100008f8 <_ZNK3psa10CanManager5hasRxENS_3BusE>
10000296:	2800      	cmp	r0, #0
10000298:	d0cf      	beq.n	1000023a <main+0x5a>
1000029a:	2101      	movs	r1, #1
1000029c:	aa04      	add	r2, sp, #16
1000029e:	a80e      	add	r0, sp, #56	; 0x38
100002a0:	f000 fb2e 	bl	10000900 <_ZN3psa10CanManager4readENS_3BusERNS_8CanFrameE>
100002a4:	2800      	cmp	r0, #0
100002a6:	d1c1      	bne.n	1000022c <main+0x4c>
100002a8:	f8bd 3010 	ldrh.w	r3, [sp, #16]
100002ac:	f5b3 7fb4 	cmp.w	r3, #360	; 0x168
100002b0:	f000 808b 	beq.w	100003ca <main+0x1ea>
100002b4:	d842      	bhi.n	1000033c <main+0x15c>
100002b6:	2bb6      	cmp	r3, #182	; 0xb6
100002b8:	f000 808b 	beq.w	100003d2 <main+0x1f2>
100002bc:	2bf6      	cmp	r3, #246	; 0xf6
100002be:	d12e      	bne.n	1000031e <main+0x13e>
100002c0:	f89d 3012 	ldrb.w	r3, [sp, #18]
100002c4:	2b05      	cmp	r3, #5
100002c6:	d9b1      	bls.n	1000022c <main+0x4c>
100002c8:	f89d 1013 	ldrb.w	r1, [sp, #19]
100002cc:	f89d 2018 	ldrb.w	r2, [sp, #24]
100002d0:	2980      	cmp	r1, #128	; 0x80
100002d2:	ea4f 0252 	mov.w	r2, r2, lsr #1
100002d6:	bf94      	ite	ls
100002d8:	2100      	movls	r1, #0
100002da:	2101      	movhi	r1, #1
100002dc:	3a28      	subs	r2, #40	; 0x28
100002de:	485c      	ldr	r0, [pc, #368]	; (10000450 <main+0x270>)
100002e0:	f003 fd02 	bl	10003ce8 <__wrap_printf>
100002e4:	e7a2      	b.n	1000022c <main+0x4c>
100002e6:	2b36      	cmp	r3, #54	; 0x36
100002e8:	d1a2      	bne.n	10000230 <main+0x50>
100002ea:	f89d 3012 	ldrb.w	r3, [sp, #18]
100002ee:	2b03      	cmp	r3, #3
100002f0:	d99e      	bls.n	10000230 <main+0x50>
100002f2:	f89d 1015 	ldrb.w	r1, [sp, #21]
100002f6:	f89d 2016 	ldrb.w	r2, [sp, #22]
100002fa:	09c9      	lsrs	r1, r1, #7
100002fc:	4855      	ldr	r0, [pc, #340]	; (10000454 <main+0x274>)
100002fe:	f003 fcf3 	bl	10003ce8 <__wrap_printf>
10000302:	e795      	b.n	10000230 <main+0x50>
10000304:	f5b3 7fe8 	cmp.w	r3, #464	; 0x1d0
10000308:	d02a      	beq.n	10000360 <main+0x180>
1000030a:	f240 221f 	movw	r2, #543	; 0x21f
1000030e:	4293      	cmp	r3, r2
10000310:	d18e      	bne.n	10000230 <main+0x50>
10000312:	f89d 1013 	ldrb.w	r1, [sp, #19]
10000316:	4850      	ldr	r0, [pc, #320]	; (10000458 <main+0x278>)
10000318:	f003 fce6 	bl	10003ce8 <__wrap_printf>
1000031c:	e788      	b.n	10000230 <main+0x50>
1000031e:	2b36      	cmp	r3, #54	; 0x36
10000320:	d184      	bne.n	1000022c <main+0x4c>
10000322:	f89d 3012 	ldrb.w	r3, [sp, #18]
10000326:	2b03      	cmp	r3, #3
10000328:	d980      	bls.n	1000022c <main+0x4c>
1000032a:	f89d 1015 	ldrb.w	r1, [sp, #21]
1000032e:	f89d 2016 	ldrb.w	r2, [sp, #22]
10000332:	09c9      	lsrs	r1, r1, #7
10000334:	4847      	ldr	r0, [pc, #284]	; (10000454 <main+0x274>)
10000336:	f003 fcd7 	bl	10003ce8 <__wrap_printf>
1000033a:	e777      	b.n	1000022c <main+0x4c>
1000033c:	f5b3 7fe8 	cmp.w	r3, #464	; 0x1d0
10000340:	d03f      	beq.n	100003c2 <main+0x1e2>
10000342:	f240 221f 	movw	r2, #543	; 0x21f
10000346:	4293      	cmp	r3, r2
10000348:	f47f af70 	bne.w	1000022c <main+0x4c>
1000034c:	f89d 1013 	ldrb.w	r1, [sp, #19]
10000350:	4841      	ldr	r0, [pc, #260]	; (10000458 <main+0x278>)
10000352:	f003 fcc9 	bl	10003ce8 <__wrap_printf>
10000356:	e769      	b.n	1000022c <main+0x4c>
10000358:	4620      	mov	r0, r4
1000035a:	f003 fc47 	bl	10003bec <__wrap_puts>
1000035e:	e767      	b.n	10000230 <main+0x50>
10000360:	4628      	mov	r0, r5
10000362:	f003 fc43 	bl	10003bec <__wrap_puts>
10000366:	e763      	b.n	10000230 <main+0x50>
10000368:	f89d 3012 	ldrb.w	r3, [sp, #18]
1000036c:	2b03      	cmp	r3, #3
1000036e:	f67f af5f 	bls.w	10000230 <main+0x50>
10000372:	f8bd 0013 	ldrh.w	r0, [sp, #19]
10000376:	ba40      	rev16	r0, r0
10000378:	b280      	uxth	r0, r0
1000037a:	ee07 0a90 	vmov	s15, r0
1000037e:	eefa 7aee 	vcvt.f32.s32	s15, s15, #3
10000382:	ee17 0a90 	vmov	r0, s15
10000386:	f006 f823 	bl	100063d0 <____aeabi_f2d_veneer>
1000038a:	f8bd 3015 	ldrh.w	r3, [sp, #21]
1000038e:	4602      	mov	r2, r0
10000390:	ba5b      	rev16	r3, r3
10000392:	b29b      	uxth	r3, r3
10000394:	ee07 3a90 	vmov	s15, r3
10000398:	eef8 7ae7 	vcvt.f32.s32	s15, s15
1000039c:	ee67 7a88 	vmul.f32	s15, s15, s16
100003a0:	460b      	mov	r3, r1
100003a2:	ee17 0a90 	vmov	r0, s15
100003a6:	e9cd 2302 	strd	r2, r3, [sp, #8]
100003aa:	f006 f811 	bl	100063d0 <____aeabi_f2d_veneer>
100003ae:	e9dd 2302 	ldrd	r2, r3, [sp, #8]
100003b2:	4606      	mov	r6, r0
100003b4:	460f      	mov	r7, r1
100003b6:	4829      	ldr	r0, [pc, #164]	; (1000045c <main+0x27c>)
100003b8:	e9cd 6700 	strd	r6, r7, [sp]
100003bc:	f003 fc94 	bl	10003ce8 <__wrap_printf>
100003c0:	e736      	b.n	10000230 <main+0x50>
100003c2:	4822      	ldr	r0, [pc, #136]	; (1000044c <main+0x26c>)
100003c4:	f003 fc12 	bl	10003bec <__wrap_puts>
100003c8:	e730      	b.n	1000022c <main+0x4c>
100003ca:	4620      	mov	r0, r4
100003cc:	f003 fc0e 	bl	10003bec <__wrap_puts>
100003d0:	e72c      	b.n	1000022c <main+0x4c>
100003d2:	f89d 3012 	ldrb.w	r3, [sp, #18]
100003d6:	2b03      	cmp	r3, #3
100003d8:	f67f af28 	bls.w	1000022c <main+0x4c>
100003dc:	f8bd 0013 	ldrh.w	r0, [sp, #19]
100003e0:	ba40      	rev16	r0, r0
100003e2:	b280      	uxth	r0, r0
100003e4:	ee07 0a90 	vmov	s15, r0
100003e8:	eefa 7aee 	vcvt.f32.s32	s15, s15, #3
100003ec:	ee17 0a90 	vmov	r0, s15
100003f0:	f005 ffee 	bl	100063d0 <____aeabi_f2d_veneer>
100003f4:	f8bd 3015 	ldrh.w	r3, [sp, #21]
100003f8:	4602      	mov	r2, r0
100003fa:	ba5b      	rev16	r3, r3
100003fc:	b29b      	uxth	r3, r3
100003fe:	ee07 3a90 	vmov	s15, r3
10000402:	eef8 7ae7 	vcvt.f32.s32	s15, s15
10000406:	ee67 7a88 	vmul.f32	s15, s15, s16
1000040a:	460b      	mov	r3, r1
1000040c:	ee17 0a90 	vmov	r0, s15
10000410:	e9cd 2302 	strd	r2, r3, [sp, #8]
10000414:	f005 ffdc 	bl	100063d0 <____aeabi_f2d_veneer>
10000418:	e9dd 2302 	ldrd	r2, r3, [sp, #8]
1000041c:	4606      	mov	r6, r0
1000041e:	460f      	mov	r7, r1
10000420:	480e      	ldr	r0, [pc, #56]	; (1000045c <main+0x27c>)
10000422:	e9cd 6700 	strd	r6, r7, [sp]
10000426:	f003 fc5f 	bl	10003ce8 <__wrap_printf>
1000042a:	e6ff      	b.n	1000022c <main+0x4c>
1000042c:	480c      	ldr	r0, [pc, #48]	; (10000460 <main+0x280>)
1000042e:	f003 fbdd 	bl	10003bec <__wrap_puts>
10000432:	2001      	movs	r0, #1
10000434:	b01d      	add	sp, #116	; 0x74
10000436:	ecbd 8b02 	vpop	{d8}
1000043a:	bdf0      	pop	{r4, r5, r6, r7, pc}
1000043c:	10006580 	.word	0x10006580
10000440:	3c23d70a 	.word	0x3c23d70a
10000444:	10006498 	.word	0x10006498
10000448:	1000652c 	.word	0x1000652c
1000044c:	10006550 	.word	0x10006550
10000450:	100064f0 	.word	0x100064f0
10000454:	10006510 	.word	0x10006510
10000458:	10006564 	.word	0x10006564
1000045c:	100064cc 	.word	0x100064cc
10000460:	10006488 	.word	0x10006488

10000464 <_ZN3psa7Mcp25157setModeEh>:
10000464:	e92d 47f0 	stmdb	sp!, {r4, r5, r6, r7, r8, r9, sl, lr}
10000468:	2600      	movs	r6, #0
1000046a:	4604      	mov	r4, r0
1000046c:	4688      	mov	r8, r1
1000046e:	79c3      	ldrb	r3, [r0, #7]
10000470:	b082      	sub	sp, #8
10000472:	ec46 3040 	gpioc_bit_out_put r3, r6
10000476:	23e0      	movs	r3, #224	; 0xe0
10000478:	f640 7105 	movw	r1, #3845	; 0xf05
1000047c:	4607      	mov	r7, r0
1000047e:	f880 800f 	strb.w	r8, [r0, #15]
10000482:	8181      	strh	r1, [r0, #12]
10000484:	7383      	strb	r3, [r0, #14]
10000486:	f857 0b0c 	ldr.w	r0, [r7], #12
1000048a:	2204      	movs	r2, #4
1000048c:	4639      	mov	r1, r7
1000048e:	f005 ff97 	bl	100063c0 <__spi_write_blocking_veneer>
10000492:	f04f 0901 	mov.w	r9, #1
10000496:	79e3      	ldrb	r3, [r4, #7]
10000498:	ec49 3040 	gpioc_bit_out_put r3, r9
1000049c:	2528      	movs	r5, #40	; 0x28
1000049e:	f640 6a03 	movw	sl, #3587	; 0xe03
100004a2:	e005      	b.n	100004b0 <_ZN3psa7Mcp25157setModeEh+0x4c>
100004a4:	2001      	movs	r0, #1
100004a6:	f001 fa37 	bl	10001918 <sleep_ms>
100004aa:	3d01      	subs	r5, #1
100004ac:	d01f      	beq.n	100004ee <_ZN3psa7Mcp25157setModeEh+0x8a>
100004ae:	79e3      	ldrb	r3, [r4, #7]
100004b0:	ec46 3040 	gpioc_bit_out_put r3, r6
100004b4:	2202      	movs	r2, #2
100004b6:	4639      	mov	r1, r7
100004b8:	6820      	ldr	r0, [r4, #0]
100004ba:	f8a4 a00c 	strh.w	sl, [r4, #12]
100004be:	f005 ff7f 	bl	100063c0 <__spi_write_blocking_veneer>
100004c2:	2301      	movs	r3, #1
100004c4:	2100      	movs	r1, #0
100004c6:	6820      	ldr	r0, [r4, #0]
100004c8:	f10d 0207 	add.w	r2, sp, #7
100004cc:	f88d 6007 	strb.w	r6, [sp, #7]
100004d0:	f005 ff6e 	bl	100063b0 <__spi_read_blocking_veneer>
100004d4:	79e3      	ldrb	r3, [r4, #7]
100004d6:	ec49 3040 	gpioc_bit_out_put r3, r9
100004da:	f89d 3007 	ldrb.w	r3, [sp, #7]
100004de:	f003 03e0 	and.w	r3, r3, #224	; 0xe0
100004e2:	4598      	cmp	r8, r3
100004e4:	d1de      	bne.n	100004a4 <_ZN3psa7Mcp25157setModeEh+0x40>
100004e6:	2000      	movs	r0, #0
100004e8:	b002      	add	sp, #8
100004ea:	e8bd 87f0 	ldmia.w	sp!, {r4, r5, r6, r7, r8, r9, sl, pc}
100004ee:	2001      	movs	r0, #1
100004f0:	b002      	add	sp, #8
100004f2:	e8bd 87f0 	ldmia.w	sp!, {r4, r5, r6, r7, r8, r9, sl, pc}
100004f6:	bf00      	nop

100004f8 <_ZN3psa7Mcp251517setSnifferFiltersEv>:
100004f8:	e92d 43f0 	stmdb	sp!, {r4, r5, r6, r7, r8, r9, lr}
100004fc:	2600      	movs	r6, #0
100004fe:	b083      	sub	sp, #12
10000500:	4604      	mov	r4, r0
10000502:	9601      	str	r6, [sp, #4]
10000504:	79c3      	ldrb	r3, [r0, #7]
10000506:	ec46 3040 	gpioc_bit_out_put r3, r6
1000050a:	f242 0302 	movw	r3, #8194	; 0x2002
1000050e:	f100 070c 	add.w	r7, r0, #12
10000512:	4639      	mov	r1, r7
10000514:	2202      	movs	r2, #2
10000516:	6800      	ldr	r0, [r0, #0]
10000518:	81a3      	strh	r3, [r4, #12]
1000051a:	f005 ff51 	bl	100063c0 <__spi_write_blocking_veneer>
1000051e:	2204      	movs	r2, #4
10000520:	6820      	ldr	r0, [r4, #0]
10000522:	eb0d 0102 	add.w	r1, sp, r2
10000526:	f005 ff4b 	bl	100063c0 <__spi_write_blocking_veneer>
1000052a:	2501      	movs	r5, #1
1000052c:	79e3      	ldrb	r3, [r4, #7]
1000052e:	ec45 3040 	gpioc_bit_out_put r3, r5
10000532:	ec46 3040 	gpioc_bit_out_put r3, r6
10000536:	f242 4302 	movw	r3, #9218	; 0x2402
1000053a:	4639      	mov	r1, r7
1000053c:	81a3      	strh	r3, [r4, #12]
1000053e:	2202      	movs	r2, #2
10000540:	6820      	ldr	r0, [r4, #0]
10000542:	f005 ff3d 	bl	100063c0 <__spi_write_blocking_veneer>
10000546:	2204      	movs	r2, #4
10000548:	6820      	ldr	r0, [r4, #0]
1000054a:	eb0d 0102 	add.w	r1, sp, r2
1000054e:	f005 ff37 	bl	100063c0 <__spi_write_blocking_veneer>
10000552:	79e3      	ldrb	r3, [r4, #7]
10000554:	ec45 3040 	gpioc_bit_out_put r3, r5
10000558:	f04f 0902 	mov.w	r9, #2
1000055c:	4d0f      	ldr	r5, [pc, #60]	; (1000059c <_ZN3psa7Mcp251517setSnifferFiltersEv+0xa4>)
1000055e:	f105 0806 	add.w	r8, r5, #6
10000562:	f815 cb01 	ldrb.w	ip, [r5], #1
10000566:	ec46 3040 	gpioc_bit_out_put r3, r6
1000056a:	2202      	movs	r2, #2
1000056c:	4639      	mov	r1, r7
1000056e:	f884 c00d 	strb.w	ip, [r4, #13]
10000572:	6820      	ldr	r0, [r4, #0]
10000574:	f884 900c 	strb.w	r9, [r4, #12]
10000578:	f005 ff22 	bl	100063c0 <__spi_write_blocking_veneer>
1000057c:	2204      	movs	r2, #4
1000057e:	6820      	ldr	r0, [r4, #0]
10000580:	eb0d 0102 	add.w	r1, sp, r2
10000584:	f005 ff1c 	bl	100063c0 <__spi_write_blocking_veneer>
10000588:	2201      	movs	r2, #1
1000058a:	79e3      	ldrb	r3, [r4, #7]
1000058c:	ec42 3040 	gpioc_bit_out_put r3, r2
10000590:	4545      	cmp	r5, r8
10000592:	d1e6      	bne.n	10000562 <_ZN3psa7Mcp251517setSnifferFiltersEv+0x6a>
10000594:	b003      	add	sp, #12
10000596:	e8bd 83f0 	ldmia.w	sp!, {r4, r5, r6, r7, r8, r9, pc}
1000059a:	bf00      	nop
1000059c:	100065b0 	.word	0x100065b0

100005a0 <_ZN3psa7Mcp25154initENS_10CanBitrateE>:
100005a0:	e92d 41f0 	stmdb	sp!, {r4, r5, r6, r7, r8, lr}
100005a4:	4604      	mov	r4, r0
100005a6:	460f      	mov	r7, r1
100005a8:	6800      	ldr	r0, [r0, #0]
100005aa:	495c      	ldr	r1, [pc, #368]	; (1000071c <_ZN3psa7Mcp25154initENS_10CanBitrateE+0x17c>)
100005ac:	f005 fe1e 	bl	100061ec <spi_init>
100005b0:	6822      	ldr	r2, [r4, #0]
100005b2:	f04f 0e02 	mov.w	lr, #2
100005b6:	4613      	mov	r3, r2
100005b8:	2501      	movs	r5, #1
100005ba:	f853 0f04 	ldr.w	r0, [r3, #4]!
100005be:	f502 5680 	add.w	r6, r2, #4096	; 0x1000
100005c2:	f503 5c40 	add.w	ip, r3, #12288	; 0x3000
100005c6:	f8cc e000 	str.w	lr, [ip]
100005ca:	6812      	ldr	r2, [r2, #0]
100005cc:	ea00 000e 	and.w	r0, r0, lr
100005d0:	f082 0207 	eor.w	r2, r2, #7
100005d4:	f503 5300 	add.w	r3, r3, #8192	; 0x2000
100005d8:	f002 02cf 	and.w	r2, r2, #207	; 0xcf
100005dc:	6032      	str	r2, [r6, #0]
100005de:	6018      	str	r0, [r3, #0]
100005e0:	4629      	mov	r1, r5
100005e2:	7920      	ldrb	r0, [r4, #4]
100005e4:	f000 f992 	bl	1000090c <gpio_set_function>
100005e8:	4629      	mov	r1, r5
100005ea:	7960      	ldrb	r0, [r4, #5]
100005ec:	f000 f98e 	bl	1000090c <gpio_set_function>
100005f0:	4629      	mov	r1, r5
100005f2:	79a0      	ldrb	r0, [r4, #6]
100005f4:	f000 f98a 	bl	1000090c <gpio_set_function>
100005f8:	79e0      	ldrb	r0, [r4, #7]
100005fa:	f000 f9bf 	bl	1000097c <gpio_init>
100005fe:	79e3      	ldrb	r3, [r4, #7]
10000600:	ec45 3044 	gpioc_bit_oe_put r3, r5
10000604:	ec45 3040 	gpioc_bit_out_put r3, r5
10000608:	7a20      	ldrb	r0, [r4, #8]
1000060a:	f000 f9b7 	bl	1000097c <gpio_init>
1000060e:	2600      	movs	r6, #0
10000610:	7a20      	ldrb	r0, [r4, #8]
10000612:	ec46 0044 	gpioc_bit_oe_put r0, r6
10000616:	4632      	mov	r2, r6
10000618:	4629      	mov	r1, r5
1000061a:	f000 f995 	bl	10000948 <gpio_set_pulls>
1000061e:	79e3      	ldrb	r3, [r4, #7]
10000620:	ec46 3040 	gpioc_bit_out_put r3, r6
10000624:	23c0      	movs	r3, #192	; 0xc0
10000626:	46a0      	mov	r8, r4
10000628:	7323      	strb	r3, [r4, #12]
1000062a:	f858 0b0c 	ldr.w	r0, [r8], #12
1000062e:	462a      	mov	r2, r5
10000630:	4641      	mov	r1, r8
10000632:	f005 fec5 	bl	100063c0 <__spi_write_blocking_veneer>
10000636:	79e3      	ldrb	r3, [r4, #7]
10000638:	ec45 3040 	gpioc_bit_out_put r3, r5
1000063c:	200a      	movs	r0, #10
1000063e:	f001 f96b 	bl	10001918 <sleep_ms>
10000642:	2180      	movs	r1, #128	; 0x80
10000644:	4620      	mov	r0, r4
10000646:	f7ff ff0d 	bl	10000464 <_ZN3psa7Mcp25157setModeEh>
1000064a:	2800      	cmp	r0, #0
1000064c:	d161      	bne.n	10000712 <_ZN3psa7Mcp25154initENS_10CanBitrateE+0x172>
1000064e:	4a34      	ldr	r2, [pc, #208]	; (10000720 <_ZN3psa7Mcp25154initENS_10CanBitrateE+0x180>)
10000650:	42af      	cmp	r7, r5
10000652:	bf0c      	ite	eq
10000654:	2300      	moveq	r3, #0
10000656:	462b      	movne	r3, r5
10000658:	4f32      	ldr	r7, [pc, #200]	; (10000724 <_ZN3psa7Mcp25154initENS_10CanBitrateE+0x184>)
1000065a:	4606      	mov	r6, r0
1000065c:	bf18      	it	ne
1000065e:	4617      	movne	r7, r2
10000660:	79e2      	ldrb	r2, [r4, #7]
10000662:	ec40 2040 	gpioc_bit_out_put r2, r0
10000666:	73a3      	strb	r3, [r4, #14]
10000668:	f642 2302 	movw	r3, #10754	; 0x2a02
1000066c:	2203      	movs	r2, #3
1000066e:	81a3      	strh	r3, [r4, #12]
10000670:	4641      	mov	r1, r8
10000672:	6820      	ldr	r0, [r4, #0]
10000674:	f005 fea4 	bl	100063c0 <__spi_write_blocking_veneer>
10000678:	79e3      	ldrb	r3, [r4, #7]
1000067a:	ec45 3040 	gpioc_bit_out_put r3, r5
1000067e:	787a      	ldrb	r2, [r7, #1]
10000680:	ec46 3040 	gpioc_bit_out_put r3, r6
10000684:	f642 1302 	movw	r3, #10498	; 0x2902
10000688:	73a2      	strb	r2, [r4, #14]
1000068a:	81a3      	strh	r3, [r4, #12]
1000068c:	2203      	movs	r2, #3
1000068e:	4641      	mov	r1, r8
10000690:	6820      	ldr	r0, [r4, #0]
10000692:	f005 fe95 	bl	100063c0 <__spi_write_blocking_veneer>
10000696:	79e3      	ldrb	r3, [r4, #7]
10000698:	ec45 3040 	gpioc_bit_out_put r3, r5
1000069c:	78ba      	ldrb	r2, [r7, #2]
1000069e:	ec46 3040 	gpioc_bit_out_put r3, r6
100006a2:	f642 0302 	movw	r3, #10242	; 0x2802
100006a6:	73a2      	strb	r2, [r4, #14]
100006a8:	81a3      	strh	r3, [r4, #12]
100006aa:	2203      	movs	r2, #3
100006ac:	4641      	mov	r1, r8
100006ae:	6820      	ldr	r0, [r4, #0]
100006b0:	f005 fe86 	bl	100063c0 <__spi_write_blocking_veneer>
100006b4:	79e3      	ldrb	r3, [r4, #7]
100006b6:	ec45 3040 	gpioc_bit_out_put r3, r5
100006ba:	ec46 3040 	gpioc_bit_out_put r3, r6
100006be:	f642 3302 	movw	r3, #11010	; 0x2b02
100006c2:	2203      	movs	r2, #3
100006c4:	81a3      	strh	r3, [r4, #12]
100006c6:	4641      	mov	r1, r8
100006c8:	6820      	ldr	r0, [r4, #0]
100006ca:	73a2      	strb	r2, [r4, #14]
100006cc:	f005 fe78 	bl	100063c0 <__spi_write_blocking_veneer>
100006d0:	79e3      	ldrb	r3, [r4, #7]
100006d2:	ec45 3040 	gpioc_bit_out_put r3, r5
100006d6:	ec46 3040 	gpioc_bit_out_put r3, r6
100006da:	4b13      	ldr	r3, [pc, #76]	; (10000728 <_ZN3psa7Mcp25154initENS_10CanBitrateE+0x188>)
100006dc:	2204      	movs	r2, #4
100006de:	60e3      	str	r3, [r4, #12]
100006e0:	4641      	mov	r1, r8
100006e2:	6820      	ldr	r0, [r4, #0]
100006e4:	f005 fe6c 	bl	100063c0 <__spi_write_blocking_veneer>
100006e8:	79e3      	ldrb	r3, [r4, #7]
100006ea:	ec45 3040 	gpioc_bit_out_put r3, r5
100006ee:	ec46 3040 	gpioc_bit_out_put r3, r6
100006f2:	4b0e      	ldr	r3, [pc, #56]	; (1000072c <_ZN3psa7Mcp25154initENS_10CanBitrateE+0x18c>)
100006f4:	4641      	mov	r1, r8
100006f6:	60e3      	str	r3, [r4, #12]
100006f8:	2204      	movs	r2, #4
100006fa:	6820      	ldr	r0, [r4, #0]
100006fc:	f005 fe60 	bl	100063c0 <__spi_write_blocking_veneer>
10000700:	79e3      	ldrb	r3, [r4, #7]
10000702:	ec45 3040 	gpioc_bit_out_put r3, r5
10000706:	4620      	mov	r0, r4
10000708:	f7ff fef6 	bl	100004f8 <_ZN3psa7Mcp251517setSnifferFiltersEv>
1000070c:	4630      	mov	r0, r6
1000070e:	e8bd 81f0 	ldmia.w	sp!, {r4, r5, r6, r7, r8, pc}
10000712:	462e      	mov	r6, r5
10000714:	4630      	mov	r0, r6
10000716:	e8bd 81f0 	ldmia.w	sp!, {r4, r5, r6, r7, r8, pc}
1000071a:	bf00      	nop
1000071c:	007a1200 	.word	0x007a1200
10000720:	100065a8 	.word	0x100065a8
10000724:	100065ac 	.word	0x100065ac
10000728:	04646005 	.word	0x04646005
1000072c:	00607005 	.word	0x00607005

10000730 <_ZN3psa7Mcp251513setNormalModeEv>:
10000730:	2100      	movs	r1, #0
10000732:	f7ff be97 	b.w	10000464 <_ZN3psa7Mcp25157setModeEh>
10000736:	bf00      	nop

10000738 <_ZN3psa7Mcp251517setListenOnlyModeEv>:
10000738:	2160      	movs	r1, #96	; 0x60
1000073a:	f7ff be93 	b.w	10000464 <_ZN3psa7Mcp25157setModeEh>
1000073e:	bf00      	nop

10000740 <_ZN3psa7Mcp25155hasRxEv>:
10000740:	f04f 4250 	mov.w	r2, #3489660928	; 0xd0000000
10000744:	2301      	movs	r3, #1
10000746:	7a01      	ldrb	r1, [r0, #8]
10000748:	6852      	ldr	r2, [r2, #4]
1000074a:	408b      	lsls	r3, r1
1000074c:	4213      	tst	r3, r2
1000074e:	bf0c      	ite	eq
10000750:	2001      	moveq	r0, #1
10000752:	2000      	movne	r0, #0
10000754:	4770      	bx	lr
10000756:	bf00      	nop

10000758 <_ZN3psa7Mcp25154readERNS_8CanFrameE>:
10000758:	e92d 43f0 	stmdb	sp!, {r4, r5, r6, r7, r8, r9, lr}
1000075c:	2700      	movs	r7, #0
1000075e:	b087      	sub	sp, #28
10000760:	4604      	mov	r4, r0
10000762:	460e      	mov	r6, r1
10000764:	79c3      	ldrb	r3, [r0, #7]
10000766:	f88d 700f 	strb.w	r7, [sp, #15]
1000076a:	ec47 3040 	gpioc_bit_out_put r3, r7
1000076e:	23a0      	movs	r3, #160	; 0xa0
10000770:	4605      	mov	r5, r0
10000772:	7303      	strb	r3, [r0, #12]
10000774:	f855 0b0c 	ldr.w	r0, [r5], #12
10000778:	2201      	movs	r2, #1
1000077a:	4629      	mov	r1, r5
1000077c:	f005 fe20 	bl	100063c0 <__spi_write_blocking_veneer>
10000780:	f10d 020f 	add.w	r2, sp, #15
10000784:	2301      	movs	r3, #1
10000786:	4639      	mov	r1, r7
10000788:	6820      	ldr	r0, [r4, #0]
1000078a:	f005 fe11 	bl	100063b0 <__spi_read_blocking_veneer>
1000078e:	2301      	movs	r3, #1
10000790:	79e2      	ldrb	r2, [r4, #7]
10000792:	ec43 2040 	gpioc_bit_out_put r2, r3
10000796:	f89d 300f 	ldrb.w	r3, [sp, #15]
1000079a:	f013 0701 	ands.w	r7, r3, #1
1000079e:	d16e      	bne.n	1000087e <_ZN3psa7Mcp25154readERNS_8CanFrameE+0x126>
100007a0:	079b      	lsls	r3, r3, #30
100007a2:	d570      	bpl.n	10000886 <_ZN3psa7Mcp25154readERNS_8CanFrameE+0x12e>
100007a4:	2702      	movs	r7, #2
100007a6:	f04f 0876 	mov.w	r8, #118	; 0x76
100007aa:	2371      	movs	r3, #113	; 0x71
100007ac:	f04f 0900 	mov.w	r9, #0
100007b0:	ec49 2040 	gpioc_bit_out_put r2, r9
100007b4:	7363      	strb	r3, [r4, #13]
100007b6:	2303      	movs	r3, #3
100007b8:	4629      	mov	r1, r5
100007ba:	7323      	strb	r3, [r4, #12]
100007bc:	2202      	movs	r2, #2
100007be:	6820      	ldr	r0, [r4, #0]
100007c0:	f005 fdfe 	bl	100063c0 <__spi_write_blocking_veneer>
100007c4:	aa04      	add	r2, sp, #16
100007c6:	4649      	mov	r1, r9
100007c8:	2305      	movs	r3, #5
100007ca:	6820      	ldr	r0, [r4, #0]
100007cc:	f005 fdf0 	bl	100063b0 <__spi_read_blocking_veneer>
100007d0:	2201      	movs	r2, #1
100007d2:	79e3      	ldrb	r3, [r4, #7]
100007d4:	ec42 3040 	gpioc_bit_out_put r3, r2
100007d8:	f89d 2011 	ldrb.w	r2, [sp, #17]
100007dc:	f89d 1010 	ldrb.w	r1, [sp, #16]
100007e0:	f002 0308 	and.w	r3, r2, #8
100007e4:	454b      	cmp	r3, r9
100007e6:	ea4f 1352 	mov.w	r3, r2, lsr #5
100007ea:	ea43 03c1 	orr.w	r3, r3, r1, lsl #3
100007ee:	bf14      	ite	ne
100007f0:	2101      	movne	r1, #1
100007f2:	4649      	moveq	r1, r9
100007f4:	d136      	bne.n	10000864 <_ZN3psa7Mcp25154readERNS_8CanFrameE+0x10c>
100007f6:	8033      	strh	r3, [r6, #0]
100007f8:	f89d 3014 	ldrb.w	r3, [sp, #20]
100007fc:	7331      	strb	r1, [r6, #12]
100007fe:	f003 030f 	and.w	r3, r3, #15
10000802:	2b08      	cmp	r3, #8
10000804:	bf88      	it	hi
10000806:	2308      	movhi	r3, #8
10000808:	70b3      	strb	r3, [r6, #2]
1000080a:	f04f 0900 	mov.w	r9, #0
1000080e:	79e2      	ldrb	r2, [r4, #7]
10000810:	9301      	str	r3, [sp, #4]
10000812:	ec49 2040 	gpioc_bit_out_put r2, r9
10000816:	2203      	movs	r2, #3
10000818:	4629      	mov	r1, r5
1000081a:	7322      	strb	r2, [r4, #12]
1000081c:	6820      	ldr	r0, [r4, #0]
1000081e:	2202      	movs	r2, #2
10000820:	f884 800d 	strb.w	r8, [r4, #13]
10000824:	f005 fdcc 	bl	100063c0 <__spi_write_blocking_veneer>
10000828:	9b01      	ldr	r3, [sp, #4]
1000082a:	1cf2      	adds	r2, r6, #3
1000082c:	4649      	mov	r1, r9
1000082e:	6820      	ldr	r0, [r4, #0]
10000830:	f005 fdbe 	bl	100063b0 <__spi_read_blocking_veneer>
10000834:	2601      	movs	r6, #1
10000836:	79e3      	ldrb	r3, [r4, #7]
10000838:	ec46 3040 	gpioc_bit_out_put r3, r6
1000083c:	ec49 3040 	gpioc_bit_out_put r3, r9
10000840:	f642 4305 	movw	r3, #11269	; 0x2c05
10000844:	2204      	movs	r2, #4
10000846:	81a3      	strh	r3, [r4, #12]
10000848:	4629      	mov	r1, r5
1000084a:	6820      	ldr	r0, [r4, #0]
1000084c:	73a7      	strb	r7, [r4, #14]
1000084e:	f884 900f 	strb.w	r9, [r4, #15]
10000852:	f005 fdb5 	bl	100063c0 <__spi_write_blocking_veneer>
10000856:	79e3      	ldrb	r3, [r4, #7]
10000858:	ec46 3040 	gpioc_bit_out_put r3, r6
1000085c:	4648      	mov	r0, r9
1000085e:	b007      	add	sp, #28
10000860:	e8bd 83f0 	ldmia.w	sp!, {r4, r5, r6, r7, r8, r9, pc}
10000864:	f002 0203 	and.w	r2, r2, #3
10000868:	ea42 0383 	orr.w	r3, r2, r3, lsl #2
1000086c:	f89d 2012 	ldrb.w	r2, [sp, #18]
10000870:	ea42 2203 	orr.w	r2, r2, r3, lsl #8
10000874:	f89d 3013 	ldrb.w	r3, [sp, #19]
10000878:	ea43 2302 	orr.w	r3, r3, r2, lsl #8
1000087c:	e7bb      	b.n	100007f6 <_ZN3psa7Mcp25154readERNS_8CanFrameE+0x9e>
1000087e:	f04f 0866 	mov.w	r8, #102	; 0x66
10000882:	2361      	movs	r3, #97	; 0x61
10000884:	e792      	b.n	100007ac <_ZN3psa7Mcp25154readERNS_8CanFrameE+0x54>
10000886:	2002      	movs	r0, #2
10000888:	b007      	add	sp, #28
1000088a:	e8bd 83f0 	ldmia.w	sp!, {r4, r5, r6, r7, r8, r9, pc}
1000088e:	bf00      	nop

10000890 <_ZN3psa10CanManager4initERKNS_11DualCanPinsEb>:
10000890:	b570      	push	{r4, r5, r6, lr}
10000892:	4604      	mov	r4, r0
10000894:	f100 051c 	add.w	r5, r0, #28
10000898:	f101 030c 	add.w	r3, r1, #12
1000089c:	4616      	mov	r6, r2
1000089e:	c907      	ldmia	r1, {r0, r1, r2}
100008a0:	e884 0007 	stmia.w	r4, {r0, r1, r2}
100008a4:	e893 0007 	ldmia.w	r3, {r0, r1, r2}
100008a8:	e885 0007 	stmia.w	r5, {r0, r1, r2}
100008ac:	2101      	movs	r1, #1
100008ae:	4620      	mov	r0, r4
100008b0:	f7ff fe76 	bl	100005a0 <_ZN3psa7Mcp25154initENS_10CanBitrateE>
100008b4:	b108      	cbz	r0, 100008ba <_ZN3psa10CanManager4initERKNS_11DualCanPinsEb+0x2a>
100008b6:	2000      	movs	r0, #0
100008b8:	bd70      	pop	{r4, r5, r6, pc}
100008ba:	4601      	mov	r1, r0
100008bc:	4628      	mov	r0, r5
100008be:	f7ff fe6f 	bl	100005a0 <_ZN3psa7Mcp25154initENS_10CanBitrateE>
100008c2:	2800      	cmp	r0, #0
100008c4:	d1f7      	bne.n	100008b6 <_ZN3psa10CanManager4initERKNS_11DualCanPinsEb+0x26>
100008c6:	4620      	mov	r0, r4
100008c8:	b156      	cbz	r6, 100008e0 <_ZN3psa10CanManager4initERKNS_11DualCanPinsEb+0x50>
100008ca:	f7ff ff35 	bl	10000738 <_ZN3psa7Mcp251517setListenOnlyModeEv>
100008ce:	2800      	cmp	r0, #0
100008d0:	d1f1      	bne.n	100008b6 <_ZN3psa10CanManager4initERKNS_11DualCanPinsEb+0x26>
100008d2:	4628      	mov	r0, r5
100008d4:	f7ff ff30 	bl	10000738 <_ZN3psa7Mcp251517setListenOnlyModeEv>
100008d8:	fab0 f080 	clz	r0, r0
100008dc:	0940      	lsrs	r0, r0, #5
100008de:	bd70      	pop	{r4, r5, r6, pc}
100008e0:	f7ff ff26 	bl	10000730 <_ZN3psa7Mcp251513setNormalModeEv>
100008e4:	2800      	cmp	r0, #0
100008e6:	d1e6      	bne.n	100008b6 <_ZN3psa10CanManager4initERKNS_11DualCanPinsEb+0x26>
100008e8:	4628      	mov	r0, r5
100008ea:	f7ff ff21 	bl	10000730 <_ZN3psa7Mcp251513setNormalModeEv>
100008ee:	fab0 f080 	clz	r0, r0
100008f2:	0940      	lsrs	r0, r0, #5
100008f4:	bd70      	pop	{r4, r5, r6, pc}
100008f6:	bf00      	nop

100008f8 <_ZNK3psa10CanManager5hasRxENS_3BusE>:
100008f8:	b101      	cbz	r1, 100008fc <_ZNK3psa10CanManager5hasRxENS_3BusE+0x4>
100008fa:	301c      	adds	r0, #28
100008fc:	f7ff bf20 	b.w	10000740 <_ZN3psa7Mcp25155hasRxEv>

10000900 <_ZN3psa10CanManager4readENS_3BusERNS_8CanFrameE>:
10000900:	b101      	cbz	r1, 10000904 <_ZN3psa10CanManager4readENS_3BusERNS_8CanFrameE+0x4>
10000902:	301c      	adds	r0, #28
10000904:	4611      	mov	r1, r2
10000906:	f7ff bf27 	b.w	10000758 <_ZN3psa7Mcp25154readERNS_8CanFrameE>
1000090a:	bf00      	nop

1000090c <gpio_set_function>:
1000090c:	b410      	push	{r4}
1000090e:	f44f 7480 	mov.w	r4, #256	; 0x100
10000912:	4b0c      	ldr	r3, [pc, #48]	; (10000944 <gpio_set_function+0x38>)
10000914:	f853 2020 	ldr.w	r2, [r3, r0, lsl #2]
10000918:	eb03 0380 	add.w	r3, r3, r0, lsl #2
1000091c:	00c0      	lsls	r0, r0, #3
1000091e:	f082 0240 	eor.w	r2, r2, #64	; 0x40
10000922:	f100 4080 	add.w	r0, r0, #1073741824	; 0x40000000
10000926:	f503 5c80 	add.w	ip, r3, #4096	; 0x1000
1000092a:	f002 02c0 	and.w	r2, r2, #192	; 0xc0
1000092e:	f500 3020 	add.w	r0, r0, #163840	; 0x28000
10000932:	f503 5340 	add.w	r3, r3, #12288	; 0x3000
10000936:	f8cc 2000 	str.w	r2, [ip]
1000093a:	6041      	str	r1, [r0, #4]
1000093c:	601c      	str	r4, [r3, #0]
1000093e:	f85d 4b04 	ldr.w	r4, [sp], #4
10000942:	4770      	bx	lr
10000944:	40038004 	.word	0x40038004

10000948 <gpio_set_pulls>:
10000948:	2900      	cmp	r1, #0
1000094a:	bf15      	itete	ne
1000094c:	210c      	movne	r1, #12
1000094e:	2104      	moveq	r1, #4
10000950:	f04f 0c08 	movne.w	ip, #8
10000954:	f04f 0c00 	moveq.w	ip, #0
10000958:	2a00      	cmp	r2, #0
1000095a:	bf08      	it	eq
1000095c:	4661      	moveq	r1, ip
1000095e:	4b06      	ldr	r3, [pc, #24]	; (10000978 <gpio_set_pulls+0x30>)
10000960:	f853 2020 	ldr.w	r2, [r3, r0, lsl #2]
10000964:	eb03 0380 	add.w	r3, r3, r0, lsl #2
10000968:	404a      	eors	r2, r1
1000096a:	f503 5380 	add.w	r3, r3, #4096	; 0x1000
1000096e:	f002 020c 	and.w	r2, r2, #12
10000972:	601a      	str	r2, [r3, #0]
10000974:	4770      	bx	lr
10000976:	bf00      	nop
10000978:	40038004 	.word	0x40038004

1000097c <gpio_init>:
1000097c:	b430      	push	{r4, r5}
1000097e:	2300      	movs	r3, #0
10000980:	ec43 0044 	gpioc_bit_oe_put r0, r3
10000984:	ec43 0040 	gpioc_bit_out_put r0, r3
10000988:	2505      	movs	r5, #5
1000098a:	f44f 7480 	mov.w	r4, #256	; 0x100
1000098e:	4b0b      	ldr	r3, [pc, #44]	; (100009bc <gpio_init+0x40>)
10000990:	00c2      	lsls	r2, r0, #3
10000992:	f853 1020 	ldr.w	r1, [r3, r0, lsl #2]
10000996:	eb03 0080 	add.w	r0, r3, r0, lsl #2
1000099a:	f081 0140 	eor.w	r1, r1, #64	; 0x40
1000099e:	f102 4380 	add.w	r3, r2, #1073741824	; 0x40000000
100009a2:	f503 3320 	add.w	r3, r3, #163840	; 0x28000
100009a6:	f001 02c0 	and.w	r2, r1, #192	; 0xc0
100009aa:	f500 5180 	add.w	r1, r0, #4096	; 0x1000
100009ae:	f500 5040 	add.w	r0, r0, #12288	; 0x3000
100009b2:	600a      	str	r2, [r1, #0]
100009b4:	605d      	str	r5, [r3, #4]
100009b6:	6004      	str	r4, [r0, #0]
100009b8:	bc30      	pop	{r4, r5}
100009ba:	4770      	bx	lr
100009bc:	40038004 	.word	0x40038004

100009c0 <panic>:
100009c0:	b40f      	push	{r0, r1, r2, r3}
100009c2:	b500      	push	{lr}
100009c4:	b083      	sub	sp, #12
100009c6:	9c04      	ldr	r4, [sp, #16]
100009c8:	4807      	ldr	r0, [pc, #28]	; (100009e8 <panic+0x28>)
100009ca:	f003 f90f 	bl	10003bec <__wrap_puts>
100009ce:	b13c      	cbz	r4, 100009e0 <panic+0x20>
100009d0:	a905      	add	r1, sp, #20
100009d2:	4620      	mov	r0, r4
100009d4:	9101      	str	r1, [sp, #4]
100009d6:	f002 ff87 	bl	100038e8 <weak_raw_vprintf>
100009da:	4804      	ldr	r0, [pc, #16]	; (100009ec <panic+0x2c>)
100009dc:	f003 f906 	bl	10003bec <__wrap_puts>
100009e0:	2001      	movs	r0, #1
100009e2:	f002 ff99 	bl	10003918 <_exit>
100009e6:	bf00      	nop
100009e8:	100065b8 	.word	0x100065b8
100009ec:	100064ec 	.word	0x100064ec

100009f0 <hw_claim_or_assert>:
100009f0:	b570      	push	{r4, r5, r6, lr}
100009f2:	f3ef 8510 	mrs	r5, PRIMASK
100009f6:	b672      	cpsid	i
100009f8:	4c13      	ldr	r4, [pc, #76]	; (10000a48 <hw_claim_or_assert+0x58>)
100009fa:	e8d4 cfcf 	ldaexb	ip, [r4]
100009fe:	2601      	movs	r6, #1
10000a00:	f1bc 0f00 	cmp.w	ip, #0
10000a04:	d1f9      	bne.n	100009fa <hw_claim_or_assert+0xa>
10000a06:	e8c4 6f4c 	strexb	ip, r6, [r4]
10000a0a:	f1bc 0f00 	cmp.w	ip, #0
10000a0e:	d1f4      	bne.n	100009fa <hw_claim_or_assert+0xa>
10000a10:	f3bf 8f5f 	dmb	sy
10000a14:	f04f 0c01 	mov.w	ip, #1
10000a18:	ea4f 0ed1 	mov.w	lr, r1, lsr #3
10000a1c:	f001 0307 	and.w	r3, r1, #7
10000a20:	fa0c f303 	lsl.w	r3, ip, r3
10000a24:	f810 c00e 	ldrb.w	ip, [r0, lr]
10000a28:	ea1c 0603 	ands.w	r6, ip, r3
10000a2c:	d108      	bne.n	10000a40 <hw_claim_or_assert+0x50>
10000a2e:	ea4c 0303 	orr.w	r3, ip, r3
10000a32:	f800 300e 	strb.w	r3, [r0, lr]
10000a36:	e8c4 6f8f 	stlb	r6, [r4]
10000a3a:	f385 8810 	msr	PRIMASK, r5
10000a3e:	bd70      	pop	{r4, r5, r6, pc}
10000a40:	4610      	mov	r0, r2
10000a42:	f7ff ffbd 	bl	100009c0 <panic>
10000a46:	bf00      	nop
10000a48:	20001b0f 	.word	0x20001b0f

10000a4c <hw_claim_unused_from_range>:
10000a4c:	b5f8      	push	{r3, r4, r5, r6, r7, lr}
10000a4e:	f3ef 8510 	mrs	r5, PRIMASK
10000a52:	b672      	cpsid	i
10000a54:	4c23      	ldr	r4, [pc, #140]	; (10000ae4 <hw_claim_unused_from_range+0x98>)
10000a56:	e8d4 7fcf 	ldaexb	r7, [r4]
10000a5a:	2601      	movs	r6, #1
10000a5c:	2f00      	cmp	r7, #0
10000a5e:	d1fa      	bne.n	10000a56 <hw_claim_unused_from_range+0xa>
10000a60:	e8c4 6f47 	strexb	r7, r6, [r4]
10000a64:	2f00      	cmp	r7, #0
10000a66:	d1f6      	bne.n	10000a56 <hw_claim_unused_from_range+0xa>
10000a68:	f3bf 8f5f 	dmb	sy
10000a6c:	429a      	cmp	r2, r3
10000a6e:	d827      	bhi.n	10000ac0 <hw_claim_unused_from_range+0x74>
10000a70:	2601      	movs	r6, #1
10000a72:	08d7      	lsrs	r7, r2, #3
10000a74:	f810 e007 	ldrb.w	lr, [r0, r7]
10000a78:	f002 0c07 	and.w	ip, r2, #7
10000a7c:	fa06 fc0c 	lsl.w	ip, r6, ip
10000a80:	ea1e 0f0c 	tst.w	lr, ip
10000a84:	eb00 07d2 	add.w	r7, r0, r2, lsr #3
10000a88:	d10d      	bne.n	10000aa6 <hw_claim_unused_from_range+0x5a>
10000a8a:	e025      	b.n	10000ad8 <hw_claim_unused_from_range+0x8c>
10000a8c:	ea4f 0ed2 	mov.w	lr, r2, lsr #3
10000a90:	f810 e00e 	ldrb.w	lr, [r0, lr]
10000a94:	f002 0c07 	and.w	ip, r2, #7
10000a98:	fa06 fc0c 	lsl.w	ip, r6, ip
10000a9c:	ea1e 0f0c 	tst.w	lr, ip
10000aa0:	eb00 07d2 	add.w	r7, r0, r2, lsr #3
10000aa4:	d018      	beq.n	10000ad8 <hw_claim_unused_from_range+0x8c>
10000aa6:	3201      	adds	r2, #1
10000aa8:	4293      	cmp	r3, r2
10000aaa:	d2ef      	bcs.n	10000a8c <hw_claim_unused_from_range+0x40>
10000aac:	f04f 30ff 	mov.w	r0, #4294967295
10000ab0:	2300      	movs	r3, #0
10000ab2:	e8c4 3f8f 	stlb	r3, [r4]
10000ab6:	f385 8810 	msr	PRIMASK, r5
10000aba:	4298      	cmp	r0, r3
10000abc:	db07      	blt.n	10000ace <hw_claim_unused_from_range+0x82>
10000abe:	bdf8      	pop	{r3, r4, r5, r6, r7, pc}
10000ac0:	2300      	movs	r3, #0
10000ac2:	e8c4 3f8f 	stlb	r3, [r4]
10000ac6:	f385 8810 	msr	PRIMASK, r5
10000aca:	f04f 30ff 	mov.w	r0, #4294967295
10000ace:	2900      	cmp	r1, #0
10000ad0:	d0f5      	beq.n	10000abe <hw_claim_unused_from_range+0x72>
10000ad2:	9806      	ldr	r0, [sp, #24]
10000ad4:	f7ff ff74 	bl	100009c0 <panic>
10000ad8:	ea4e 0c0c 	orr.w	ip, lr, ip
10000adc:	4610      	mov	r0, r2
10000ade:	f887 c000 	strb.w	ip, [r7]
10000ae2:	e7e5      	b.n	10000ab0 <hw_claim_unused_from_range+0x64>
10000ae4:	20001b0f 	.word	0x20001b0f

10000ae8 <next_striped_spin_lock_num>:
10000ae8:	4a04      	ldr	r2, [pc, #16]	; (10000afc <next_striped_spin_lock_num+0x14>)
10000aea:	7810      	ldrb	r0, [r2, #0]
10000aec:	1c43      	adds	r3, r0, #1
10000aee:	b2db      	uxtb	r3, r3
10000af0:	2b17      	cmp	r3, #23
10000af2:	bf88      	it	hi
10000af4:	2310      	movhi	r3, #16
10000af6:	7013      	strb	r3, [r2, #0]
10000af8:	4770      	bx	lr
10000afa:	bf00      	nop
10000afc:	200016f8 	.word	0x200016f8

10000b00 <spin_lock_claim_unused>:
10000b00:	b510      	push	{r4, lr}
10000b02:	4c05      	ldr	r4, [pc, #20]	; (10000b18 <spin_lock_claim_unused+0x18>)
10000b04:	b082      	sub	sp, #8
10000b06:	4601      	mov	r1, r0
10000b08:	231f      	movs	r3, #31
10000b0a:	2218      	movs	r2, #24
10000b0c:	9400      	str	r4, [sp, #0]
10000b0e:	4803      	ldr	r0, [pc, #12]	; (10000b1c <spin_lock_claim_unused+0x1c>)
10000b10:	f7ff ff9c 	bl	10000a4c <hw_claim_unused_from_range>
10000b14:	b002      	add	sp, #8
10000b16:	bd10      	pop	{r4, pc}
10000b18:	100065c8 	.word	0x100065c8
10000b1c:	20001c5c 	.word	0x20001c5c

10000b20 <spinlock_set_extexclall>:
10000b20:	f04f 22e0 	mov.w	r2, #3758153728	; 0xe000e000
10000b24:	6893      	ldr	r3, [r2, #8]
10000b26:	f043 5300 	orr.w	r3, r3, #536870912	; 0x20000000
10000b2a:	6093      	str	r3, [r2, #8]
10000b2c:	4770      	bx	lr
10000b2e:	bf00      	nop

10000b30 <spin_locks_reset>:
10000b30:	2100      	movs	r1, #0
10000b32:	4b04      	ldr	r3, [pc, #16]	; (10000b44 <spin_locks_reset+0x14>)
10000b34:	f103 0220 	add.w	r2, r3, #32
10000b38:	e8c3 1f8f 	stlb	r1, [r3]
10000b3c:	3301      	adds	r3, #1
10000b3e:	4293      	cmp	r3, r2
10000b40:	d1fa      	bne.n	10000b38 <spin_locks_reset+0x8>
10000b42:	4770      	bx	lr
10000b44:	20001b04 	.word	0x20001b04

10000b48 <runtime_init_per_core_irq_priorities>:
10000b48:	f04f 23e0 	mov.w	r3, #3758153728	; 0xe000e000
10000b4c:	f04f 3280 	mov.w	r2, #2155905152	; 0x80808080
10000b50:	f8c3 2400 	str.w	r2, [r3, #1024]	; 0x400
10000b54:	f8c3 2404 	str.w	r2, [r3, #1028]	; 0x404
10000b58:	f8c3 2408 	str.w	r2, [r3, #1032]	; 0x408
10000b5c:	f8c3 240c 	str.w	r2, [r3, #1036]	; 0x40c
10000b60:	f8c3 2410 	str.w	r2, [r3, #1040]	; 0x410
10000b64:	f8c3 2414 	str.w	r2, [r3, #1044]	; 0x414
10000b68:	f8c3 2418 	str.w	r2, [r3, #1048]	; 0x418
10000b6c:	f8c3 241c 	str.w	r2, [r3, #1052]	; 0x41c
10000b70:	f8c3 2420 	str.w	r2, [r3, #1056]	; 0x420
10000b74:	f8c3 2424 	str.w	r2, [r3, #1060]	; 0x424
10000b78:	f8c3 2428 	str.w	r2, [r3, #1064]	; 0x428
10000b7c:	f8c3 242c 	str.w	r2, [r3, #1068]	; 0x42c
10000b80:	f8c3 2430 	str.w	r2, [r3, #1072]	; 0x430
10000b84:	b662      	cpsie	i
10000b86:	4770      	bx	lr

10000b88 <irq_set_enabled>:
10000b88:	2301      	movs	r3, #1
10000b8a:	f000 021f 	and.w	r2, r0, #31
10000b8e:	4093      	lsls	r3, r2
10000b90:	0940      	lsrs	r0, r0, #5
10000b92:	b141      	cbz	r1, 10000ba6 <irq_set_enabled+0x1e>
10000b94:	0080      	lsls	r0, r0, #2
10000b96:	f100 4060 	add.w	r0, r0, #3758096384	; 0xe0000000
10000b9a:	f500 4061 	add.w	r0, r0, #57600	; 0xe100
10000b9e:	f8c0 3180 	str.w	r3, [r0, #384]	; 0x180
10000ba2:	6003      	str	r3, [r0, #0]
10000ba4:	4770      	bx	lr
10000ba6:	4a02      	ldr	r2, [pc, #8]	; (10000bb0 <irq_set_enabled+0x28>)
10000ba8:	3020      	adds	r0, #32
10000baa:	f842 3020 	str.w	r3, [r2, r0, lsl #2]
10000bae:	4770      	bx	lr
10000bb0:	e000e100 	.word	0xe000e100

10000bb4 <irq_is_enabled>:
10000bb4:	2301      	movs	r3, #1
10000bb6:	4a06      	ldr	r2, [pc, #24]	; (10000bd0 <irq_is_enabled+0x1c>)
10000bb8:	0941      	lsrs	r1, r0, #5
10000bba:	f852 2021 	ldr.w	r2, [r2, r1, lsl #2]
10000bbe:	f000 001f 	and.w	r0, r0, #31
10000bc2:	fa03 f000 	lsl.w	r0, r3, r0
10000bc6:	4210      	tst	r0, r2
10000bc8:	bf14      	ite	ne
10000bca:	4618      	movne	r0, r3
10000bcc:	2000      	moveq	r0, #0
10000bce:	4770      	bx	lr
10000bd0:	e000e100 	.word	0xe000e100

10000bd4 <irq_set_pending>:
10000bd4:	2201      	movs	r2, #1
10000bd6:	0943      	lsrs	r3, r0, #5
10000bd8:	4904      	ldr	r1, [pc, #16]	; (10000bec <irq_set_pending+0x18>)
10000bda:	f000 001f 	and.w	r0, r0, #31
10000bde:	fa02 f000 	lsl.w	r0, r2, r0
10000be2:	3340      	adds	r3, #64	; 0x40
10000be4:	f841 0023 	str.w	r0, [r1, r3, lsl #2]
10000be8:	4770      	bx	lr
10000bea:	bf00      	nop
10000bec:	e000e100 	.word	0xe000e100

10000bf0 <irq_has_shared_handler>:
10000bf0:	4a05      	ldr	r2, [pc, #20]	; (10000c08 <irq_has_shared_handler+0x18>)
10000bf2:	3010      	adds	r0, #16
10000bf4:	6892      	ldr	r2, [r2, #8]
10000bf6:	4b05      	ldr	r3, [pc, #20]	; (10000c0c <irq_has_shared_handler+0x1c>)
10000bf8:	f852 0020 	ldr.w	r0, [r2, r0, lsl #2]
10000bfc:	1ac0      	subs	r0, r0, r3
10000bfe:	2847      	cmp	r0, #71	; 0x47
10000c00:	bf8c      	ite	hi
10000c02:	2000      	movhi	r0, #0
10000c04:	2001      	movls	r0, #1
10000c06:	4770      	bx	lr
10000c08:	e000ed00 	.word	0xe000ed00
10000c0c:	200016fc 	.word	0x200016fc

10000c10 <irq_set_exclusive_handler>:
10000c10:	b510      	push	{r4, lr}
10000c12:	f3ef 8c10 	mrs	ip, PRIMASK
10000c16:	b672      	cpsid	i
10000c18:	4b11      	ldr	r3, [pc, #68]	; (10000c60 <irq_set_exclusive_handler+0x50>)
10000c1a:	e8d3 4fcf 	ldaexb	r4, [r3]
10000c1e:	2201      	movs	r2, #1
10000c20:	2c00      	cmp	r4, #0
10000c22:	d1fa      	bne.n	10000c1a <irq_set_exclusive_handler+0xa>
10000c24:	e8c3 2f44 	strexb	r4, r2, [r3]
10000c28:	2c00      	cmp	r4, #0
10000c2a:	d1f6      	bne.n	10000c1a <irq_set_exclusive_handler+0xa>
10000c2c:	f3bf 8f5f 	dmb	sy
10000c30:	4a0c      	ldr	r2, [pc, #48]	; (10000c64 <irq_set_exclusive_handler+0x54>)
10000c32:	3010      	adds	r0, #16
10000c34:	6892      	ldr	r2, [r2, #8]
10000c36:	4c0c      	ldr	r4, [pc, #48]	; (10000c68 <irq_set_exclusive_handler+0x58>)
10000c38:	f852 2020 	ldr.w	r2, [r2, r0, lsl #2]
10000c3c:	42a2      	cmp	r2, r4
10000c3e:	d003      	beq.n	10000c48 <irq_set_exclusive_handler+0x38>
10000c40:	4291      	cmp	r1, r2
10000c42:	d001      	beq.n	10000c48 <irq_set_exclusive_handler+0x38>
10000c44:	f001 f954 	bl	10001ef0 <hard_assertion_failure>
10000c48:	4a06      	ldr	r2, [pc, #24]	; (10000c64 <irq_set_exclusive_handler+0x54>)
10000c4a:	6892      	ldr	r2, [r2, #8]
10000c4c:	f842 1020 	str.w	r1, [r2, r0, lsl #2]
10000c50:	f3bf 8f5f 	dmb	sy
10000c54:	2200      	movs	r2, #0
10000c56:	e8c3 2f8f 	stlb	r2, [r3]
10000c5a:	f38c 8810 	msr	PRIMASK, ip
10000c5e:	bd10      	pop	{r4, pc}
10000c60:	20001b0d 	.word	0x20001b0d
10000c64:	e000ed00 	.word	0xe000ed00
10000c68:	10000111 	.word	0x10000111

10000c6c <irq_add_shared_handler>:
10000c6c:	e92d 4ff0 	stmdb	sp!, {r4, r5, r6, r7, r8, r9, sl, fp, lr}
10000c70:	468a      	mov	sl, r1
10000c72:	b085      	sub	sp, #20
10000c74:	f3ef 8b10 	mrs	fp, PRIMASK
10000c78:	b672      	cpsid	i
10000c7a:	f8df 91d4 	ldr.w	r9, [pc, #468]	; 10000e50 <irq_add_shared_handler+0x1e4>
10000c7e:	e8d9 1fcf 	ldaexb	r1, [r9]
10000c82:	2301      	movs	r3, #1
10000c84:	2900      	cmp	r1, #0
10000c86:	d1fa      	bne.n	10000c7e <irq_add_shared_handler+0x12>
10000c88:	e8c9 3f41 	strexb	r1, r3, [r9]
10000c8c:	2900      	cmp	r1, #0
10000c8e:	d1f6      	bne.n	10000c7e <irq_add_shared_handler+0x12>
10000c90:	f3bf 8f5f 	dmb	sy
10000c94:	4967      	ldr	r1, [pc, #412]	; (10000e34 <irq_add_shared_handler+0x1c8>)
10000c96:	f991 6000 	ldrsb.w	r6, [r1]
10000c9a:	2e00      	cmp	r6, #0
10000c9c:	f2c0 80c8 	blt.w	10000e30 <irq_add_shared_handler+0x1c4>
10000ca0:	4c65      	ldr	r4, [pc, #404]	; (10000e38 <irq_add_shared_handler+0x1cc>)
10000ca2:	f100 0710 	add.w	r7, r0, #16
10000ca6:	eb06 0046 	add.w	r0, r6, r6, lsl #1
10000caa:	eb04 0380 	add.w	r3, r4, r0, lsl #2
10000cae:	799d      	ldrb	r5, [r3, #6]
10000cb0:	0080      	lsls	r0, r0, #2
10000cb2:	700d      	strb	r5, [r1, #0]
10000cb4:	4961      	ldr	r1, [pc, #388]	; (10000e3c <irq_add_shared_handler+0x1d0>)
10000cb6:	4680      	mov	r8, r0
10000cb8:	6889      	ldr	r1, [r1, #8]
10000cba:	9001      	str	r0, [sp, #4]
10000cbc:	f851 1027 	ldr.w	r1, [r1, r7, lsl #2]
10000cc0:	0070      	lsls	r0, r6, #1
10000cc2:	1b0d      	subs	r5, r1, r4
10000cc4:	2d47      	cmp	r5, #71	; 0x47
10000cc6:	469e      	mov	lr, r3
10000cc8:	9002      	str	r0, [sp, #8]
10000cca:	d83a      	bhi.n	10000d42 <irq_add_shared_handler+0xd6>
10000ccc:	f021 0c01 	bic.w	ip, r1, #1
10000cd0:	f89c 5007 	ldrb.w	r5, [ip, #7]
10000cd4:	4295      	cmp	r5, r2
10000cd6:	d80c      	bhi.n	10000cf2 <irq_add_shared_handler+0x86>
10000cd8:	e07e      	b.n	10000dd8 <irq_add_shared_handler+0x16c>
10000cda:	eb03 0043 	add.w	r0, r3, r3, lsl #1
10000cde:	eb04 0080 	add.w	r0, r4, r0, lsl #2
10000ce2:	79c5      	ldrb	r5, [r0, #7]
10000ce4:	eb03 0043 	add.w	r0, r3, r3, lsl #1
10000ce8:	4295      	cmp	r5, r2
10000cea:	eb04 0080 	add.w	r0, r4, r0, lsl #2
10000cee:	d955      	bls.n	10000d9c <irq_add_shared_handler+0x130>
10000cf0:	4684      	mov	ip, r0
10000cf2:	f99c 3006 	ldrsb.w	r3, [ip, #6]
10000cf6:	2b00      	cmp	r3, #0
10000cf8:	daef      	bge.n	10000cda <irq_add_shared_handler+0x6e>
10000cfa:	f64b 5001 	movw	r0, #48385	; 0xbd01
10000cfe:	9003      	str	r0, [sp, #12]
10000d00:	f10c 0004 	add.w	r0, ip, #4
10000d04:	9001      	str	r0, [sp, #4]
10000d06:	9801      	ldr	r0, [sp, #4]
10000d08:	f1ae 0504 	sub.w	r5, lr, #4
10000d0c:	1a2d      	subs	r5, r5, r0
10000d0e:	f3c5 054a 	ubfx	r5, r5, #1, #11
10000d12:	ea6f 45c5 	mvn.w	r5, r5, lsl #19
10000d16:	ea6f 45d5 	mvn.w	r5, r5, lsr #19
10000d1a:	9802      	ldr	r0, [sp, #8]
10000d1c:	f8df 812c 	ldr.w	r8, [pc, #300]	; 10000e4c <irq_add_shared_handler+0x1e0>
10000d20:	4430      	add	r0, r6
10000d22:	f88c 6006 	strb.w	r6, [ip, #6]
10000d26:	f8ac 5004 	strh.w	r5, [ip, #4]
10000d2a:	eb04 0680 	add.w	r6, r4, r0, lsl #2
10000d2e:	f844 8020 	str.w	r8, [r4, r0, lsl #2]
10000d32:	4686      	mov	lr, r0
10000d34:	9803      	ldr	r0, [sp, #12]
10000d36:	71b3      	strb	r3, [r6, #6]
10000d38:	80b0      	strh	r0, [r6, #4]
10000d3a:	71f2      	strb	r2, [r6, #7]
10000d3c:	f8c6 a008 	str.w	sl, [r6, #8]
10000d40:	e01e      	b.n	10000d80 <irq_add_shared_handler+0x114>
10000d42:	4d3f      	ldr	r5, [pc, #252]	; (10000e40 <irq_add_shared_handler+0x1d4>)
10000d44:	42a9      	cmp	r1, r5
10000d46:	d173      	bne.n	10000e30 <irq_add_shared_handler+0x1c4>
10000d48:	71da      	strb	r2, [r3, #7]
10000d4a:	4a3e      	ldr	r2, [pc, #248]	; (10000e44 <irq_add_shared_handler+0x1d8>)
10000d4c:	f108 0802 	add.w	r8, r8, #2
10000d50:	44a0      	add	r8, r4
10000d52:	3a04      	subs	r2, #4
10000d54:	eba2 0208 	sub.w	r2, r2, r8
10000d58:	f3c2 024a 	ubfx	r2, r2, #1, #11
10000d5c:	ea6f 42c2 	mvn.w	r2, r2, lsl #19
10000d60:	ea6f 42d2 	mvn.w	r2, r2, lsr #19
10000d64:	805a      	strh	r2, [r3, #2]
10000d66:	f64b 5201 	movw	r2, #48385	; 0xbd01
10000d6a:	f44f 4521 	mov.w	r5, #41216	; 0xa100
10000d6e:	809a      	strh	r2, [r3, #4]
10000d70:	22ff      	movs	r2, #255	; 0xff
10000d72:	9801      	ldr	r0, [sp, #4]
10000d74:	f8c3 a008 	str.w	sl, [r3, #8]
10000d78:	f043 0101 	orr.w	r1, r3, #1
10000d7c:	5225      	strh	r5, [r4, r0]
10000d7e:	719a      	strb	r2, [r3, #6]
10000d80:	4b2e      	ldr	r3, [pc, #184]	; (10000e3c <irq_add_shared_handler+0x1d0>)
10000d82:	689b      	ldr	r3, [r3, #8]
10000d84:	f843 1027 	str.w	r1, [r3, r7, lsl #2]
10000d88:	f3bf 8f5f 	dmb	sy
10000d8c:	2300      	movs	r3, #0
10000d8e:	e8c9 3f8f 	stlb	r3, [r9]
10000d92:	f38b 8810 	msr	PRIMASK, fp
10000d96:	b005      	add	sp, #20
10000d98:	e8bd 8ff0 	ldmia.w	sp!, {r4, r5, r6, r7, r8, r9, sl, fp, pc}
10000d9c:	f8bc 0004 	ldrh.w	r0, [ip, #4]
10000da0:	f10c 0504 	add.w	r5, ip, #4
10000da4:	0540      	lsls	r0, r0, #21
10000da6:	9501      	str	r5, [sp, #4]
10000da8:	d410      	bmi.n	10000dcc <irq_add_shared_handler+0x160>
10000daa:	9d01      	ldr	r5, [sp, #4]
10000dac:	1540      	asrs	r0, r0, #21
10000dae:	3002      	adds	r0, #2
10000db0:	eb05 0040 	add.w	r0, r5, r0, lsl #1
10000db4:	f06f 0507 	mvn.w	r5, #7
10000db8:	eba5 0508 	sub.w	r5, r5, r8
10000dbc:	1b2d      	subs	r5, r5, r4
10000dbe:	4428      	add	r0, r5
10000dc0:	f3c0 004a 	ubfx	r0, r0, #1, #11
10000dc4:	f440 4060 	orr.w	r0, r0, #57344	; 0xe000
10000dc8:	9003      	str	r0, [sp, #12]
10000dca:	e79c      	b.n	10000d06 <irq_add_shared_handler+0x9a>
10000dcc:	f500 10ff 	add.w	r0, r0, #2088960	; 0x1fe000
10000dd0:	f500 50ff 	add.w	r0, r0, #8160	; 0x1fe0
10000dd4:	301f      	adds	r0, #31
10000dd6:	e7e8      	b.n	10000daa <irq_add_shared_handler+0x13e>
10000dd8:	f06f 0507 	mvn.w	r5, #7
10000ddc:	71da      	strb	r2, [r3, #7]
10000dde:	f44f 4221 	mov.w	r2, #41216	; 0xa100
10000de2:	f64a 26aa 	movw	r6, #43690	; 0xaaaa
10000de6:	9801      	ldr	r0, [sp, #4]
10000de8:	eba5 0508 	sub.w	r5, r5, r8
10000dec:	5222      	strh	r2, [r4, r0]
10000dee:	1b28      	subs	r0, r5, r4
10000df0:	4a14      	ldr	r2, [pc, #80]	; (10000e44 <irq_add_shared_handler+0x1d8>)
10000df2:	4635      	mov	r5, r6
10000df4:	f108 0802 	add.w	r8, r8, #2
10000df8:	4e13      	ldr	r6, [pc, #76]	; (10000e48 <irq_add_shared_handler+0x1dc>)
10000dfa:	4460      	add	r0, ip
10000dfc:	44a0      	add	r8, r4
10000dfe:	f3c0 004a 	ubfx	r0, r0, #1, #11
10000e02:	3a04      	subs	r2, #4
10000e04:	4330      	orrs	r0, r6
10000e06:	eba2 0208 	sub.w	r2, r2, r8
10000e0a:	8098      	strh	r0, [r3, #4]
10000e0c:	f3c2 024a 	ubfx	r2, r2, #1, #11
10000e10:	480e      	ldr	r0, [pc, #56]	; (10000e4c <irq_add_shared_handler+0x1e0>)
10000e12:	4332      	orrs	r2, r6
10000e14:	805a      	strh	r2, [r3, #2]
10000e16:	f8c3 a008 	str.w	sl, [r3, #8]
10000e1a:	4662      	mov	r2, ip
10000e1c:	1b12      	subs	r2, r2, r4
10000e1e:	4152      	adcs	r2, r2
10000e20:	4355      	muls	r5, r2
10000e22:	0d2d      	lsrs	r5, r5, #20
10000e24:	f043 0101 	orr.w	r1, r3, #1
10000e28:	719d      	strb	r5, [r3, #6]
10000e2a:	f8cc 0000 	str.w	r0, [ip]
10000e2e:	e7a7      	b.n	10000d80 <irq_add_shared_handler+0x114>
10000e30:	f001 f85e 	bl	10001ef0 <hard_assertion_failure>
10000e34:	20002124 	.word	0x20002124
10000e38:	200016fc 	.word	0x200016fc
10000e3c:	e000ed00 	.word	0xe000ed00
10000e40:	10000111 	.word	0x10000111
10000e44:	20001744 	.word	0x20001744
10000e48:	ffffe000 	.word	0xffffe000
10000e4c:	47804801 	.word	0x47804801
10000e50:	20001b0d 	.word	0x20001b0d

10000e54 <irq_remove_handler>:
10000e54:	e92d 4ff8 	stmdb	sp!, {r3, r4, r5, r6, r7, r8, r9, sl, fp, lr}
10000e58:	f3ef 8810 	mrs	r8, PRIMASK
10000e5c:	b672      	cpsid	i
10000e5e:	4e6a      	ldr	r6, [pc, #424]	; (10001008 <irq_remove_handler+0x1b4>)
10000e60:	e8d6 2fcf 	ldaexb	r2, [r6]
10000e64:	2301      	movs	r3, #1
10000e66:	2a00      	cmp	r2, #0
10000e68:	d1fa      	bne.n	10000e60 <irq_remove_handler+0xc>
10000e6a:	e8c6 3f42 	strexb	r2, r3, [r6]
10000e6e:	2a00      	cmp	r2, #0
10000e70:	d1f6      	bne.n	10000e60 <irq_remove_handler+0xc>
10000e72:	f3bf 8f5f 	dmb	sy
10000e76:	4b65      	ldr	r3, [pc, #404]	; (1000100c <irq_remove_handler+0x1b8>)
10000e78:	f100 0e10 	add.w	lr, r0, #16
10000e7c:	689b      	ldr	r3, [r3, #8]
10000e7e:	f853 502e 	ldr.w	r5, [r3, lr, lsl #2]
10000e82:	4b63      	ldr	r3, [pc, #396]	; (10001010 <irq_remove_handler+0x1bc>)
10000e84:	429d      	cmp	r5, r3
10000e86:	d03a      	beq.n	10000efe <irq_remove_handler+0xaa>
10000e88:	428d      	cmp	r5, r1
10000e8a:	d045      	beq.n	10000f18 <irq_remove_handler+0xc4>
10000e8c:	4c61      	ldr	r4, [pc, #388]	; (10001014 <irq_remove_handler+0x1c0>)
10000e8e:	1b2b      	subs	r3, r5, r4
10000e90:	2b47      	cmp	r3, #71	; 0x47
10000e92:	d834      	bhi.n	10000efe <irq_remove_handler+0xaa>
10000e94:	f04f 0901 	mov.w	r9, #1
10000e98:	0947      	lsrs	r7, r0, #5
10000e9a:	00bf      	lsls	r7, r7, #2
10000e9c:	f107 4760 	add.w	r7, r7, #3758096384	; 0xe0000000
10000ea0:	f507 4761 	add.w	r7, r7, #57600	; 0xe100
10000ea4:	683b      	ldr	r3, [r7, #0]
10000ea6:	f000 001f 	and.w	r0, r0, #31
10000eaa:	fa09 f900 	lsl.w	r9, r9, r0
10000eae:	f8c7 9080 	str.w	r9, [r7, #128]	; 0x80
10000eb2:	ea09 0a03 	and.w	sl, r9, r3
10000eb6:	f3bf 8f5f 	dmb	sy
10000eba:	f3ef 8305 	mrs	r3, IPSR
10000ebe:	b2db      	uxtb	r3, r3
10000ec0:	469b      	mov	fp, r3
10000ec2:	bb5b      	cbnz	r3, 10000f1c <irq_remove_handler+0xc8>
10000ec4:	f025 0c01 	bic.w	ip, r5, #1
10000ec8:	f8dc 0008 	ldr.w	r0, [ip, #8]
10000ecc:	4281      	cmp	r1, r0
10000ece:	d109      	bne.n	10000ee4 <irq_remove_handler+0x90>
10000ed0:	e090      	b.n	10000ff4 <irq_remove_handler+0x1a0>
10000ed2:	eb03 0243 	add.w	r2, r3, r3, lsl #1
10000ed6:	eb04 0282 	add.w	r2, r4, r2, lsl #2
10000eda:	6890      	ldr	r0, [r2, #8]
10000edc:	4613      	mov	r3, r2
10000ede:	4281      	cmp	r1, r0
10000ee0:	d023      	beq.n	10000f2a <irq_remove_handler+0xd6>
10000ee2:	469c      	mov	ip, r3
10000ee4:	f99c 3006 	ldrsb.w	r3, [ip, #6]
10000ee8:	2b00      	cmp	r3, #0
10000eea:	daf2      	bge.n	10000ed2 <irq_remove_handler+0x7e>
10000eec:	4281      	cmp	r1, r0
10000eee:	d056      	beq.n	10000f9e <irq_remove_handler+0x14a>
10000ef0:	f1ba 0f00 	cmp.w	sl, #0
10000ef4:	d016      	beq.n	10000f24 <irq_remove_handler+0xd0>
10000ef6:	f8c7 9180 	str.w	r9, [r7, #384]	; 0x180
10000efa:	f8c7 9000 	str.w	r9, [r7]
10000efe:	4b43      	ldr	r3, [pc, #268]	; (1000100c <irq_remove_handler+0x1b8>)
10000f00:	689b      	ldr	r3, [r3, #8]
10000f02:	f843 502e 	str.w	r5, [r3, lr, lsl #2]
10000f06:	f3bf 8f5f 	dmb	sy
10000f0a:	2300      	movs	r3, #0
10000f0c:	e8c6 3f8f 	stlb	r3, [r6]
10000f10:	f388 8810 	msr	PRIMASK, r8
10000f14:	e8bd 8ff8 	ldmia.w	sp!, {r3, r4, r5, r6, r7, r8, r9, sl, fp, pc}
10000f18:	461d      	mov	r5, r3
10000f1a:	e7f0      	b.n	10000efe <irq_remove_handler+0xaa>
10000f1c:	459e      	cmp	lr, r3
10000f1e:	d0d1      	beq.n	10000ec4 <irq_remove_handler+0x70>
10000f20:	f000 ffe6 	bl	10001ef0 <hard_assertion_failure>
10000f24:	f8c7 9080 	str.w	r9, [r7, #128]	; 0x80
10000f28:	e7e9      	b.n	10000efe <irq_remove_handler+0xaa>
10000f2a:	f992 1006 	ldrsb.w	r1, [r2, #6]
10000f2e:	2900      	cmp	r1, #0
10000f30:	db36      	blt.n	10000fa0 <irq_remove_handler+0x14c>
10000f32:	eb01 0c41 	add.w	ip, r1, r1, lsl #1
10000f36:	eb04 0c8c 	add.w	ip, r4, ip, lsl #2
10000f3a:	f8dc 2008 	ldr.w	r2, [ip, #8]
10000f3e:	0048      	lsls	r0, r1, #1
10000f40:	609a      	str	r2, [r3, #8]
10000f42:	f89c 2007 	ldrb.w	r2, [ip, #7]
10000f46:	71da      	strb	r2, [r3, #7]
10000f48:	f99c 2006 	ldrsb.w	r2, [ip, #6]
10000f4c:	2a00      	cmp	r2, #0
10000f4e:	719a      	strb	r2, [r3, #6]
10000f50:	db3e      	blt.n	10000fd0 <irq_remove_handler+0x17c>
10000f52:	f8bc 2004 	ldrh.w	r2, [ip, #4]
10000f56:	0552      	lsls	r2, r2, #21
10000f58:	d504      	bpl.n	10000f64 <irq_remove_handler+0x110>
10000f5a:	f502 12ff 	add.w	r2, r2, #2088960	; 0x1fe000
10000f5e:	f502 52ff 	add.w	r2, r2, #8160	; 0x1fe0
10000f62:	321f      	adds	r2, #31
10000f64:	1552      	asrs	r2, r2, #21
10000f66:	f102 0c02 	add.w	ip, r2, #2
10000f6a:	f04f 0b04 	mov.w	fp, #4
10000f6e:	220c      	movs	r2, #12
10000f70:	fb12 b201 	smlabb	r2, r2, r1, fp
10000f74:	eb02 024c 	add.w	r2, r2, ip, lsl #1
10000f78:	f06f 0c07 	mvn.w	ip, #7
10000f7c:	4422      	add	r2, r4
10000f7e:	ebac 0c03 	sub.w	ip, ip, r3
10000f82:	4462      	add	r2, ip
10000f84:	f3c2 024a 	ubfx	r2, r2, #1, #11
10000f88:	f442 4260 	orr.w	r2, r2, #57344	; 0xe000
10000f8c:	809a      	strh	r2, [r3, #4]
10000f8e:	4b22      	ldr	r3, [pc, #136]	; (10001018 <irq_remove_handler+0x1c4>)
10000f90:	4408      	add	r0, r1
10000f92:	781a      	ldrb	r2, [r3, #0]
10000f94:	eb04 0480 	add.w	r4, r4, r0, lsl #2
10000f98:	7019      	strb	r1, [r3, #0]
10000f9a:	71a2      	strb	r2, [r4, #6]
10000f9c:	e7a8      	b.n	10000ef0 <irq_remove_handler+0x9c>
10000f9e:	4663      	mov	r3, ip
10000fa0:	f1bb 0f00 	cmp.w	fp, #0
10000fa4:	d117      	bne.n	10000fd6 <irq_remove_handler+0x182>
10000fa6:	22ff      	movs	r2, #255	; 0xff
10000fa8:	f88c 2006 	strb.w	r2, [ip, #6]
10000fac:	f64b 5201 	movw	r2, #48385	; 0xbd01
10000fb0:	f8ac 2004 	strh.w	r2, [ip, #4]
10000fb4:	4818      	ldr	r0, [pc, #96]	; (10001018 <irq_remove_handler+0x1c4>)
10000fb6:	f64a 22aa 	movw	r2, #43690	; 0xaaaa
10000fba:	f890 c000 	ldrb.w	ip, [r0]
10000fbe:	4619      	mov	r1, r3
10000fc0:	1b09      	subs	r1, r1, r4
10000fc2:	4149      	adcs	r1, r1
10000fc4:	434a      	muls	r2, r1
10000fc6:	0d12      	lsrs	r2, r2, #20
10000fc8:	f883 c006 	strb.w	ip, [r3, #6]
10000fcc:	7002      	strb	r2, [r0, #0]
10000fce:	e78f      	b.n	10000ef0 <irq_remove_handler+0x9c>
10000fd0:	f64b 5201 	movw	r2, #48385	; 0xbd01
10000fd4:	e7da      	b.n	10000f8c <irq_remove_handler+0x138>
10000fd6:	4a11      	ldr	r2, [pc, #68]	; (1000101c <irq_remove_handler+0x1c8>)
10000fd8:	4811      	ldr	r0, [pc, #68]	; (10001020 <irq_remove_handler+0x1cc>)
10000fda:	1ad2      	subs	r2, r2, r3
10000fdc:	3a08      	subs	r2, #8
10000fde:	f3c2 310a 	ubfx	r1, r2, #12, #11
10000fe2:	ea6f 5101 	mvn.w	r1, r1, lsl #20
10000fe6:	ea6f 5111 	mvn.w	r1, r1, lsr #20
10000fea:	ea40 0252 	orr.w	r2, r0, r2, lsr #1
10000fee:	80da      	strh	r2, [r3, #6]
10000ff0:	8099      	strh	r1, [r3, #4]
10000ff2:	e77d      	b.n	10000ef0 <irq_remove_handler+0x9c>
10000ff4:	f99c 1006 	ldrsb.w	r1, [ip, #6]
10000ff8:	4663      	mov	r3, ip
10000ffa:	2900      	cmp	r1, #0
10000ffc:	da99      	bge.n	10000f32 <irq_remove_handler+0xde>
10000ffe:	f1bb 0f00 	cmp.w	fp, #0
10001002:	d1e8      	bne.n	10000fd6 <irq_remove_handler+0x182>
10001004:	4d02      	ldr	r5, [pc, #8]	; (10001010 <irq_remove_handler+0x1bc>)
10001006:	e7d5      	b.n	10000fb4 <irq_remove_handler+0x160>
10001008:	20001b0d 	.word	0x20001b0d
1000100c:	e000ed00 	.word	0xe000ed00
10001010:	10000111 	.word	0x10000111
10001014:	200016fc 	.word	0x200016fc
10001018:	20002124 	.word	0x20002124
1000101c:	2000174e 	.word	0x2000174e
10001020:	fffff800 	.word	0xfffff800

10001024 <irq_add_tail_to_free_list>:
10001024:	b5f0      	push	{r4, r5, r6, r7, lr}
10001026:	f3ef 8505 	mrs	r5, IPSR
1000102a:	b2ed      	uxtb	r5, r5
1000102c:	f3ef 8c10 	mrs	ip, PRIMASK
10001030:	b672      	cpsid	i
10001032:	492c      	ldr	r1, [pc, #176]	; (100010e4 <irq_add_tail_to_free_list+0xc0>)
10001034:	e8d1 2fcf 	ldaexb	r2, [r1]
10001038:	2301      	movs	r3, #1
1000103a:	2a00      	cmp	r2, #0
1000103c:	d1fa      	bne.n	10001034 <irq_add_tail_to_free_list+0x10>
1000103e:	e8c1 3f42 	strexb	r2, r3, [r1]
10001042:	2a00      	cmp	r2, #0
10001044:	d1f6      	bne.n	10001034 <irq_add_tail_to_free_list+0x10>
10001046:	f3bf 8f5f 	dmb	sy
1000104a:	4e27      	ldr	r6, [pc, #156]	; (100010e8 <irq_add_tail_to_free_list+0xc4>)
1000104c:	f040 0e01 	orr.w	lr, r0, #1
10001050:	68b4      	ldr	r4, [r6, #8]
10001052:	f64a 23aa 	movw	r3, #43690	; 0xaaaa
10001056:	f854 7025 	ldr.w	r7, [r4, r5, lsl #2]
1000105a:	4a24      	ldr	r2, [pc, #144]	; (100010ec <irq_add_tail_to_free_list+0xc8>)
1000105c:	4604      	mov	r4, r0
1000105e:	1aa4      	subs	r4, r4, r2
10001060:	4164      	adcs	r4, r4
10001062:	4363      	muls	r3, r4
10001064:	0d1b      	lsrs	r3, r3, #20
10001066:	4577      	cmp	r7, lr
10001068:	b25b      	sxtb	r3, r3
1000106a:	d023      	beq.n	100010b4 <irq_add_tail_to_free_list+0x90>
1000106c:	f992 4006 	ldrsb.w	r4, [r2, #6]
10001070:	429c      	cmp	r4, r3
10001072:	d024      	beq.n	100010be <irq_add_tail_to_free_list+0x9a>
10001074:	f992 4012 	ldrsb.w	r4, [r2, #18]
10001078:	429c      	cmp	r4, r3
1000107a:	d02b      	beq.n	100010d4 <irq_add_tail_to_free_list+0xb0>
1000107c:	f992 401e 	ldrsb.w	r4, [r2, #30]
10001080:	429c      	cmp	r4, r3
10001082:	d029      	beq.n	100010d8 <irq_add_tail_to_free_list+0xb4>
10001084:	f992 402a 	ldrsb.w	r4, [r2, #42]	; 0x2a
10001088:	429c      	cmp	r4, r3
1000108a:	d027      	beq.n	100010dc <irq_add_tail_to_free_list+0xb8>
1000108c:	f992 4036 	ldrsb.w	r4, [r2, #54]	; 0x36
10001090:	429c      	cmp	r4, r3
10001092:	d025      	beq.n	100010e0 <irq_add_tail_to_free_list+0xbc>
10001094:	f992 4042 	ldrsb.w	r4, [r2, #66]	; 0x42
10001098:	429c      	cmp	r4, r3
1000109a:	bf08      	it	eq
1000109c:	2405      	moveq	r4, #5
1000109e:	d00f      	beq.n	100010c0 <irq_add_tail_to_free_list+0x9c>
100010a0:	4a13      	ldr	r2, [pc, #76]	; (100010f0 <irq_add_tail_to_free_list+0xcc>)
100010a2:	2400      	movs	r4, #0
100010a4:	7815      	ldrb	r5, [r2, #0]
100010a6:	7013      	strb	r3, [r2, #0]
100010a8:	7185      	strb	r5, [r0, #6]
100010aa:	e8c1 4f8f 	stlb	r4, [r1]
100010ae:	f38c 8810 	msr	PRIMASK, ip
100010b2:	bdf0      	pop	{r4, r5, r6, r7, pc}
100010b4:	68b2      	ldr	r2, [r6, #8]
100010b6:	4c0f      	ldr	r4, [pc, #60]	; (100010f4 <irq_add_tail_to_free_list+0xd0>)
100010b8:	f842 4025 	str.w	r4, [r2, r5, lsl #2]
100010bc:	e7f0      	b.n	100010a0 <irq_add_tail_to_free_list+0x7c>
100010be:	2400      	movs	r4, #0
100010c0:	eb04 0444 	add.w	r4, r4, r4, lsl #1
100010c4:	eb02 0284 	add.w	r2, r2, r4, lsl #2
100010c8:	24ff      	movs	r4, #255	; 0xff
100010ca:	7194      	strb	r4, [r2, #6]
100010cc:	f64b 5401 	movw	r4, #48385	; 0xbd01
100010d0:	8094      	strh	r4, [r2, #4]
100010d2:	e7e5      	b.n	100010a0 <irq_add_tail_to_free_list+0x7c>
100010d4:	2401      	movs	r4, #1
100010d6:	e7f3      	b.n	100010c0 <irq_add_tail_to_free_list+0x9c>
100010d8:	2402      	movs	r4, #2
100010da:	e7f1      	b.n	100010c0 <irq_add_tail_to_free_list+0x9c>
100010dc:	2403      	movs	r4, #3
100010de:	e7ef      	b.n	100010c0 <irq_add_tail_to_free_list+0x9c>
100010e0:	2404      	movs	r4, #4
100010e2:	e7ed      	b.n	100010c0 <irq_add_tail_to_free_list+0x9c>
100010e4:	20001b0d 	.word	0x20001b0d
100010e8:	e000ed00 	.word	0xe000ed00
100010ec:	200016fc 	.word	0x200016fc
100010f0:	20002124 	.word	0x20002124
100010f4:	10000111 	.word	0x10000111

100010f8 <user_irq_claim_unused>:
100010f8:	b510      	push	{r4, lr}
100010fa:	4c07      	ldr	r4, [pc, #28]	; (10001118 <user_irq_claim_unused+0x20>)
100010fc:	b082      	sub	sp, #8
100010fe:	4601      	mov	r1, r0
10001100:	2305      	movs	r3, #5
10001102:	2200      	movs	r2, #0
10001104:	9400      	str	r4, [sp, #0]
10001106:	4805      	ldr	r0, [pc, #20]	; (1000111c <user_irq_claim_unused+0x24>)
10001108:	f7ff fca0 	bl	10000a4c <hw_claim_unused_from_range>
1000110c:	2800      	cmp	r0, #0
1000110e:	bfa8      	it	ge
10001110:	f1c0 0033 	rsbge	r0, r0, #51	; 0x33
10001114:	b002      	add	sp, #8
10001116:	bd10      	pop	{r4, pc}
10001118:	100065e4 	.word	0x100065e4
1000111c:	20002129 	.word	0x20002129

10001120 <lock_init>:
10001120:	4b01      	ldr	r3, [pc, #4]	; (10001128 <lock_init+0x8>)
10001122:	4419      	add	r1, r3
10001124:	6001      	str	r1, [r0, #0]
10001126:	4770      	bx	lr
10001128:	20001b04 	.word	0x20001b04

1000112c <runtime_init_mutex>:
1000112c:	b5f8      	push	{r3, r4, r5, r6, r7, lr}
1000112e:	4d12      	ldr	r5, [pc, #72]	; (10001178 <runtime_init_mutex+0x4c>)
10001130:	4e12      	ldr	r6, [pc, #72]	; (1000117c <runtime_init_mutex+0x50>)
10001132:	42b5      	cmp	r5, r6
10001134:	d21f      	bcs.n	10001176 <runtime_init_mutex+0x4a>
10001136:	462c      	mov	r4, r5
10001138:	6823      	ldr	r3, [r4, #0]
1000113a:	27ff      	movs	r7, #255	; 0xff
1000113c:	b17b      	cbz	r3, 1000115e <runtime_init_mutex+0x32>
1000113e:	f7ff fcd3 	bl	10000ae8 <next_striped_spin_lock_num>
10001142:	4601      	mov	r1, r0
10001144:	4628      	mov	r0, r5
10001146:	f7ff ffeb 	bl	10001120 <lock_init>
1000114a:	80a7      	strh	r7, [r4, #4]
1000114c:	f3bf 8f5f 	dmb	sy
10001150:	3408      	adds	r4, #8
10001152:	42b4      	cmp	r4, r6
10001154:	d20f      	bcs.n	10001176 <runtime_init_mutex+0x4a>
10001156:	6823      	ldr	r3, [r4, #0]
10001158:	4625      	mov	r5, r4
1000115a:	2b00      	cmp	r3, #0
1000115c:	d1ef      	bne.n	1000113e <runtime_init_mutex+0x12>
1000115e:	f7ff fcc3 	bl	10000ae8 <next_striped_spin_lock_num>
10001162:	4601      	mov	r1, r0
10001164:	4628      	mov	r0, r5
10001166:	f7ff ffdb 	bl	10001120 <lock_init>
1000116a:	7127      	strb	r7, [r4, #4]
1000116c:	f3bf 8f5f 	dmb	sy
10001170:	3408      	adds	r4, #8
10001172:	42b4      	cmp	r4, r6
10001174:	d3ef      	bcc.n	10001156 <runtime_init_mutex+0x2a>
10001176:	bdf8      	pop	{r3, r4, r5, r6, r7, pc}
10001178:	200017d0 	.word	0x200017d0
1000117c:	200017d8 	.word	0x200017d8

10001180 <mutex_init>:
10001180:	b510      	push	{r4, lr}
10001182:	4604      	mov	r4, r0
10001184:	f7ff fcb0 	bl	10000ae8 <next_striped_spin_lock_num>
10001188:	4601      	mov	r1, r0
1000118a:	4620      	mov	r0, r4
1000118c:	f7ff ffc8 	bl	10001120 <lock_init>
10001190:	23ff      	movs	r3, #255	; 0xff
10001192:	7123      	strb	r3, [r4, #4]
10001194:	f3bf 8f5f 	dmb	sy
10001198:	bd10      	pop	{r4, pc}
1000119a:	bf00      	nop

1000119c <critical_section_init>:
1000119c:	b510      	push	{r4, lr}
1000119e:	4604      	mov	r4, r0
100011a0:	2001      	movs	r0, #1
100011a2:	f7ff fcad 	bl	10000b00 <spin_lock_claim_unused>
100011a6:	4b03      	ldr	r3, [pc, #12]	; (100011b4 <critical_section_init+0x18>)
100011a8:	4418      	add	r0, r3
100011aa:	6020      	str	r0, [r4, #0]
100011ac:	f3bf 8f5f 	dmb	sy
100011b0:	bd10      	pop	{r4, pc}
100011b2:	bf00      	nop
100011b4:	20001b04 	.word	0x20001b04

100011b8 <critical_section_init_with_lock_num>:
100011b8:	4b02      	ldr	r3, [pc, #8]	; (100011c4 <critical_section_init_with_lock_num+0xc>)
100011ba:	4419      	add	r1, r3
100011bc:	6001      	str	r1, [r0, #0]
100011be:	f3bf 8f5f 	dmb	sy
100011c2:	4770      	bx	lr
100011c4:	20001b04 	.word	0x20001b04

100011c8 <sleep_until_callback>:
100011c8:	4910      	ldr	r1, [pc, #64]	; (1000120c <sleep_until_callback+0x44>)
100011ca:	680b      	ldr	r3, [r1, #0]
100011cc:	f3ef 8010 	mrs	r0, PRIMASK
100011d0:	b672      	cpsid	i
100011d2:	e8d3 cfcf 	ldaexb	ip, [r3]
100011d6:	2201      	movs	r2, #1
100011d8:	f1bc 0f00 	cmp.w	ip, #0
100011dc:	d1f9      	bne.n	100011d2 <sleep_until_callback+0xa>
100011de:	e8c3 2f4c 	strexb	ip, r2, [r3]
100011e2:	f1bc 0f00 	cmp.w	ip, #0
100011e6:	d1f4      	bne.n	100011d2 <sleep_until_callback+0xa>
100011e8:	f3bf 8f5f 	dmb	sy
100011ec:	4a08      	ldr	r2, [pc, #32]	; (10001210 <sleep_until_callback+0x48>)
100011ee:	f04f 0c00 	mov.w	ip, #0
100011f2:	7813      	ldrb	r3, [r2, #0]
100011f4:	6809      	ldr	r1, [r1, #0]
100011f6:	3301      	adds	r3, #1
100011f8:	b2db      	uxtb	r3, r3
100011fa:	7013      	strb	r3, [r2, #0]
100011fc:	e8c1 cf8f 	stlb	ip, [r1]
10001200:	f380 8810 	msr	PRIMASK, r0
10001204:	bf40      	sev
10001206:	2000      	movs	r0, #0
10001208:	2100      	movs	r1, #0
1000120a:	4770      	bx	lr
1000120c:	200020fc 	.word	0x200020fc
10001210:	20002126 	.word	0x20002126
10001214:	00000000 	.word	0x00000000

10001218 <alarm_pool_irq_handler>:
10001218:	e92d 4ff0 	stmdb	sp!, {r4, r5, r6, r7, r8, r9, sl, fp, lr}
1000121c:	ed2d 8b02 	vpush	{d8}
10001220:	b085      	sub	sp, #20
10001222:	f3ef 8305 	mrs	r3, IPSR
10001226:	b2db      	uxtb	r3, r3
10001228:	3b10      	subs	r3, #16
1000122a:	089a      	lsrs	r2, r3, #2
1000122c:	bf18      	it	ne
1000122e:	2201      	movne	r2, #1
10001230:	f04f 0101 	mov.w	r1, #1
10001234:	f003 0003 	and.w	r0, r3, #3
10001238:	4bad      	ldr	r3, [pc, #692]	; (100014f0 <alarm_pool_irq_handler+0x2d8>)
1000123a:	eb00 0282 	add.w	r2, r0, r2, lsl #2
1000123e:	bf0c      	ite	eq
10001240:	4fac      	ldreq	r7, [pc, #688]	; (100014f4 <alarm_pool_irq_handler+0x2dc>)
10001242:	4fad      	ldrne	r7, [pc, #692]	; (100014f8 <alarm_pool_irq_handler+0x2e0>)
10001244:	f853 6022 	ldr.w	r6, [r3, r2, lsl #2]
10001248:	fa01 f200 	lsl.w	r2, r1, r0
1000124c:	f507 5341 	add.w	r3, r7, #12352	; 0x3040
10001250:	ed9f 8ba5 	vldr	d8, [pc, #660]	; 100014e8 <alarm_pool_irq_handler+0x2d0>
10001254:	46b0      	mov	r8, r6
10001256:	9001      	str	r0, [sp, #4]
10001258:	9200      	str	r2, [sp, #0]
1000125a:	605a      	str	r2, [r3, #4]
1000125c:	e035      	b.n	100012ca <alarm_pool_irq_handler+0xb2>
1000125e:	f8b8 3004 	ldrh.w	r3, [r8, #4]
10001262:	041b      	lsls	r3, r3, #16
10001264:	f140 8092 	bpl.w	1000138c <alarm_pool_irq_handler+0x174>
10001268:	f898 3006 	ldrb.w	r3, [r8, #6]
1000126c:	2b00      	cmp	r3, #0
1000126e:	f040 80df 	bne.w	10001430 <alarm_pool_irq_handler+0x218>
10001272:	f9b8 2008 	ldrsh.w	r2, [r8, #8]
10001276:	2a00      	cmp	r2, #0
10001278:	f2c0 8125 	blt.w	100014c6 <alarm_pool_irq_handler+0x2ae>
1000127c:	f8d8 3014 	ldr.w	r3, [r8, #20]
10001280:	eb02 0242 	add.w	r2, r2, r2, lsl #1
10001284:	eb03 02c2 	add.w	r2, r3, r2, lsl #3
10001288:	e9d2 4502 	ldrd	r4, r5, [r2, #8]
1000128c:	f1b5 3fff 	cmp.w	r5, #4294967295
10001290:	bf08      	it	eq
10001292:	f1b4 3fff 	cmpeq.w	r4, #4294967295
10001296:	d00d      	beq.n	100012b4 <alarm_pool_irq_handler+0x9c>
10001298:	9b01      	ldr	r3, [sp, #4]
1000129a:	eb07 0183 	add.w	r1, r7, r3, lsl #2
1000129e:	6abb      	ldr	r3, [r7, #40]	; 0x28
100012a0:	690a      	ldr	r2, [r1, #16]
100012a2:	1ad2      	subs	r2, r2, r3
100012a4:	1ae3      	subs	r3, r4, r3
100012a6:	4293      	cmp	r3, r2
100012a8:	d303      	bcc.n	100012b2 <alarm_pool_irq_handler+0x9a>
100012aa:	6a3b      	ldr	r3, [r7, #32]
100012ac:	9a00      	ldr	r2, [sp, #0]
100012ae:	4213      	tst	r3, r2
100012b0:	d100      	bne.n	100012b4 <alarm_pool_irq_handler+0x9c>
100012b2:	610c      	str	r4, [r1, #16]
100012b4:	4638      	mov	r0, r7
100012b6:	f000 fbcb 	bl	10001a50 <timer_time_us_64>
100012ba:	1a20      	subs	r0, r4, r0
100012bc:	eb65 0501 	sbc.w	r5, r5, r1
100012c0:	2801      	cmp	r0, #1
100012c2:	f175 0300 	sbcs.w	r3, r5, #0
100012c6:	f280 80fe 	bge.w	100014c6 <alarm_pool_irq_handler+0x2ae>
100012ca:	f9b8 4008 	ldrsh.w	r4, [r8, #8]
100012ce:	9b00      	ldr	r3, [sp, #0]
100012d0:	2c00      	cmp	r4, #0
100012d2:	63fb      	str	r3, [r7, #60]	; 0x3c
100012d4:	dbc3      	blt.n	1000125e <alarm_pool_irq_handler+0x46>
100012d6:	f8d8 a014 	ldr.w	sl, [r8, #20]
100012da:	eb04 0b44 	add.w	fp, r4, r4, lsl #1
100012de:	4638      	mov	r0, r7
100012e0:	eb0a 05cb 	add.w	r5, sl, fp, lsl #3
100012e4:	e9d5 9602 	ldrd	r9, r6, [r5, #8]
100012e8:	f000 fbb2 	bl	10001a50 <timer_time_us_64>
100012ec:	4548      	cmp	r0, r9
100012ee:	eb61 0106 	sbc.w	r1, r1, r6
100012f2:	2900      	cmp	r1, #0
100012f4:	dbb3      	blt.n	1000125e <alarm_pool_irq_handler+0x46>
100012f6:	2e00      	cmp	r6, #0
100012f8:	f2c0 80c3 	blt.w	10001482 <alarm_pool_irq_handler+0x26a>
100012fc:	692b      	ldr	r3, [r5, #16]
100012fe:	4a7f      	ldr	r2, [pc, #508]	; (100014fc <alarm_pool_irq_handler+0x2e4>)
10001300:	4293      	cmp	r3, r2
10001302:	f000 80fd 	beq.w	10001500 <alarm_pool_irq_handler+0x2e8>
10001306:	886a      	ldrh	r2, [r5, #2]
10001308:	f9b8 0008 	ldrsh.w	r0, [r8, #8]
1000130c:	b292      	uxth	r2, r2
1000130e:	ea42 4000 	orr.w	r0, r2, r0, lsl #16
10001312:	6969      	ldr	r1, [r5, #20]
10001314:	4798      	blx	r3
10001316:	4602      	mov	r2, r0
10001318:	460b      	mov	r3, r1
1000131a:	ea52 0103 	orrs.w	r1, r2, r3
1000131e:	f000 80b0 	beq.w	10001482 <alarm_pool_irq_handler+0x26a>
10001322:	2b00      	cmp	r3, #0
10001324:	f280 80d5 	bge.w	100014d2 <alarm_pool_irq_handler+0x2ba>
10001328:	ebb9 0002 	subs.w	r0, r9, r2
1000132c:	eb66 0303 	sbc.w	r3, r6, r3
10001330:	e9c5 0302 	strd	r0, r3, [r5, #8]
10001334:	f93a 503b 	ldrsh.w	r5, [sl, fp, lsl #3]
10001338:	2d00      	cmp	r5, #0
1000133a:	db90      	blt.n	1000125e <alarm_pool_irq_handler+0x46>
1000133c:	f8d8 c014 	ldr.w	ip, [r8, #20]
10001340:	eb05 0145 	add.w	r1, r5, r5, lsl #1
10001344:	eb0c 01c1 	add.w	r1, ip, r1, lsl #3
10001348:	688a      	ldr	r2, [r1, #8]
1000134a:	1a82      	subs	r2, r0, r2
1000134c:	68ca      	ldr	r2, [r1, #12]
1000134e:	eb63 0202 	sbc.w	r2, r3, r2
10001352:	2a00      	cmp	r2, #0
10001354:	db83      	blt.n	1000125e <alarm_pool_irq_handler+0x46>
10001356:	f8a8 5008 	strh.w	r5, [r8, #8]
1000135a:	e007      	b.n	1000136c <alarm_pool_irq_handler+0x154>
1000135c:	6895      	ldr	r5, [r2, #8]
1000135e:	1b45      	subs	r5, r0, r5
10001360:	68d5      	ldr	r5, [r2, #12]
10001362:	eb63 0505 	sbc.w	r5, r3, r5
10001366:	2d00      	cmp	r5, #0
10001368:	db08      	blt.n	1000137c <alarm_pool_irq_handler+0x164>
1000136a:	4611      	mov	r1, r2
1000136c:	f9b1 6000 	ldrsh.w	r6, [r1]
10001370:	eb06 0246 	add.w	r2, r6, r6, lsl #1
10001374:	2e00      	cmp	r6, #0
10001376:	eb0c 02c2 	add.w	r2, ip, r2, lsl #3
1000137a:	daef      	bge.n	1000135c <alarm_pool_irq_handler+0x144>
1000137c:	f82a 603b 	strh.w	r6, [sl, fp, lsl #3]
10001380:	800c      	strh	r4, [r1, #0]
10001382:	f8b8 3004 	ldrh.w	r3, [r8, #4]
10001386:	041b      	lsls	r3, r3, #16
10001388:	f53f af6e 	bmi.w	10001268 <alarm_pool_irq_handler+0x50>
1000138c:	f8d8 3010 	ldr.w	r3, [r8, #16]
10001390:	f3ef 8210 	mrs	r2, PRIMASK
10001394:	b672      	cpsid	i
10001396:	e8d3 0fcf 	ldaexb	r0, [r3]
1000139a:	2101      	movs	r1, #1
1000139c:	2800      	cmp	r0, #0
1000139e:	d1fa      	bne.n	10001396 <alarm_pool_irq_handler+0x17e>
100013a0:	e8c3 1f40 	strexb	r0, r1, [r3]
100013a4:	2800      	cmp	r0, #0
100013a6:	d1f6      	bne.n	10001396 <alarm_pool_irq_handler+0x17e>
100013a8:	f3bf 8f5f 	dmb	sy
100013ac:	f64f 70ff 	movw	r0, #65535	; 0xffff
100013b0:	f8b8 9004 	ldrh.w	r9, [r8, #4]
100013b4:	2300      	movs	r3, #0
100013b6:	f8d8 1010 	ldr.w	r1, [r8, #16]
100013ba:	fa0f f989 	sxth.w	r9, r9
100013be:	f8a8 0004 	strh.w	r0, [r8, #4]
100013c2:	e8c1 3f8f 	stlb	r3, [r1]
100013c6:	f382 8810 	msr	PRIMASK, r2
100013ca:	4599      	cmp	r9, r3
100013cc:	f6ff af4c 	blt.w	10001268 <alarm_pool_irq_handler+0x50>
100013d0:	46ba      	mov	sl, r7
100013d2:	f8d8 5014 	ldr.w	r5, [r8, #20]
100013d6:	f108 0b08 	add.w	fp, r8, #8
100013da:	eb09 0e49 	add.w	lr, r9, r9, lsl #1
100013de:	eb05 03ce 	add.w	r3, r5, lr, lsl #3
100013e2:	e9d3 6702 	ldrd	r6, r7, [r3, #8]
100013e6:	f9b8 3008 	ldrsh.w	r3, [r8, #8]
100013ea:	46dc      	mov	ip, fp
100013ec:	2b00      	cmp	r3, #0
100013ee:	da05      	bge.n	100013fc <alarm_pool_irq_handler+0x1e4>
100013f0:	e00f      	b.n	10001412 <alarm_pool_irq_handler+0x1fa>
100013f2:	f935 3034 	ldrsh.w	r3, [r5, r4, lsl #3]
100013f6:	4684      	mov	ip, r0
100013f8:	2b00      	cmp	r3, #0
100013fa:	db0a      	blt.n	10001412 <alarm_pool_irq_handler+0x1fa>
100013fc:	eb03 0443 	add.w	r4, r3, r3, lsl #1
10001400:	eb05 00c4 	add.w	r0, r5, r4, lsl #3
10001404:	e9d0 1202 	ldrd	r1, r2, [r0, #8]
10001408:	1a71      	subs	r1, r6, r1
1000140a:	eb67 0202 	sbc.w	r2, r7, r2
1000140e:	2a00      	cmp	r2, #0
10001410:	daef      	bge.n	100013f2 <alarm_pool_irq_handler+0x1da>
10001412:	f8ac 9000 	strh.w	r9, [ip]
10001416:	f935 903e 	ldrsh.w	r9, [r5, lr, lsl #3]
1000141a:	f825 303e 	strh.w	r3, [r5, lr, lsl #3]
1000141e:	f1b9 0f00 	cmp.w	r9, #0
10001422:	dada      	bge.n	100013da <alarm_pool_irq_handler+0x1c2>
10001424:	f898 3006 	ldrb.w	r3, [r8, #6]
10001428:	4657      	mov	r7, sl
1000142a:	2b00      	cmp	r3, #0
1000142c:	f43f af21 	beq.w	10001272 <alarm_pool_irq_handler+0x5a>
10001430:	2300      	movs	r3, #0
10001432:	f888 3006 	strb.w	r3, [r8, #6]
10001436:	f9b8 3008 	ldrsh.w	r3, [r8, #8]
1000143a:	f108 0c08 	add.w	ip, r8, #8
1000143e:	1c5e      	adds	r6, r3, #1
10001440:	d041      	beq.n	100014c6 <alarm_pool_irq_handler+0x2ae>
10001442:	461a      	mov	r2, r3
10001444:	f8d8 4014 	ldr.w	r4, [r8, #20]
10001448:	e003      	b.n	10001452 <alarm_pool_irq_handler+0x23a>
1000144a:	4684      	mov	ip, r0
1000144c:	1c59      	adds	r1, r3, #1
1000144e:	f43f af12 	beq.w	10001276 <alarm_pool_irq_handler+0x5e>
10001452:	eb03 0143 	add.w	r1, r3, r3, lsl #1
10001456:	eb04 00c1 	add.w	r0, r4, r1, lsl #3
1000145a:	8845      	ldrh	r5, [r0, #2]
1000145c:	461e      	mov	r6, r3
1000145e:	042d      	lsls	r5, r5, #16
10001460:	f934 3031 	ldrsh.w	r3, [r4, r1, lsl #3]
10001464:	d5f1      	bpl.n	1000144a <alarm_pool_irq_handler+0x232>
10001466:	4296      	cmp	r6, r2
10001468:	ed80 8b02 	vstr	d8, [r0, #8]
1000146c:	d0ee      	beq.n	1000144c <alarm_pool_irq_handler+0x234>
1000146e:	f8ac 3000 	strh.w	r3, [ip]
10001472:	f8b8 2008 	ldrh.w	r2, [r8, #8]
10001476:	f824 2031 	strh.w	r2, [r4, r1, lsl #3]
1000147a:	4632      	mov	r2, r6
1000147c:	f8a8 6008 	strh.w	r6, [r8, #8]
10001480:	e7e4      	b.n	1000144c <alarm_pool_irq_handler+0x234>
10001482:	f83a 303b 	ldrh.w	r3, [sl, fp, lsl #3]
10001486:	f8a8 3008 	strh.w	r3, [r8, #8]
1000148a:	f8d8 3010 	ldr.w	r3, [r8, #16]
1000148e:	f3ef 8210 	mrs	r2, PRIMASK
10001492:	b672      	cpsid	i
10001494:	e8d3 0fcf 	ldaexb	r0, [r3]
10001498:	2101      	movs	r1, #1
1000149a:	2800      	cmp	r0, #0
1000149c:	d1fa      	bne.n	10001494 <alarm_pool_irq_handler+0x27c>
1000149e:	e8c3 1f40 	strexb	r0, r1, [r3]
100014a2:	2800      	cmp	r0, #0
100014a4:	d1f6      	bne.n	10001494 <alarm_pool_irq_handler+0x27c>
100014a6:	f3bf 8f5f 	dmb	sy
100014aa:	f8b8 3002 	ldrh.w	r3, [r8, #2]
100014ae:	f8d8 1010 	ldr.w	r1, [r8, #16]
100014b2:	f82a 303b 	strh.w	r3, [sl, fp, lsl #3]
100014b6:	2300      	movs	r3, #0
100014b8:	f8a8 4002 	strh.w	r4, [r8, #2]
100014bc:	e8c1 3f8f 	stlb	r3, [r1]
100014c0:	f382 8810 	msr	PRIMASK, r2
100014c4:	e6cb      	b.n	1000125e <alarm_pool_irq_handler+0x46>
100014c6:	bf40      	sev
100014c8:	b005      	add	sp, #20
100014ca:	ecbd 8b02 	vpop	{d8}
100014ce:	e8bd 8ff0 	ldmia.w	sp!, {r4, r5, r6, r7, r8, r9, sl, fp, pc}
100014d2:	4638      	mov	r0, r7
100014d4:	e9cd 2302 	strd	r2, r3, [sp, #8]
100014d8:	f000 faba 	bl	10001a50 <timer_time_us_64>
100014dc:	9a02      	ldr	r2, [sp, #8]
100014de:	9b03      	ldr	r3, [sp, #12]
100014e0:	1880      	adds	r0, r0, r2
100014e2:	eb43 0301 	adc.w	r3, r3, r1
100014e6:	e723      	b.n	10001330 <alarm_pool_irq_handler+0x118>
100014e8:	ffffffff 	.word	0xffffffff
100014ec:	ffffffff 	.word	0xffffffff
100014f0:	200020d4 	.word	0x200020d4
100014f4:	400b0000 	.word	0x400b0000
100014f8:	400b8000 	.word	0x400b8000
100014fc:	10001219 	.word	0x10001219
10001500:	696b      	ldr	r3, [r5, #20]
10001502:	4618      	mov	r0, r3
10001504:	691a      	ldr	r2, [r3, #16]
10001506:	9302      	str	r3, [sp, #8]
10001508:	4790      	blx	r2
1000150a:	2800      	cmp	r0, #0
1000150c:	d0b9      	beq.n	10001482 <alarm_pool_irq_handler+0x26a>
1000150e:	9b02      	ldr	r3, [sp, #8]
10001510:	e9d3 2300 	ldrd	r2, r3, [r3]
10001514:	e701      	b.n	1000131a <alarm_pool_irq_handler+0x102>
10001516:	bf00      	nop

10001518 <runtime_init_default_alarm_pool>:
10001518:	e92d 4ff8 	stmdb	sp!, {r3, r4, r5, r6, r7, r8, r9, sl, fp, lr}
1000151c:	4c36      	ldr	r4, [pc, #216]	; (100015f8 <runtime_init_default_alarm_pool+0xe0>)
1000151e:	6925      	ldr	r5, [r4, #16]
10001520:	b12d      	cbz	r5, 1000152e <runtime_init_default_alarm_pool+0x16>
10001522:	e8bd 4ff8 	ldmia.w	sp!, {r3, r4, r5, r6, r7, r8, r9, sl, fp, lr}
10001526:	210a      	movs	r1, #10
10001528:	4834      	ldr	r0, [pc, #208]	; (100015fc <runtime_init_default_alarm_pool+0xe4>)
1000152a:	f7ff bdf9 	b.w	10001120 <lock_init>
1000152e:	f8df 80e4 	ldr.w	r8, [pc, #228]	; 10001614 <runtime_init_default_alarm_pool+0xfc>
10001532:	2603      	movs	r6, #3
10001534:	2103      	movs	r1, #3
10001536:	4640      	mov	r0, r8
10001538:	f000 fa78 	bl	10001a2c <timer_hardware_alarm_claim>
1000153c:	f8c4 800c 	str.w	r8, [r4, #12]
10001540:	f7ff fad2 	bl	10000ae8 <next_striped_spin_lock_num>
10001544:	f04f 4c50 	mov.w	ip, #3489660928	; 0xd0000000
10001548:	4b2d      	ldr	r3, [pc, #180]	; (10001600 <runtime_init_default_alarm_pool+0xe8>)
1000154a:	7026      	strb	r6, [r4, #0]
1000154c:	4418      	add	r0, r3
1000154e:	f8dc 3000 	ldr.w	r3, [ip]
10001552:	210f      	movs	r1, #15
10001554:	7063      	strb	r3, [r4, #1]
10001556:	6963      	ldr	r3, [r4, #20]
10001558:	8061      	strh	r1, [r4, #2]
1000155a:	831d      	strh	r5, [r3, #24]
1000155c:	f04f 0504 	mov.w	r5, #4
10001560:	f8a3 5078 	strh.w	r5, [r3, #120]	; 0x78
10001564:	f04f 0505 	mov.w	r5, #5
10001568:	f8a3 5090 	strh.w	r5, [r3, #144]	; 0x90
1000156c:	f04f 0506 	mov.w	r5, #6
10001570:	f8a3 50a8 	strh.w	r5, [r3, #168]	; 0xa8
10001574:	f04f 0507 	mov.w	r5, #7
10001578:	210e      	movs	r1, #14
1000157a:	6120      	str	r0, [r4, #16]
1000157c:	2708      	movs	r7, #8
1000157e:	f64f 72ff 	movw	r2, #65535	; 0xffff
10001582:	f04f 0e0a 	mov.w	lr, #10
10001586:	f8a3 50c0 	strh.w	r5, [r3, #192]	; 0xc0
1000158a:	f04f 0901 	mov.w	r9, #1
1000158e:	f04f 0c0c 	mov.w	ip, #12
10001592:	f04f 0b02 	mov.w	fp, #2
10001596:	f04f 0a09 	mov.w	sl, #9
1000159a:	200d      	movs	r0, #13
1000159c:	f04f 050b 	mov.w	r5, #11
100015a0:	f8a3 1168 	strh.w	r1, [r3, #360]	; 0x168
100015a4:	4917      	ldr	r1, [pc, #92]	; (10001604 <runtime_init_default_alarm_pool+0xec>)
100015a6:	80a2      	strh	r2, [r4, #4]
100015a8:	f8a3 e108 	strh.w	lr, [r3, #264]	; 0x108
100015ac:	60a1      	str	r1, [r4, #8]
100015ae:	f8a3 b048 	strh.w	fp, [r3, #72]	; 0x48
100015b2:	f8a3 a0f0 	strh.w	sl, [r3, #240]	; 0xf0
100015b6:	f8a3 5120 	strh.w	r5, [r3, #288]	; 0x120
100015ba:	f8a3 c138 	strh.w	ip, [r3, #312]	; 0x138
100015be:	f8a3 0150 	strh.w	r0, [r3, #336]	; 0x150
100015c2:	f8a3 9030 	strh.w	r9, [r3, #48]	; 0x30
100015c6:	f8a3 6060 	strh.w	r6, [r3, #96]	; 0x60
100015ca:	f8a3 70d8 	strh.w	r7, [r3, #216]	; 0xd8
100015ce:	801a      	strh	r2, [r3, #0]
100015d0:	4b0d      	ldr	r3, [pc, #52]	; (10001608 <runtime_init_default_alarm_pool+0xf0>)
100015d2:	4630      	mov	r0, r6
100015d4:	f8c8 7020 	str.w	r7, [r8, #32]
100015d8:	490c      	ldr	r1, [pc, #48]	; (1000160c <runtime_init_default_alarm_pool+0xf4>)
100015da:	60dc      	str	r4, [r3, #12]
100015dc:	f7ff fb18 	bl	10000c10 <irq_set_exclusive_handler>
100015e0:	4649      	mov	r1, r9
100015e2:	4630      	mov	r0, r6
100015e4:	f7ff fad0 	bl	10000b88 <irq_set_enabled>
100015e8:	4b09      	ldr	r3, [pc, #36]	; (10001610 <runtime_init_default_alarm_pool+0xf8>)
100015ea:	210a      	movs	r1, #10
100015ec:	601f      	str	r7, [r3, #0]
100015ee:	4803      	ldr	r0, [pc, #12]	; (100015fc <runtime_init_default_alarm_pool+0xe4>)
100015f0:	e8bd 4ff8 	ldmia.w	sp!, {r3, r4, r5, r6, r7, r8, r9, sl, fp, lr}
100015f4:	f7ff bd94 	b.w	10001120 <lock_init>
100015f8:	2000175c 	.word	0x2000175c
100015fc:	200020fc 	.word	0x200020fc
10001600:	20001b04 	.word	0x20001b04
10001604:	0010ffff 	.word	0x0010ffff
10001608:	200020d4 	.word	0x200020d4
1000160c:	10001219 	.word	0x10001219
10001610:	400b2040 	.word	0x400b2040
10001614:	400b0000 	.word	0x400b0000

10001618 <alarm_pool_get_default>:
10001618:	4800      	ldr	r0, [pc, #0]	; (1000161c <alarm_pool_get_default+0x4>)
1000161a:	4770      	bx	lr
1000161c:	2000175c 	.word	0x2000175c

10001620 <alarm_pool_add_alarm_at>:
10001620:	e92d 41f0 	stmdb	sp!, {r4, r5, r6, r7, r8, lr}
10001624:	f89d 5020 	ldrb.w	r5, [sp, #32]
10001628:	4604      	mov	r4, r0
1000162a:	4617      	mov	r7, r2
1000162c:	461e      	mov	r6, r3
1000162e:	b935      	cbnz	r5, 1000163e <alarm_pool_add_alarm_at+0x1e>
10001630:	f000 fa16 	bl	10001a60 <time_us_64>
10001634:	4287      	cmp	r7, r0
10001636:	eb66 0101 	sbc.w	r1, r6, r1
1000163a:	2900      	cmp	r1, #0
1000163c:	db57      	blt.n	100016ee <alarm_pool_add_alarm_at+0xce>
1000163e:	6921      	ldr	r1, [r4, #16]
10001640:	f3ef 8010 	mrs	r0, PRIMASK
10001644:	b672      	cpsid	i
10001646:	e8d1 2fcf 	ldaexb	r2, [r1]
1000164a:	2301      	movs	r3, #1
1000164c:	2a00      	cmp	r2, #0
1000164e:	d1fa      	bne.n	10001646 <alarm_pool_add_alarm_at+0x26>
10001650:	e8c1 3f42 	strexb	r2, r3, [r1]
10001654:	2a00      	cmp	r2, #0
10001656:	d1f6      	bne.n	10001646 <alarm_pool_add_alarm_at+0x26>
10001658:	f3bf 8f5f 	dmb	sy
1000165c:	f9b4 2002 	ldrsh.w	r2, [r4, #2]
10001660:	f8d4 c014 	ldr.w	ip, [r4, #20]
10001664:	eb02 0142 	add.w	r1, r2, r2, lsl #1
10001668:	2a00      	cmp	r2, #0
1000166a:	ea4f 0ec1 	mov.w	lr, r1, lsl #3
1000166e:	eb0c 01c1 	add.w	r1, ip, r1, lsl #3
10001672:	db02      	blt.n	1000167a <alarm_pool_add_alarm_at+0x5a>
10001674:	f83c 300e 	ldrh.w	r3, [ip, lr]
10001678:	8063      	strh	r3, [r4, #2]
1000167a:	f04f 0800 	mov.w	r8, #0
1000167e:	6923      	ldr	r3, [r4, #16]
10001680:	e8c3 8f8f 	stlb	r8, [r3]
10001684:	f380 8810 	msr	PRIMASK, r0
10001688:	4542      	cmp	r2, r8
1000168a:	db33      	blt.n	100016f4 <alarm_pool_add_alarm_at+0xd4>
1000168c:	8848      	ldrh	r0, [r1, #2]
1000168e:	9b06      	ldr	r3, [sp, #24]
10001690:	3001      	adds	r0, #1
10001692:	f3c0 000e 	ubfx	r0, r0, #0, #15
10001696:	2801      	cmp	r0, #1
10001698:	bf38      	it	cc
1000169a:	2001      	movcc	r0, #1
1000169c:	610b      	str	r3, [r1, #16]
1000169e:	9b07      	ldr	r3, [sp, #28]
100016a0:	8048      	strh	r0, [r1, #2]
100016a2:	614b      	str	r3, [r1, #20]
100016a4:	e9c1 7602 	strd	r7, r6, [r1, #8]
100016a8:	ea40 4002 	orr.w	r0, r0, r2, lsl #16
100016ac:	6923      	ldr	r3, [r4, #16]
100016ae:	f3ef 8110 	mrs	r1, PRIMASK
100016b2:	b672      	cpsid	i
100016b4:	e8d3 6fcf 	ldaexb	r6, [r3]
100016b8:	2501      	movs	r5, #1
100016ba:	2e00      	cmp	r6, #0
100016bc:	d1fa      	bne.n	100016b4 <alarm_pool_add_alarm_at+0x94>
100016be:	e8c3 5f46 	strexb	r6, r5, [r3]
100016c2:	2e00      	cmp	r6, #0
100016c4:	d1f6      	bne.n	100016b4 <alarm_pool_add_alarm_at+0x94>
100016c6:	f3bf 8f5f 	dmb	sy
100016ca:	88a3      	ldrh	r3, [r4, #4]
100016cc:	f82c 300e 	strh.w	r3, [ip, lr]
100016d0:	80a2      	strh	r2, [r4, #4]
100016d2:	6923      	ldr	r3, [r4, #16]
100016d4:	e8c3 8f8f 	stlb	r8, [r3]
100016d8:	f381 8810 	msr	PRIMASK, r1
100016dc:	2201      	movs	r2, #1
100016de:	68e3      	ldr	r3, [r4, #12]
100016e0:	7821      	ldrb	r1, [r4, #0]
100016e2:	f503 5301 	add.w	r3, r3, #8256	; 0x2040
100016e6:	408a      	lsls	r2, r1
100016e8:	605a      	str	r2, [r3, #4]
100016ea:	e8bd 81f0 	ldmia.w	sp!, {r4, r5, r6, r7, r8, pc}
100016ee:	4628      	mov	r0, r5
100016f0:	e8bd 81f0 	ldmia.w	sp!, {r4, r5, r6, r7, r8, pc}
100016f4:	f04f 30ff 	mov.w	r0, #4294967295
100016f8:	e7f7      	b.n	100016ea <alarm_pool_add_alarm_at+0xca>
100016fa:	bf00      	nop

100016fc <alarm_pool_add_alarm_at_force_in_context>:
100016fc:	4601      	mov	r1, r0
100016fe:	b5f0      	push	{r4, r5, r6, r7, lr}
10001700:	6900      	ldr	r0, [r0, #16]
10001702:	f3ef 8710 	mrs	r7, PRIMASK
10001706:	b672      	cpsid	i
10001708:	e8d0 5fcf 	ldaexb	r5, [r0]
1000170c:	2401      	movs	r4, #1
1000170e:	2d00      	cmp	r5, #0
10001710:	d1fa      	bne.n	10001708 <alarm_pool_add_alarm_at_force_in_context+0xc>
10001712:	e8c0 4f45 	strexb	r5, r4, [r0]
10001716:	2d00      	cmp	r5, #0
10001718:	d1f6      	bne.n	10001708 <alarm_pool_add_alarm_at_force_in_context+0xc>
1000171a:	f3bf 8f5f 	dmb	sy
1000171e:	f9b1 e002 	ldrsh.w	lr, [r1, #2]
10001722:	694c      	ldr	r4, [r1, #20]
10001724:	eb0e 0c4e 	add.w	ip, lr, lr, lsl #1
10001728:	ea4f 06cc 	mov.w	r6, ip, lsl #3
1000172c:	f1be 0f00 	cmp.w	lr, #0
10001730:	bfa8      	it	ge
10001732:	5ba0      	ldrhge	r0, [r4, r6]
10001734:	f04f 0500 	mov.w	r5, #0
10001738:	bfa8      	it	ge
1000173a:	8048      	strhge	r0, [r1, #2]
1000173c:	eb04 0ccc 	add.w	ip, r4, ip, lsl #3
10001740:	6908      	ldr	r0, [r1, #16]
10001742:	e8c0 5f8f 	stlb	r5, [r0]
10001746:	f387 8810 	msr	PRIMASK, r7
1000174a:	45ae      	cmp	lr, r5
1000174c:	db35      	blt.n	100017ba <alarm_pool_add_alarm_at_force_in_context+0xbe>
1000174e:	f8bc 0002 	ldrh.w	r0, [ip, #2]
10001752:	e9cc 2302 	strd	r2, r3, [ip, #8]
10001756:	3001      	adds	r0, #1
10001758:	f3c0 000e 	ubfx	r0, r0, #0, #15
1000175c:	2801      	cmp	r0, #1
1000175e:	bf38      	it	cc
10001760:	2001      	movcc	r0, #1
10001762:	9b05      	ldr	r3, [sp, #20]
10001764:	f8ac 0002 	strh.w	r0, [ip, #2]
10001768:	f8cc 3010 	str.w	r3, [ip, #16]
1000176c:	9b06      	ldr	r3, [sp, #24]
1000176e:	ea40 400e 	orr.w	r0, r0, lr, lsl #16
10001772:	f8cc 3014 	str.w	r3, [ip, #20]
10001776:	690b      	ldr	r3, [r1, #16]
10001778:	f3ef 8210 	mrs	r2, PRIMASK
1000177c:	b672      	cpsid	i
1000177e:	e8d3 cfcf 	ldaexb	ip, [r3]
10001782:	2701      	movs	r7, #1
10001784:	f1bc 0f00 	cmp.w	ip, #0
10001788:	d1f9      	bne.n	1000177e <alarm_pool_add_alarm_at_force_in_context+0x82>
1000178a:	e8c3 7f4c 	strexb	ip, r7, [r3]
1000178e:	f1bc 0f00 	cmp.w	ip, #0
10001792:	d1f4      	bne.n	1000177e <alarm_pool_add_alarm_at_force_in_context+0x82>
10001794:	f3bf 8f5f 	dmb	sy
10001798:	888b      	ldrh	r3, [r1, #4]
1000179a:	53a3      	strh	r3, [r4, r6]
1000179c:	f8a1 e004 	strh.w	lr, [r1, #4]
100017a0:	690b      	ldr	r3, [r1, #16]
100017a2:	e8c3 5f8f 	stlb	r5, [r3]
100017a6:	f382 8810 	msr	PRIMASK, r2
100017aa:	2201      	movs	r2, #1
100017ac:	68cb      	ldr	r3, [r1, #12]
100017ae:	7809      	ldrb	r1, [r1, #0]
100017b0:	f503 5301 	add.w	r3, r3, #8256	; 0x2040
100017b4:	408a      	lsls	r2, r1
100017b6:	605a      	str	r2, [r3, #4]
100017b8:	bdf0      	pop	{r4, r5, r6, r7, pc}
100017ba:	f04f 30ff 	mov.w	r0, #4294967295
100017be:	bdf0      	pop	{r4, r5, r6, r7, pc}

100017c0 <alarm_pool_cancel_alarm>:
100017c0:	8942      	ldrh	r2, [r0, #10]
100017c2:	ebb2 4f21 	cmp.w	r2, r1, asr #16
100017c6:	dd38      	ble.n	1000183a <alarm_pool_cancel_alarm+0x7a>
100017c8:	6942      	ldr	r2, [r0, #20]
100017ca:	140b      	asrs	r3, r1, #16
100017cc:	eb03 0343 	add.w	r3, r3, r3, lsl #1
100017d0:	b510      	push	{r4, lr}
100017d2:	eb02 03c3 	add.w	r3, r2, r3, lsl #3
100017d6:	6904      	ldr	r4, [r0, #16]
100017d8:	f3ef 8c10 	mrs	ip, PRIMASK
100017dc:	b672      	cpsid	i
100017de:	e8d4 efcf 	ldaexb	lr, [r4]
100017e2:	2201      	movs	r2, #1
100017e4:	f1be 0f00 	cmp.w	lr, #0
100017e8:	d1f9      	bne.n	100017de <alarm_pool_cancel_alarm+0x1e>
100017ea:	e8c4 2f4e 	strexb	lr, r2, [r4]
100017ee:	f1be 0f00 	cmp.w	lr, #0
100017f2:	d1f4      	bne.n	100017de <alarm_pool_cancel_alarm+0x1e>
100017f4:	f3bf 8f5f 	dmb	sy
100017f8:	885a      	ldrh	r2, [r3, #2]
100017fa:	b289      	uxth	r1, r1
100017fc:	b292      	uxth	r2, r2
100017fe:	428a      	cmp	r2, r1
10001800:	d007      	beq.n	10001812 <alarm_pool_cancel_alarm+0x52>
10001802:	2300      	movs	r3, #0
10001804:	6902      	ldr	r2, [r0, #16]
10001806:	e8c2 3f8f 	stlb	r3, [r2]
1000180a:	f38c 8810 	msr	PRIMASK, ip
1000180e:	4618      	mov	r0, r3
10001810:	bd10      	pop	{r4, pc}
10001812:	f442 4200 	orr.w	r2, r2, #32768	; 0x8000
10001816:	805a      	strh	r2, [r3, #2]
10001818:	2301      	movs	r3, #1
1000181a:	2200      	movs	r2, #0
1000181c:	6901      	ldr	r1, [r0, #16]
1000181e:	7183      	strb	r3, [r0, #6]
10001820:	e8c1 2f8f 	stlb	r2, [r1]
10001824:	f38c 8810 	msr	PRIMASK, ip
10001828:	68c2      	ldr	r2, [r0, #12]
1000182a:	7801      	ldrb	r1, [r0, #0]
1000182c:	f502 5201 	add.w	r2, r2, #8256	; 0x2040
10001830:	fa03 f101 	lsl.w	r1, r3, r1
10001834:	4618      	mov	r0, r3
10001836:	6051      	str	r1, [r2, #4]
10001838:	bd10      	pop	{r4, pc}
1000183a:	2000      	movs	r0, #0
1000183c:	4770      	bx	lr
1000183e:	bf00      	nop

10001840 <alarm_pool_core_num>:
10001840:	7840      	ldrb	r0, [r0, #1]
10001842:	4770      	bx	lr

10001844 <sleep_until>:
10001844:	e92d 43f0 	stmdb	sp!, {r4, r5, r6, r7, r8, r9, lr}
10001848:	1f86      	subs	r6, r0, #6
1000184a:	f141 35ff 	adc.w	r5, r1, #4294967295
1000184e:	42b0      	cmp	r0, r6
10001850:	eb71 0305 	sbcs.w	r3, r1, r5
10001854:	bf38      	it	cc
10001856:	2600      	movcc	r6, #0
10001858:	b083      	sub	sp, #12
1000185a:	bf38      	it	cc
1000185c:	4635      	movcc	r5, r6
1000185e:	4604      	mov	r4, r0
10001860:	460f      	mov	r7, r1
10001862:	f000 f8fd 	bl	10001a60 <time_us_64>
10001866:	1a30      	subs	r0, r6, r0
10001868:	eb65 0101 	sbc.w	r1, r5, r1
1000186c:	2801      	cmp	r0, #1
1000186e:	f171 0300 	sbcs.w	r3, r1, #0
10001872:	da06      	bge.n	10001882 <sleep_until+0x3e>
10001874:	4620      	mov	r0, r4
10001876:	4639      	mov	r1, r7
10001878:	b003      	add	sp, #12
1000187a:	e8bd 43f0 	ldmia.w	sp!, {r4, r5, r6, r7, r8, r9, lr}
1000187e:	f000 b91f 	b.w	10001ac0 <busy_wait_until>
10001882:	f000 f8ed 	bl	10001a60 <time_us_64>
10001886:	4286      	cmp	r6, r0
10001888:	eb65 0101 	sbc.w	r1, r5, r1
1000188c:	2900      	cmp	r1, #0
1000188e:	db0a      	blt.n	100018a6 <sleep_until+0x62>
10001890:	2100      	movs	r1, #0
10001892:	4b1c      	ldr	r3, [pc, #112]	; (10001904 <sleep_until+0xc0>)
10001894:	4632      	mov	r2, r6
10001896:	9300      	str	r3, [sp, #0]
10001898:	481b      	ldr	r0, [pc, #108]	; (10001908 <sleep_until+0xc4>)
1000189a:	462b      	mov	r3, r5
1000189c:	9101      	str	r1, [sp, #4]
1000189e:	f7ff ff2d 	bl	100016fc <alarm_pool_add_alarm_at_force_in_context>
100018a2:	2800      	cmp	r0, #0
100018a4:	dbe6      	blt.n	10001874 <sleep_until+0x30>
100018a6:	f04f 0e00 	mov.w	lr, #0
100018aa:	f8df c068 	ldr.w	ip, [pc, #104]	; 10001914 <sleep_until+0xd0>
100018ae:	4917      	ldr	r1, [pc, #92]	; (1000190c <sleep_until+0xc8>)
100018b0:	4a17      	ldr	r2, [pc, #92]	; (10001910 <sleep_until+0xcc>)
100018b2:	f8dc 3024 	ldr.w	r3, [ip, #36]	; 0x24
100018b6:	429d      	cmp	r5, r3
100018b8:	d805      	bhi.n	100018c6 <sleep_until+0x82>
100018ba:	f8dc 0028 	ldr.w	r0, [ip, #40]	; 0x28
100018be:	42b0      	cmp	r0, r6
100018c0:	d2d8      	bcs.n	10001874 <sleep_until+0x30>
100018c2:	429d      	cmp	r5, r3
100018c4:	d1d6      	bne.n	10001874 <sleep_until+0x30>
100018c6:	680b      	ldr	r3, [r1, #0]
100018c8:	f3ef 8810 	mrs	r8, PRIMASK
100018cc:	b672      	cpsid	i
100018ce:	e8d3 9fcf 	ldaexb	r9, [r3]
100018d2:	2001      	movs	r0, #1
100018d4:	f1b9 0f00 	cmp.w	r9, #0
100018d8:	d1f9      	bne.n	100018ce <sleep_until+0x8a>
100018da:	e8c3 0f49 	strexb	r9, r0, [r3]
100018de:	f1b9 0f00 	cmp.w	r9, #0
100018e2:	d1f4      	bne.n	100018ce <sleep_until+0x8a>
100018e4:	f3bf 8f5f 	dmb	sy
100018e8:	7810      	ldrb	r0, [r2, #0]
100018ea:	680b      	ldr	r3, [r1, #0]
100018ec:	b2c0      	uxtb	r0, r0
100018ee:	e8c3 ef8f 	stlb	lr, [r3]
100018f2:	f388 8810 	msr	PRIMASK, r8
100018f6:	7813      	ldrb	r3, [r2, #0]
100018f8:	4283      	cmp	r3, r0
100018fa:	d100      	bne.n	100018fe <sleep_until+0xba>
100018fc:	bf20      	wfe
100018fe:	bf20      	wfe
10001900:	e7d7      	b.n	100018b2 <sleep_until+0x6e>
10001902:	bf00      	nop
10001904:	100011c9 	.word	0x100011c9
10001908:	2000175c 	.word	0x2000175c
1000190c:	200020fc 	.word	0x200020fc
10001910:	20002126 	.word	0x20002126
10001914:	400b0000 	.word	0x400b0000

10001918 <sleep_ms>:
10001918:	b510      	push	{r4, lr}
1000191a:	4604      	mov	r4, r0
1000191c:	f000 f8a0 	bl	10001a60 <time_us_64>
10001920:	f44f 737a 	mov.w	r3, #1000	; 0x3e8
10001924:	fbe4 0103 	umlal	r0, r1, r4, r3
10001928:	e8bd 4010 	ldmia.w	sp!, {r4, lr}
1000192c:	2900      	cmp	r1, #0
1000192e:	bfbc      	itt	lt
10001930:	f04f 30ff 	movlt.w	r0, #4294967295
10001934:	f06f 4100 	mvnlt.w	r1, #2147483648	; 0x80000000
10001938:	f7ff bf84 	b.w	10001844 <sleep_until>

1000193c <best_effort_wfe_or_timeout>:
1000193c:	e92d 47f0 	stmdb	sp!, {r4, r5, r6, r7, r8, r9, sl, lr}
10001940:	4605      	mov	r5, r0
10001942:	460c      	mov	r4, r1
10001944:	b082      	sub	sp, #8
10001946:	f3ef 8705 	mrs	r7, IPSR
1000194a:	b2ff      	uxtb	r7, r7
1000194c:	2f00      	cmp	r7, #0
1000194e:	d151      	bne.n	100019f4 <best_effort_wfe_or_timeout+0xb8>
10001950:	4e32      	ldr	r6, [pc, #200]	; (10001a1c <best_effort_wfe_or_timeout+0xe0>)
10001952:	e9d6 2300 	ldrd	r2, r3, [r6]
10001956:	428b      	cmp	r3, r1
10001958:	bf08      	it	eq
1000195a:	4282      	cmpeq	r2, r0
1000195c:	d03c      	beq.n	100019d8 <best_effort_wfe_or_timeout+0x9c>
1000195e:	f8df 80c8 	ldr.w	r8, [pc, #200]	; 10001a28 <best_effort_wfe_or_timeout+0xec>
10001962:	f8d8 a00c 	ldr.w	sl, [r8, #12]
10001966:	f898 9000 	ldrb.w	r9, [r8]
1000196a:	4650      	mov	r0, sl
1000196c:	f000 f870 	bl	10001a50 <timer_time_us_64>
10001970:	f109 0904 	add.w	r9, r9, #4
10001974:	f85a 3029 	ldr.w	r3, [sl, r9, lsl #2]
10001978:	1a1b      	subs	r3, r3, r0
1000197a:	1a28      	subs	r0, r5, r0
1000197c:	eb64 0101 	sbc.w	r1, r4, r1
10001980:	4298      	cmp	r0, r3
10001982:	f171 0300 	sbcs.w	r3, r1, #0
10001986:	da27      	bge.n	100019d8 <best_effort_wfe_or_timeout+0x9c>
10001988:	f000 f86a 	bl	10001a60 <time_us_64>
1000198c:	4285      	cmp	r5, r0
1000198e:	eb64 0101 	sbc.w	r1, r4, r1
10001992:	2900      	cmp	r1, #0
10001994:	db15      	blt.n	100019c2 <best_effort_wfe_or_timeout+0x86>
10001996:	4b22      	ldr	r3, [pc, #136]	; (10001a20 <best_effort_wfe_or_timeout+0xe4>)
10001998:	4640      	mov	r0, r8
1000199a:	9300      	str	r3, [sp, #0]
1000199c:	462a      	mov	r2, r5
1000199e:	4623      	mov	r3, r4
100019a0:	9701      	str	r7, [sp, #4]
100019a2:	f7ff feab 	bl	100016fc <alarm_pool_add_alarm_at_force_in_context>
100019a6:	1e01      	subs	r1, r0, #0
100019a8:	dd0b      	ble.n	100019c2 <best_effort_wfe_or_timeout+0x86>
100019aa:	4b1e      	ldr	r3, [pc, #120]	; (10001a24 <best_effort_wfe_or_timeout+0xe8>)
100019ac:	e9c6 5400 	strd	r5, r4, [r6]
100019b0:	6a5a      	ldr	r2, [r3, #36]	; 0x24
100019b2:	4294      	cmp	r4, r2
100019b4:	d82f      	bhi.n	10001a16 <best_effort_wfe_or_timeout+0xda>
100019b6:	6a9b      	ldr	r3, [r3, #40]	; 0x28
100019b8:	42ab      	cmp	r3, r5
100019ba:	d32a      	bcc.n	10001a12 <best_effort_wfe_or_timeout+0xd6>
100019bc:	481a      	ldr	r0, [pc, #104]	; (10001a28 <best_effort_wfe_or_timeout+0xec>)
100019be:	f7ff feff 	bl	100017c0 <alarm_pool_cancel_alarm>
100019c2:	4b18      	ldr	r3, [pc, #96]	; (10001a24 <best_effort_wfe_or_timeout+0xe8>)
100019c4:	6a58      	ldr	r0, [r3, #36]	; 0x24
100019c6:	4284      	cmp	r4, r0
100019c8:	d818      	bhi.n	100019fc <best_effort_wfe_or_timeout+0xc0>
100019ca:	6a9b      	ldr	r3, [r3, #40]	; 0x28
100019cc:	42ab      	cmp	r3, r5
100019ce:	d30b      	bcc.n	100019e8 <best_effort_wfe_or_timeout+0xac>
100019d0:	2001      	movs	r0, #1
100019d2:	b002      	add	sp, #8
100019d4:	e8bd 87f0 	ldmia.w	sp!, {r4, r5, r6, r7, r8, r9, sl, pc}
100019d8:	bf20      	wfe
100019da:	4a12      	ldr	r2, [pc, #72]	; (10001a24 <best_effort_wfe_or_timeout+0xe8>)
100019dc:	6a50      	ldr	r0, [r2, #36]	; 0x24
100019de:	4284      	cmp	r4, r0
100019e0:	d80c      	bhi.n	100019fc <best_effort_wfe_or_timeout+0xc0>
100019e2:	6a93      	ldr	r3, [r2, #40]	; 0x28
100019e4:	42ab      	cmp	r3, r5
100019e6:	d2f3      	bcs.n	100019d0 <best_effort_wfe_or_timeout+0x94>
100019e8:	1a20      	subs	r0, r4, r0
100019ea:	bf18      	it	ne
100019ec:	2001      	movne	r0, #1
100019ee:	b002      	add	sp, #8
100019f0:	e8bd 87f0 	ldmia.w	sp!, {r4, r5, r6, r7, r8, r9, sl, pc}
100019f4:	4a0b      	ldr	r2, [pc, #44]	; (10001a24 <best_effort_wfe_or_timeout+0xe8>)
100019f6:	6a50      	ldr	r0, [r2, #36]	; 0x24
100019f8:	4288      	cmp	r0, r1
100019fa:	d203      	bcs.n	10001a04 <best_effort_wfe_or_timeout+0xc8>
100019fc:	2000      	movs	r0, #0
100019fe:	b002      	add	sp, #8
10001a00:	e8bd 87f0 	ldmia.w	sp!, {r4, r5, r6, r7, r8, r9, sl, pc}
10001a04:	6a93      	ldr	r3, [r2, #40]	; 0x28
10001a06:	42ab      	cmp	r3, r5
10001a08:	d2e2      	bcs.n	100019d0 <best_effort_wfe_or_timeout+0x94>
10001a0a:	1a40      	subs	r0, r0, r1
10001a0c:	bf18      	it	ne
10001a0e:	2001      	movne	r0, #1
10001a10:	e7df      	b.n	100019d2 <best_effort_wfe_or_timeout+0x96>
10001a12:	4294      	cmp	r4, r2
10001a14:	d1d2      	bne.n	100019bc <best_effort_wfe_or_timeout+0x80>
10001a16:	bf20      	wfe
10001a18:	e7d0      	b.n	100019bc <best_effort_wfe_or_timeout+0x80>
10001a1a:	bf00      	nop
10001a1c:	20001778 	.word	0x20001778
10001a20:	100011c9 	.word	0x100011c9
10001a24:	400b0000 	.word	0x400b0000
10001a28:	2000175c 	.word	0x2000175c

10001a2c <timer_hardware_alarm_claim>:
10001a2c:	b410      	push	{r4}
10001a2e:	4b05      	ldr	r3, [pc, #20]	; (10001a44 <timer_hardware_alarm_claim+0x18>)
10001a30:	4c05      	ldr	r4, [pc, #20]	; (10001a48 <timer_hardware_alarm_claim+0x1c>)
10001a32:	4a06      	ldr	r2, [pc, #24]	; (10001a4c <timer_hardware_alarm_claim+0x20>)
10001a34:	42a0      	cmp	r0, r4
10001a36:	bf14      	ite	ne
10001a38:	4618      	movne	r0, r3
10001a3a:	1c58      	addeq	r0, r3, #1
10001a3c:	f85d 4b04 	ldr.w	r4, [sp], #4
10001a40:	f7fe bfd6 	b.w	100009f0 <hw_claim_or_assert>
10001a44:	20001c60 	.word	0x20001c60
10001a48:	400b8000 	.word	0x400b8000
10001a4c:	10006600 	.word	0x10006600

10001a50 <timer_time_us_64>:
10001a50:	6a41      	ldr	r1, [r0, #36]	; 0x24
10001a52:	460b      	mov	r3, r1
10001a54:	6a82      	ldr	r2, [r0, #40]	; 0x28
10001a56:	6a41      	ldr	r1, [r0, #36]	; 0x24
10001a58:	428b      	cmp	r3, r1
10001a5a:	d1fa      	bne.n	10001a52 <timer_time_us_64+0x2>
10001a5c:	4610      	mov	r0, r2
10001a5e:	4770      	bx	lr

10001a60 <time_us_64>:
10001a60:	4b03      	ldr	r3, [pc, #12]	; (10001a70 <time_us_64+0x10>)
10001a62:	6a59      	ldr	r1, [r3, #36]	; 0x24
10001a64:	460a      	mov	r2, r1
10001a66:	6a98      	ldr	r0, [r3, #40]	; 0x28
10001a68:	6a59      	ldr	r1, [r3, #36]	; 0x24
10001a6a:	4291      	cmp	r1, r2
10001a6c:	d1fa      	bne.n	10001a64 <time_us_64+0x4>
10001a6e:	4770      	bx	lr
10001a70:	400b0000 	.word	0x400b0000

10001a74 <busy_wait_us>:
10001a74:	b410      	push	{r4}
10001a76:	4a11      	ldr	r2, [pc, #68]	; (10001abc <busy_wait_us+0x48>)
10001a78:	6a53      	ldr	r3, [r2, #36]	; 0x24
10001a7a:	469c      	mov	ip, r3
10001a7c:	6a94      	ldr	r4, [r2, #40]	; 0x28
10001a7e:	6a53      	ldr	r3, [r2, #36]	; 0x24
10001a80:	4563      	cmp	r3, ip
10001a82:	d1fa      	bne.n	10001a7a <busy_wait_us+0x6>
10001a84:	1900      	adds	r0, r0, r4
10001a86:	414b      	adcs	r3, r1
10001a88:	f04f 0200 	mov.w	r2, #0
10001a8c:	bf28      	it	cs
10001a8e:	2201      	movcs	r2, #1
10001a90:	b112      	cbz	r2, 10001a98 <busy_wait_us+0x24>
10001a92:	f04f 33ff 	mov.w	r3, #4294967295
10001a96:	4618      	mov	r0, r3
10001a98:	4908      	ldr	r1, [pc, #32]	; (10001abc <busy_wait_us+0x48>)
10001a9a:	6a4a      	ldr	r2, [r1, #36]	; 0x24
10001a9c:	429a      	cmp	r2, r3
10001a9e:	d3fc      	bcc.n	10001a9a <busy_wait_us+0x26>
10001aa0:	429a      	cmp	r2, r3
10001aa2:	d107      	bne.n	10001ab4 <busy_wait_us+0x40>
10001aa4:	4a05      	ldr	r2, [pc, #20]	; (10001abc <busy_wait_us+0x48>)
10001aa6:	e002      	b.n	10001aae <busy_wait_us+0x3a>
10001aa8:	6a51      	ldr	r1, [r2, #36]	; 0x24
10001aaa:	4299      	cmp	r1, r3
10001aac:	d102      	bne.n	10001ab4 <busy_wait_us+0x40>
10001aae:	6a91      	ldr	r1, [r2, #40]	; 0x28
10001ab0:	4281      	cmp	r1, r0
10001ab2:	d3f9      	bcc.n	10001aa8 <busy_wait_us+0x34>
10001ab4:	f85d 4b04 	ldr.w	r4, [sp], #4
10001ab8:	4770      	bx	lr
10001aba:	bf00      	nop
10001abc:	400b0000 	.word	0x400b0000

10001ac0 <busy_wait_until>:
10001ac0:	4a07      	ldr	r2, [pc, #28]	; (10001ae0 <busy_wait_until+0x20>)
10001ac2:	6a53      	ldr	r3, [r2, #36]	; 0x24
10001ac4:	4299      	cmp	r1, r3
10001ac6:	d8fc      	bhi.n	10001ac2 <busy_wait_until+0x2>
10001ac8:	4299      	cmp	r1, r3
10001aca:	d107      	bne.n	10001adc <busy_wait_until+0x1c>
10001acc:	4b04      	ldr	r3, [pc, #16]	; (10001ae0 <busy_wait_until+0x20>)
10001ace:	e002      	b.n	10001ad6 <busy_wait_until+0x16>
10001ad0:	6a5a      	ldr	r2, [r3, #36]	; 0x24
10001ad2:	4291      	cmp	r1, r2
10001ad4:	d102      	bne.n	10001adc <busy_wait_until+0x1c>
10001ad6:	6a9a      	ldr	r2, [r3, #40]	; 0x28
10001ad8:	4282      	cmp	r2, r0
10001ada:	d3f9      	bcc.n	10001ad0 <busy_wait_until+0x10>
10001adc:	4770      	bx	lr
10001ade:	bf00      	nop
10001ae0:	400b0000 	.word	0x400b0000

10001ae4 <uart_init>:
10001ae4:	b5f8      	push	{r3, r4, r5, r6, r7, lr}
10001ae6:	4605      	mov	r5, r0
10001ae8:	2006      	movs	r0, #6
10001aea:	460e      	mov	r6, r1
10001aec:	f000 f8e4 	bl	10001cb8 <clock_get_hz>
10001af0:	2800      	cmp	r0, #0
10001af2:	d042      	beq.n	10001b7a <uart_init+0x96>
10001af4:	4a35      	ldr	r2, [pc, #212]	; (10001bcc <uart_init+0xe8>)
10001af6:	4836      	ldr	r0, [pc, #216]	; (10001bd0 <uart_init+0xec>)
10001af8:	4295      	cmp	r5, r2
10001afa:	bf0c      	ite	eq
10001afc:	f04f 6200 	moveq.w	r2, #134217728	; 0x8000000
10001b00:	f04f 6280 	movne.w	r2, #67108864	; 0x4000000
10001b04:	4b33      	ldr	r3, [pc, #204]	; (10001bd4 <uart_init+0xf0>)
10001b06:	4934      	ldr	r1, [pc, #208]	; (10001bd8 <uart_init+0xf4>)
10001b08:	6002      	str	r2, [r0, #0]
10001b0a:	601a      	str	r2, [r3, #0]
10001b0c:	688c      	ldr	r4, [r1, #8]
10001b0e:	ea32 0404 	bics.w	r4, r2, r4
10001b12:	d1fb      	bne.n	10001b0c <uart_init+0x28>
10001b14:	4b2d      	ldr	r3, [pc, #180]	; (10001bcc <uart_init+0xe8>)
10001b16:	f44f 7180 	mov.w	r1, #256	; 0x100
10001b1a:	1aeb      	subs	r3, r5, r3
10001b1c:	fab3 f383 	clz	r3, r3
10001b20:	4a2e      	ldr	r2, [pc, #184]	; (10001bdc <uart_init+0xf8>)
10001b22:	095b      	lsrs	r3, r3, #5
10001b24:	f822 1013 	strh.w	r1, [r2, r3, lsl #1]
10001b28:	2006      	movs	r0, #6
10001b2a:	f000 f8c5 	bl	10001cb8 <clock_get_hz>
10001b2e:	00c0      	lsls	r0, r0, #3
10001b30:	fbb0 f6f6 	udiv	r6, r0, r6
10001b34:	3601      	adds	r6, #1
10001b36:	09f3      	lsrs	r3, r6, #7
10001b38:	d120      	bne.n	10001b7c <uart_init+0x98>
10001b3a:	2740      	movs	r7, #64	; 0x40
10001b3c:	2201      	movs	r2, #1
10001b3e:	626a      	str	r2, [r5, #36]	; 0x24
10001b40:	62ab      	str	r3, [r5, #40]	; 0x28
10001b42:	6b2e      	ldr	r6, [r5, #48]	; 0x30
10001b44:	07f3      	lsls	r3, r6, #31
10001b46:	d422      	bmi.n	10001b8e <uart_init+0xaa>
10001b48:	462b      	mov	r3, r5
10001b4a:	2200      	movs	r2, #0
10001b4c:	f853 1f2c 	ldr.w	r1, [r3, #44]!
10001b50:	2006      	movs	r0, #6
10001b52:	f503 5480 	add.w	r4, r3, #4096	; 0x1000
10001b56:	6022      	str	r2, [r4, #0]
10001b58:	632e      	str	r6, [r5, #48]	; 0x30
10001b5a:	f000 f8ad 	bl	10001cb8 <clock_get_hz>
10001b5e:	6aeb      	ldr	r3, [r5, #44]	; 0x2c
10001b60:	f240 3201 	movw	r2, #769	; 0x301
10001b64:	f083 0370 	eor.w	r3, r3, #112	; 0x70
10001b68:	f003 037e 	and.w	r3, r3, #126	; 0x7e
10001b6c:	6023      	str	r3, [r4, #0]
10001b6e:	0080      	lsls	r0, r0, #2
10001b70:	2303      	movs	r3, #3
10001b72:	fbb0 f0f7 	udiv	r0, r0, r7
10001b76:	632a      	str	r2, [r5, #48]	; 0x30
10001b78:	64ab      	str	r3, [r5, #72]	; 0x48
10001b7a:	bdf8      	pop	{r3, r4, r5, r6, r7, pc}
10001b7c:	f64f 72fe 	movw	r2, #65534	; 0xfffe
10001b80:	4293      	cmp	r3, r2
10001b82:	d91b      	bls.n	10001bbc <uart_init+0xd8>
10001b84:	4623      	mov	r3, r4
10001b86:	f64f 72ff 	movw	r2, #65535	; 0xffff
10001b8a:	4f15      	ldr	r7, [pc, #84]	; (10001be0 <uart_init+0xfc>)
10001b8c:	e7d7      	b.n	10001b3e <uart_init+0x5a>
10001b8e:	f240 3201 	movw	r2, #769	; 0x301
10001b92:	f505 5340 	add.w	r3, r5, #12288	; 0x3000
10001b96:	631a      	str	r2, [r3, #48]	; 0x30
10001b98:	6a6b      	ldr	r3, [r5, #36]	; 0x24
10001b9a:	6aac      	ldr	r4, [r5, #40]	; 0x28
10001b9c:	2006      	movs	r0, #6
10001b9e:	eb04 1483 	add.w	r4, r4, r3, lsl #6
10001ba2:	f000 f889 	bl	10001cb8 <clock_get_hz>
10001ba6:	4b0f      	ldr	r3, [pc, #60]	; (10001be4 <uart_init+0x100>)
10001ba8:	02a4      	lsls	r4, r4, #10
10001baa:	fba3 2300 	umull	r2, r3, r3, r0
10001bae:	0adb      	lsrs	r3, r3, #11
10001bb0:	2100      	movs	r1, #0
10001bb2:	fbb4 f0f3 	udiv	r0, r4, r3
10001bb6:	f7ff ff5d 	bl	10001a74 <busy_wait_us>
10001bba:	e7c5      	b.n	10001b48 <uart_init+0x64>
10001bbc:	f3c6 0645 	ubfx	r6, r6, #1, #6
10001bc0:	461a      	mov	r2, r3
10001bc2:	eb06 1783 	add.w	r7, r6, r3, lsl #6
10001bc6:	4633      	mov	r3, r6
10001bc8:	e7b9      	b.n	10001b3e <uart_init+0x5a>
10001bca:	bf00      	nop
10001bcc:	40078000 	.word	0x40078000
10001bd0:	40022000 	.word	0x40022000
10001bd4:	40023000 	.word	0x40023000
10001bd8:	40020000 	.word	0x40020000
10001bdc:	20002108 	.word	0x20002108
10001be0:	003fffc0 	.word	0x003fffc0
10001be4:	8f2b7b75 	.word	0x8f2b7b75

10001be8 <clock_configure_undivided>:
10001be8:	eb00 0c40 	add.w	ip, r0, r0, lsl #1
10001bec:	ea4f 0c8c 	mov.w	ip, ip, lsl #2
10001bf0:	f10c 4c80 	add.w	ip, ip, #1073741824	; 0x40000000
10001bf4:	f50c 3c80 	add.w	ip, ip, #65536	; 0x10000
10001bf8:	b570      	push	{r4, r5, r6, lr}
10001bfa:	f8dc 4004 	ldr.w	r4, [ip, #4]
10001bfe:	f1a0 0e04 	sub.w	lr, r0, #4
10001c02:	f5b4 3f80 	cmp.w	r4, #65536	; 0x10000
10001c06:	bf38      	it	cc
10001c08:	f44f 3480 	movcc.w	r4, #65536	; 0x10000
10001c0c:	fa5f fe8e 	uxtb.w	lr, lr
10001c10:	bf38      	it	cc
10001c12:	f8cc 4004 	strcc.w	r4, [ip, #4]
10001c16:	f1be 0f01 	cmp.w	lr, #1
10001c1a:	d929      	bls.n	10001c70 <clock_configure_undivided+0x88>
10001c1c:	f44f 6600 	mov.w	r6, #2048	; 0x800
10001c20:	4d24      	ldr	r5, [pc, #144]	; (10001cb4 <clock_configure_undivided+0xcc>)
10001c22:	f50c 5440 	add.w	r4, ip, #12288	; 0x3000
10001c26:	6026      	str	r6, [r4, #0]
10001c28:	f855 6020 	ldr.w	r6, [r5, r0, lsl #2]
10001c2c:	b9be      	cbnz	r6, 10001c5e <clock_configure_undivided+0x76>
10001c2e:	f8dc 4000 	ldr.w	r4, [ip]
10001c32:	f50c 5680 	add.w	r6, ip, #4096	; 0x1000
10001c36:	ea84 1242 	eor.w	r2, r4, r2, lsl #5
10001c3a:	f002 02e0 	and.w	r2, r2, #224	; 0xe0
10001c3e:	f1be 0f01 	cmp.w	lr, #1
10001c42:	6032      	str	r2, [r6, #0]
10001c44:	d928      	bls.n	10001c98 <clock_configure_undivided+0xb0>
10001c46:	f44f 6100 	mov.w	r1, #2048	; 0x800
10001c4a:	f845 3020 	str.w	r3, [r5, r0, lsl #2]
10001c4e:	f44f 3380 	mov.w	r3, #65536	; 0x10000
10001c52:	f50c 5200 	add.w	r2, ip, #8192	; 0x2000
10001c56:	6011      	str	r1, [r2, #0]
10001c58:	f8cc 3004 	str.w	r3, [ip, #4]
10001c5c:	bd70      	pop	{r4, r5, r6, pc}
10001c5e:	696c      	ldr	r4, [r5, #20]
10001c60:	fbb4 f4f6 	udiv	r4, r4, r6
10001c64:	3401      	adds	r4, #1
10001c66:	eb04 0444 	add.w	r4, r4, r4, lsl #1
10001c6a:	3c03      	subs	r4, #3
10001c6c:	d2fd      	bcs.n	10001c6a <clock_configure_undivided+0x82>
10001c6e:	e7de      	b.n	10001c2e <clock_configure_undivided+0x46>
10001c70:	2901      	cmp	r1, #1
10001c72:	d1d3      	bne.n	10001c1c <clock_configure_undivided+0x34>
10001c74:	2503      	movs	r5, #3
10001c76:	f50c 5440 	add.w	r4, ip, #12288	; 0x3000
10001c7a:	6025      	str	r5, [r4, #0]
10001c7c:	f8dc 4008 	ldr.w	r4, [ip, #8]
10001c80:	07e4      	lsls	r4, r4, #31
10001c82:	d5fb      	bpl.n	10001c7c <clock_configure_undivided+0x94>
10001c84:	f8dc 4000 	ldr.w	r4, [ip]
10001c88:	f50c 5680 	add.w	r6, ip, #4096	; 0x1000
10001c8c:	ea84 1242 	eor.w	r2, r4, r2, lsl #5
10001c90:	f002 02e0 	and.w	r2, r2, #224	; 0xe0
10001c94:	4d07      	ldr	r5, [pc, #28]	; (10001cb4 <clock_configure_undivided+0xcc>)
10001c96:	6032      	str	r2, [r6, #0]
10001c98:	2201      	movs	r2, #1
10001c9a:	f8dc 4000 	ldr.w	r4, [ip]
10001c9e:	404c      	eors	r4, r1
10001ca0:	f004 0403 	and.w	r4, r4, #3
10001ca4:	6034      	str	r4, [r6, #0]
10001ca6:	fa02 f101 	lsl.w	r1, r2, r1
10001caa:	f8dc 2008 	ldr.w	r2, [ip, #8]
10001cae:	420a      	tst	r2, r1
10001cb0:	d0fb      	beq.n	10001caa <clock_configure_undivided+0xc2>
10001cb2:	e7c8      	b.n	10001c46 <clock_configure_undivided+0x5e>
10001cb4:	20001c64 	.word	0x20001c64

10001cb8 <clock_get_hz>:
10001cb8:	4b01      	ldr	r3, [pc, #4]	; (10001cc0 <clock_get_hz+0x8>)
10001cba:	f853 0020 	ldr.w	r0, [r3, r0, lsl #2]
10001cbe:	4770      	bx	lr
10001cc0:	20001c64 	.word	0x20001c64

10001cc4 <pll_init>:
10001cc4:	b470      	push	{r4, r5, r6}
10001cc6:	9c03      	ldr	r4, [sp, #12]
10001cc8:	6805      	ldr	r5, [r0, #0]
10001cca:	0324      	lsls	r4, r4, #12
10001ccc:	ea44 4303 	orr.w	r3, r4, r3, lsl #16
10001cd0:	4c1b      	ldr	r4, [pc, #108]	; (10001d40 <pll_init+0x7c>)
10001cd2:	2d00      	cmp	r5, #0
10001cd4:	fbb4 f4f1 	udiv	r4, r4, r1
10001cd8:	fbb2 f2f4 	udiv	r2, r2, r4
10001cdc:	db1f      	blt.n	10001d1e <pll_init+0x5a>
10001cde:	4d19      	ldr	r5, [pc, #100]	; (10001d44 <pll_init+0x80>)
10001ce0:	4c19      	ldr	r4, [pc, #100]	; (10001d48 <pll_init+0x84>)
10001ce2:	42a8      	cmp	r0, r5
10001ce4:	bf0c      	ite	eq
10001ce6:	f44f 4500 	moveq.w	r5, #32768	; 0x8000
10001cea:	f44f 4580 	movne.w	r5, #16384	; 0x4000
10001cee:	4e17      	ldr	r6, [pc, #92]	; (10001d4c <pll_init+0x88>)
10001cf0:	6025      	str	r5, [r4, #0]
10001cf2:	f504 5480 	add.w	r4, r4, #4096	; 0x1000
10001cf6:	6025      	str	r5, [r4, #0]
10001cf8:	68b4      	ldr	r4, [r6, #8]
10001cfa:	ea35 0404 	bics.w	r4, r5, r4
10001cfe:	d1fb      	bne.n	10001cf8 <pll_init+0x34>
10001d00:	2521      	movs	r5, #33	; 0x21
10001d02:	f500 5440 	add.w	r4, r0, #12288	; 0x3000
10001d06:	3404      	adds	r4, #4
10001d08:	6001      	str	r1, [r0, #0]
10001d0a:	6082      	str	r2, [r0, #8]
10001d0c:	6025      	str	r5, [r4, #0]
10001d0e:	6802      	ldr	r2, [r0, #0]
10001d10:	2a00      	cmp	r2, #0
10001d12:	dafc      	bge.n	10001d0e <pll_init+0x4a>
10001d14:	2208      	movs	r2, #8
10001d16:	60c3      	str	r3, [r0, #12]
10001d18:	6022      	str	r2, [r4, #0]
10001d1a:	bc70      	pop	{r4, r5, r6}
10001d1c:	4770      	bx	lr
10001d1e:	6804      	ldr	r4, [r0, #0]
10001d20:	f004 043f 	and.w	r4, r4, #63	; 0x3f
10001d24:	428c      	cmp	r4, r1
10001d26:	d1da      	bne.n	10001cde <pll_init+0x1a>
10001d28:	6884      	ldr	r4, [r0, #8]
10001d2a:	f3c4 040b 	ubfx	r4, r4, #0, #12
10001d2e:	4294      	cmp	r4, r2
10001d30:	d1d5      	bne.n	10001cde <pll_init+0x1a>
10001d32:	68c4      	ldr	r4, [r0, #12]
10001d34:	f404 24ee 	and.w	r4, r4, #487424	; 0x77000
10001d38:	429c      	cmp	r4, r3
10001d3a:	d1d0      	bne.n	10001cde <pll_init+0x1a>
10001d3c:	e7ed      	b.n	10001d1a <pll_init+0x56>
10001d3e:	bf00      	nop
10001d40:	00b71b00 	.word	0x00b71b00
10001d44:	40058000 	.word	0x40058000
10001d48:	40022000 	.word	0x40022000
10001d4c:	40020000 	.word	0x40020000

10001d50 <watchdog_reboot>:
10001d50:	b430      	push	{r4, r5}
10001d52:	f04f 4480 	mov.w	r4, #1073741824	; 0x40000000
10001d56:	4b1d      	ldr	r3, [pc, #116]	; (10001dcc <watchdog_reboot+0x7c>)
10001d58:	601c      	str	r4, [r3, #0]
10001d5a:	b1e0      	cbz	r0, 10001d96 <watchdog_reboot+0x46>
10001d5c:	4c1c      	ldr	r4, [pc, #112]	; (10001dd0 <watchdog_reboot+0x80>)
10001d5e:	f5a3 5340 	sub.w	r3, r3, #12288	; 0x3000
10001d62:	61dc      	str	r4, [r3, #28]
10001d64:	4c1b      	ldr	r4, [pc, #108]	; (10001dd4 <watchdog_reboot+0x84>)
10001d66:	f040 0001 	orr.w	r0, r0, #1
10001d6a:	4044      	eors	r4, r0
10001d6c:	621c      	str	r4, [r3, #32]
10001d6e:	6259      	str	r1, [r3, #36]	; 0x24
10001d70:	6298      	str	r0, [r3, #40]	; 0x28
10001d72:	f04f 4580 	mov.w	r5, #1073741824	; 0x40000000
10001d76:	f04f 61e0 	mov.w	r1, #117440512	; 0x7000000
10001d7a:	4b14      	ldr	r3, [pc, #80]	; (10001dcc <watchdog_reboot+0x7c>)
10001d7c:	4816      	ldr	r0, [pc, #88]	; (10001dd8 <watchdog_reboot+0x88>)
10001d7e:	4c17      	ldr	r4, [pc, #92]	; (10001ddc <watchdog_reboot+0x8c>)
10001d80:	601d      	str	r5, [r3, #0]
10001d82:	6084      	str	r4, [r0, #8]
10001d84:	6019      	str	r1, [r3, #0]
10001d86:	b94a      	cbnz	r2, 10001d9c <watchdog_reboot+0x4c>
10001d88:	bc30      	pop	{r4, r5}
10001d8a:	f04f 4200 	mov.w	r2, #2147483648	; 0x80000000
10001d8e:	f5a3 5380 	sub.w	r3, r3, #4096	; 0x1000
10001d92:	601a      	str	r2, [r3, #0]
10001d94:	4770      	bx	lr
10001d96:	4b12      	ldr	r3, [pc, #72]	; (10001de0 <watchdog_reboot+0x90>)
10001d98:	61d8      	str	r0, [r3, #28]
10001d9a:	e7ea      	b.n	10001d72 <watchdog_reboot+0x22>
10001d9c:	f44f 737a 	mov.w	r3, #1000	; 0x3e8
10001da0:	fb03 f202 	mul.w	r2, r3, r2
10001da4:	f1b2 7f80 	cmp.w	r2, #16777216	; 0x1000000
10001da8:	d209      	bcs.n	10001dbe <watchdog_reboot+0x6e>
10001daa:	4b0e      	ldr	r3, [pc, #56]	; (10001de4 <watchdog_reboot+0x94>)
10001dac:	601a      	str	r2, [r3, #0]
10001dae:	f04f 4180 	mov.w	r1, #1073741824	; 0x40000000
10001db2:	bc30      	pop	{r4, r5}
10001db4:	480a      	ldr	r0, [pc, #40]	; (10001de0 <watchdog_reboot+0x90>)
10001db6:	4b0c      	ldr	r3, [pc, #48]	; (10001de8 <watchdog_reboot+0x98>)
10001db8:	6042      	str	r2, [r0, #4]
10001dba:	6019      	str	r1, [r3, #0]
10001dbc:	4770      	bx	lr
10001dbe:	f06f 437f 	mvn.w	r3, #4278190080	; 0xff000000
10001dc2:	4908      	ldr	r1, [pc, #32]	; (10001de4 <watchdog_reboot+0x94>)
10001dc4:	461a      	mov	r2, r3
10001dc6:	600b      	str	r3, [r1, #0]
10001dc8:	e7f1      	b.n	10001dae <watchdog_reboot+0x5e>
10001dca:	bf00      	nop
10001dcc:	400db000 	.word	0x400db000
10001dd0:	b007c0d3 	.word	0xb007c0d3
10001dd4:	4ff83f2d 	.word	0x4ff83f2d
10001dd8:	4001a000 	.word	0x4001a000
10001ddc:	01fffff3 	.word	0x01fffff3
10001de0:	400d8000 	.word	0x400d8000
10001de4:	200020c4 	.word	0x200020c4
10001de8:	400da000 	.word	0x400da000

10001dec <tick_start>:
10001dec:	2301      	movs	r3, #1
10001dee:	eb00 0040 	add.w	r0, r0, r0, lsl #1
10001df2:	0080      	lsls	r0, r0, #2
10001df4:	f100 4080 	add.w	r0, r0, #1073741824	; 0x40000000
10001df8:	f500 1084 	add.w	r0, r0, #1081344	; 0x108000
10001dfc:	6041      	str	r1, [r0, #4]
10001dfe:	6003      	str	r3, [r0, #0]
10001e00:	4770      	bx	lr
10001e02:	bf00      	nop

10001e04 <rom_reboot.constprop.0.isra.0>:
10001e04:	f04f 0c00 	mov.w	ip, #0
10001e08:	b530      	push	{r4, r5, lr}
10001e0a:	4613      	mov	r3, r2
10001e0c:	b083      	sub	sp, #12
10001e0e:	4604      	mov	r4, r0
10001e10:	460d      	mov	r5, r1
10001e12:	f8bc 2016 	ldrh.w	r2, [ip, #22]
10001e16:	2100      	movs	r1, #0
10001e18:	e841 f100 	tt	r1, r1
10001e1c:	9301      	str	r3, [sp, #4]
10001e1e:	024b      	lsls	r3, r1, #9
10001e20:	bf54      	ite	pl
10001e22:	2110      	movpl	r1, #16
10001e24:	2104      	movmi	r1, #4
10001e26:	f244 2052 	movw	r0, #16978	; 0x4252
10001e2a:	4790      	blx	r2
10001e2c:	4686      	mov	lr, r0
10001e2e:	462a      	mov	r2, r5
10001e30:	210a      	movs	r1, #10
10001e32:	4620      	mov	r0, r4
10001e34:	46f4      	mov	ip, lr
10001e36:	9b01      	ldr	r3, [sp, #4]
10001e38:	b003      	add	sp, #12
10001e3a:	e8bd 4030 	ldmia.w	sp!, {r4, r5, lr}
10001e3e:	4760      	bx	ip

10001e40 <rom_func_lookup>:
10001e40:	2300      	movs	r3, #0
10001e42:	8adb      	ldrh	r3, [r3, #22]
10001e44:	2200      	movs	r2, #0
10001e46:	e842 f200 	tt	r2, r2
10001e4a:	0252      	lsls	r2, r2, #9
10001e4c:	d401      	bmi.n	10001e52 <rom_func_lookup+0x12>
10001e4e:	2110      	movs	r1, #16
10001e50:	4718      	bx	r3
10001e52:	2104      	movs	r1, #4
10001e54:	4718      	bx	r3
10001e56:	bf00      	nop

10001e58 <rom_reset_usb_boot_extra>:
10001e58:	2800      	cmp	r0, #0
10001e5a:	b508      	push	{r3, lr}
10001e5c:	db02      	blt.n	10001e64 <rom_reset_usb_boot_extra+0xc>
10001e5e:	b162      	cbz	r2, 10001e7a <rom_reset_usb_boot_extra+0x22>
10001e60:	f041 0130 	orr.w	r1, r1, #48	; 0x30
10001e64:	068b      	lsls	r3, r1, #26
10001e66:	d503      	bpl.n	10001e70 <rom_reset_usb_boot_extra+0x18>
10001e68:	2300      	movs	r3, #0
10001e6a:	7cdb      	ldrb	r3, [r3, #19]
10001e6c:	2b02      	cmp	r3, #2
10001e6e:	d007      	beq.n	10001e80 <rom_reset_usb_boot_extra+0x28>
10001e70:	4602      	mov	r2, r0
10001e72:	f44f 7081 	mov.w	r0, #258	; 0x102
10001e76:	f7ff ffc5 	bl	10001e04 <rom_reboot.constprop.0.isra.0>
10001e7a:	f041 0120 	orr.w	r1, r1, #32
10001e7e:	e7f3      	b.n	10001e68 <rom_reset_usb_boot_extra+0x10>
10001e80:	4602      	mov	r2, r0
10001e82:	f44f 7091 	mov.w	r0, #290	; 0x122
10001e86:	f7ff ffbd 	bl	10001e04 <rom_reboot.constprop.0.isra.0>
10001e8a:	bf00      	nop

10001e8c <runtime_init_bootrom_locking_enable>:
10001e8c:	4a03      	ldr	r2, [pc, #12]	; (10001e9c <runtime_init_bootrom_locking_enable+0x10>)
10001e8e:	f8d2 3828 	ldr.w	r3, [r2, #2088]	; 0x828
10001e92:	2b00      	cmp	r3, #0
10001e94:	d0fb      	beq.n	10001e8e <runtime_init_bootrom_locking_enable+0x2>
10001e96:	f3bf 8f5f 	dmb	sy
10001e9a:	4770      	bx	lr
10001e9c:	400e0000 	.word	0x400e0000

10001ea0 <runtime_init_boot_locks_reset>:
10001ea0:	2100      	movs	r1, #0
10001ea2:	4b04      	ldr	r3, [pc, #16]	; (10001eb4 <runtime_init_boot_locks_reset+0x14>)
10001ea4:	4a04      	ldr	r2, [pc, #16]	; (10001eb8 <runtime_init_boot_locks_reset+0x18>)
10001ea6:	f3bf 8f5f 	dmb	sy
10001eaa:	f843 1b04 	str.w	r1, [r3], #4
10001eae:	4293      	cmp	r3, r2
10001eb0:	d1f9      	bne.n	10001ea6 <runtime_init_boot_locks_reset+0x6>
10001eb2:	4770      	bx	lr
10001eb4:	400e080c 	.word	0x400e080c
10001eb8:	400e082c 	.word	0x400e082c

10001ebc <xosc_init>:
10001ebc:	b410      	push	{r4}
10001ebe:	f44f 708d 	mov.w	r0, #282	; 0x11a
10001ec2:	f44f 642a 	mov.w	r4, #2720	; 0xaa0
10001ec6:	4a06      	ldr	r2, [pc, #24]	; (10001ee0 <xosc_init+0x24>)
10001ec8:	4b06      	ldr	r3, [pc, #24]	; (10001ee4 <xosc_init+0x28>)
10001eca:	4907      	ldr	r1, [pc, #28]	; (10001ee8 <xosc_init+0x2c>)
10001ecc:	6014      	str	r4, [r2, #0]
10001ece:	60d0      	str	r0, [r2, #12]
10001ed0:	6019      	str	r1, [r3, #0]
10001ed2:	6853      	ldr	r3, [r2, #4]
10001ed4:	2b00      	cmp	r3, #0
10001ed6:	dafc      	bge.n	10001ed2 <xosc_init+0x16>
10001ed8:	f85d 4b04 	ldr.w	r4, [sp], #4
10001edc:	4770      	bx	lr
10001ede:	bf00      	nop
10001ee0:	40048000 	.word	0x40048000
10001ee4:	4004a000 	.word	0x4004a000
10001ee8:	00fab000 	.word	0x00fab000

10001eec <first_per_core_initializer>:
10001eec:	4770      	bx	lr
10001eee:	bf00      	nop

10001ef0 <hard_assertion_failure>:
10001ef0:	b508      	push	{r3, lr}
10001ef2:	4801      	ldr	r0, [pc, #4]	; (10001ef8 <hard_assertion_failure+0x8>)
10001ef4:	f7fe fd64 	bl	100009c0 <panic>
10001ef8:	10006624 	.word	0x10006624

10001efc <runtime_run_initializers>:
10001efc:	b538      	push	{r3, r4, r5, lr}
10001efe:	4c05      	ldr	r4, [pc, #20]	; (10001f14 <runtime_run_initializers+0x18>)
10001f00:	4d05      	ldr	r5, [pc, #20]	; (10001f18 <runtime_run_initializers+0x1c>)
10001f02:	42ac      	cmp	r4, r5
10001f04:	d204      	bcs.n	10001f10 <runtime_run_initializers+0x14>
10001f06:	f854 3b04 	ldr.w	r3, [r4], #4
10001f0a:	4798      	blx	r3
10001f0c:	42ac      	cmp	r4, r5
10001f0e:	d3fa      	bcc.n	10001f06 <runtime_run_initializers+0xa>
10001f10:	bd38      	pop	{r3, r4, r5, pc}
10001f12:	bf00      	nop
10001f14:	10006440 	.word	0x10006440
10001f18:	10006480 	.word	0x10006480

10001f1c <runtime_init_early_resets>:
10001f1c:	b410      	push	{r4}
10001f1e:	4807      	ldr	r0, [pc, #28]	; (10001f3c <runtime_init_early_resets+0x20>)
10001f20:	4c07      	ldr	r4, [pc, #28]	; (10001f40 <runtime_init_early_resets+0x24>)
10001f22:	4b08      	ldr	r3, [pc, #32]	; (10001f44 <runtime_init_early_resets+0x28>)
10001f24:	4a08      	ldr	r2, [pc, #32]	; (10001f48 <runtime_init_early_resets+0x2c>)
10001f26:	4909      	ldr	r1, [pc, #36]	; (10001f4c <runtime_init_early_resets+0x30>)
10001f28:	6004      	str	r4, [r0, #0]
10001f2a:	601a      	str	r2, [r3, #0]
10001f2c:	688b      	ldr	r3, [r1, #8]
10001f2e:	ea32 0303 	bics.w	r3, r2, r3
10001f32:	d1fb      	bne.n	10001f2c <runtime_init_early_resets+0x10>
10001f34:	f85d 4b04 	ldr.w	r4, [sp], #4
10001f38:	4770      	bx	lr
10001f3a:	bf00      	nop
10001f3c:	40022000 	.word	0x40022000
10001f40:	efef3b7f 	.word	0xefef3b7f
10001f44:	40023000 	.word	0x40023000
10001f48:	03f3fff6 	.word	0x03f3fff6
10001f4c:	40020000 	.word	0x40020000

10001f50 <runtime_init_usb_power_down>:
10001f50:	4b04      	ldr	r3, [pc, #16]	; (10001f64 <runtime_init_usb_power_down+0x14>)
10001f52:	6cdb      	ldr	r3, [r3, #76]	; 0x4c
10001f54:	f5b3 4f00 	cmp.w	r3, #32768	; 0x8000
10001f58:	d103      	bne.n	10001f62 <runtime_init_usb_power_down+0x12>
10001f5a:	f44f 2280 	mov.w	r2, #262144	; 0x40000
10001f5e:	4b02      	ldr	r3, [pc, #8]	; (10001f68 <runtime_init_usb_power_down+0x18>)
10001f60:	64da      	str	r2, [r3, #76]	; 0x4c
10001f62:	4770      	bx	lr
10001f64:	50110000 	.word	0x50110000
10001f68:	50112000 	.word	0x50112000

10001f6c <runtime_init_per_core_enable_coprocessors>:
10001f6c:	f04f 22e0 	mov.w	r2, #3758153728	; 0xe000e000
10001f70:	4b04      	ldr	r3, [pc, #16]	; (10001f84 <runtime_init_per_core_enable_coprocessors+0x18>)
10001f72:	f8d2 1d88 	ldr.w	r1, [r2, #3464]	; 0xd88
10001f76:	430b      	orrs	r3, r1
10001f78:	f8c2 3d88 	str.w	r3, [r2, #3464]	; 0xd88
10001f7c:	ee10 0430 	dcp_rcmp r0
10001f80:	4770      	bx	lr
10001f82:	bf00      	nop
10001f84:	00300303 	.word	0x00300303

10001f88 <runtime_init_post_clock_resets>:
10001f88:	f06f 4160 	mvn.w	r1, #3758096384	; 0xe0000000
10001f8c:	4b04      	ldr	r3, [pc, #16]	; (10001fa0 <runtime_init_post_clock_resets+0x18>)
10001f8e:	4a05      	ldr	r2, [pc, #20]	; (10001fa4 <runtime_init_post_clock_resets+0x1c>)
10001f90:	6019      	str	r1, [r3, #0]
10001f92:	6893      	ldr	r3, [r2, #8]
10001f94:	43db      	mvns	r3, r3
10001f96:	f033 4360 	bics.w	r3, r3, #3758096384	; 0xe0000000
10001f9a:	d1fa      	bne.n	10001f92 <runtime_init_post_clock_resets+0xa>
10001f9c:	4770      	bx	lr
10001f9e:	bf00      	nop
10001fa0:	40023000 	.word	0x40023000
10001fa4:	40020000 	.word	0x40020000

10001fa8 <runtime_init_bootrom_reset>:
10001fa8:	b510      	push	{r4, lr}
10001faa:	f245 2053 	movw	r0, #21075	; 0x5253
10001fae:	f7ff ff47 	bl	10001e40 <rom_func_lookup>
10001fb2:	e8bd 4010 	ldmia.w	sp!, {r4, lr}
10001fb6:	4603      	mov	r3, r0
10001fb8:	2004      	movs	r0, #4
10001fba:	4718      	bx	r3

10001fbc <runtime_init_per_core_bootrom_reset>:
10001fbc:	b510      	push	{r4, lr}
10001fbe:	f245 2053 	movw	r0, #21075	; 0x5253
10001fc2:	f7ff ff3d 	bl	10001e40 <rom_func_lookup>
10001fc6:	e8bd 4010 	ldmia.w	sp!, {r4, lr}
10001fca:	4603      	mov	r3, r0
10001fcc:	2001      	movs	r0, #1
10001fce:	4718      	bx	r3

10001fd0 <runtime_init_spin_locks_reset>:
10001fd0:	f7fe bdae 	b.w	10000b30 <spin_locks_reset>

10001fd4 <runtime_init_install_ram_vector_table>:
10001fd4:	b538      	push	{r3, r4, r5, lr}
10001fd6:	492b      	ldr	r1, [pc, #172]	; (10002084 <runtime_init_install_ram_vector_table+0xb0>)
10001fd8:	4b2b      	ldr	r3, [pc, #172]	; (10002088 <runtime_init_install_ram_vector_table+0xb4>)
10001fda:	4d2c      	ldr	r5, [pc, #176]	; (1000208c <runtime_init_install_ram_vector_table+0xb8>)
10001fdc:	1a5b      	subs	r3, r3, r1
10001fde:	089c      	lsrs	r4, r3, #2
10001fe0:	2c44      	cmp	r4, #68	; 0x44
10001fe2:	4622      	mov	r2, r4
10001fe4:	bf28      	it	cs
10001fe6:	2244      	movcs	r2, #68	; 0x44
10001fe8:	4628      	mov	r0, r5
10001fea:	0092      	lsls	r2, r2, #2
10001fec:	f004 f9f8 	bl	100063e0 <__memcpy_veneer>
10001ff0:	2c43      	cmp	r4, #67	; 0x43
10001ff2:	d841      	bhi.n	10002078 <runtime_init_install_ram_vector_table+0xa4>
10001ff4:	f1c4 0143 	rsb	r1, r4, #67	; 0x43
10001ff8:	eb05 0384 	add.w	r3, r5, r4, lsl #2
10001ffc:	2905      	cmp	r1, #5
10001ffe:	4a24      	ldr	r2, [pc, #144]	; (10002090 <runtime_init_install_ram_vector_table+0xbc>)
10002000:	f3c3 0380 	ubfx	r3, r3, #2, #1
10002004:	f1c4 0044 	rsb	r0, r4, #68	; 0x44
10002008:	d916      	bls.n	10002038 <runtime_init_install_ram_vector_table+0x64>
1000200a:	b3c3      	cbz	r3, 1000207e <runtime_init_install_ram_vector_table+0xaa>
1000200c:	f845 2024 	str.w	r2, [r5, r4, lsl #2]
10002010:	f104 0c01 	add.w	ip, r4, #1
10002014:	1ac0      	subs	r0, r0, r3
10002016:	4423      	add	r3, r4
10002018:	eb05 0383 	add.w	r3, r5, r3, lsl #2
1000201c:	0841      	lsrs	r1, r0, #1
1000201e:	eb03 01c1 	add.w	r1, r3, r1, lsl #3
10002022:	e9c3 2200 	strd	r2, r2, [r3]
10002026:	3308      	adds	r3, #8
10002028:	4299      	cmp	r1, r3
1000202a:	d1fa      	bne.n	10002022 <runtime_init_install_ram_vector_table+0x4e>
1000202c:	f020 0301 	bic.w	r3, r0, #1
10002030:	4298      	cmp	r0, r3
10002032:	eb0c 0403 	add.w	r4, ip, r3
10002036:	d01f      	beq.n	10002078 <runtime_init_install_ram_vector_table+0xa4>
10002038:	2c43      	cmp	r4, #67	; 0x43
1000203a:	f845 2024 	str.w	r2, [r5, r4, lsl #2]
1000203e:	f104 0301 	add.w	r3, r4, #1
10002042:	d019      	beq.n	10002078 <runtime_init_install_ram_vector_table+0xa4>
10002044:	2c42      	cmp	r4, #66	; 0x42
10002046:	f845 2023 	str.w	r2, [r5, r3, lsl #2]
1000204a:	f104 0302 	add.w	r3, r4, #2
1000204e:	d013      	beq.n	10002078 <runtime_init_install_ram_vector_table+0xa4>
10002050:	2c41      	cmp	r4, #65	; 0x41
10002052:	f845 2023 	str.w	r2, [r5, r3, lsl #2]
10002056:	f104 0303 	add.w	r3, r4, #3
1000205a:	d00d      	beq.n	10002078 <runtime_init_install_ram_vector_table+0xa4>
1000205c:	2c40      	cmp	r4, #64	; 0x40
1000205e:	f845 2023 	str.w	r2, [r5, r3, lsl #2]
10002062:	f104 0304 	add.w	r3, r4, #4
10002066:	d007      	beq.n	10002078 <runtime_init_install_ram_vector_table+0xa4>
10002068:	2c3f      	cmp	r4, #63	; 0x3f
1000206a:	f845 2023 	str.w	r2, [r5, r3, lsl #2]
1000206e:	f104 0305 	add.w	r3, r4, #5
10002072:	d001      	beq.n	10002078 <runtime_init_install_ram_vector_table+0xa4>
10002074:	f845 2023 	str.w	r2, [r5, r3, lsl #2]
10002078:	4b06      	ldr	r3, [pc, #24]	; (10002094 <runtime_init_install_ram_vector_table+0xc0>)
1000207a:	609d      	str	r5, [r3, #8]
1000207c:	bd38      	pop	{r3, r4, r5, pc}
1000207e:	46a4      	mov	ip, r4
10002080:	e7c8      	b.n	10002014 <runtime_init_install_ram_vector_table+0x40>
10002082:	bf00      	nop
10002084:	10000000 	.word	0x10000000
10002088:	10000110 	.word	0x10000110
1000208c:	20000000 	.word	0x20000000
10002090:	10000111 	.word	0x10000111
10002094:	e000ed00 	.word	0xe000ed00

10002098 <runtime_init_clocks>:
10002098:	2300      	movs	r3, #0
1000209a:	b5f0      	push	{r4, r5, r6, r7, lr}
1000209c:	4c2b      	ldr	r4, [pc, #172]	; (1000214c <runtime_init_clocks+0xb4>)
1000209e:	b083      	sub	sp, #12
100020a0:	f8c4 3084 	str.w	r3, [r4, #132]	; 0x84
100020a4:	f7ff ff0a 	bl	10001ebc <xosc_init>
100020a8:	2201      	movs	r2, #1
100020aa:	4b29      	ldr	r3, [pc, #164]	; (10002150 <runtime_init_clocks+0xb8>)
100020ac:	63da      	str	r2, [r3, #60]	; 0x3c
100020ae:	6c63      	ldr	r3, [r4, #68]	; 0x44
100020b0:	2b01      	cmp	r3, #1
100020b2:	d1fc      	bne.n	100020ae <runtime_init_clocks+0x16>
100020b4:	2103      	movs	r1, #3
100020b6:	4a26      	ldr	r2, [pc, #152]	; (10002150 <runtime_init_clocks+0xb8>)
100020b8:	4b24      	ldr	r3, [pc, #144]	; (1000214c <runtime_init_clocks+0xb4>)
100020ba:	6311      	str	r1, [r2, #48]	; 0x30
100020bc:	6b9d      	ldr	r5, [r3, #56]	; 0x38
100020be:	2d01      	cmp	r5, #1
100020c0:	d1fc      	bne.n	100020bc <runtime_init_clocks+0x24>
100020c2:	2305      	movs	r3, #5
100020c4:	2702      	movs	r7, #2
100020c6:	461e      	mov	r6, r3
100020c8:	2400      	movs	r4, #0
100020ca:	4629      	mov	r1, r5
100020cc:	4a21      	ldr	r2, [pc, #132]	; (10002154 <runtime_init_clocks+0xbc>)
100020ce:	4822      	ldr	r0, [pc, #136]	; (10002158 <runtime_init_clocks+0xc0>)
100020d0:	9700      	str	r7, [sp, #0]
100020d2:	f7ff fdf7 	bl	10001cc4 <pll_init>
100020d6:	4629      	mov	r1, r5
100020d8:	4633      	mov	r3, r6
100020da:	4a20      	ldr	r2, [pc, #128]	; (1000215c <runtime_init_clocks+0xc4>)
100020dc:	4820      	ldr	r0, [pc, #128]	; (10002160 <runtime_init_clocks+0xc8>)
100020de:	9600      	str	r6, [sp, #0]
100020e0:	f7ff fdf0 	bl	10001cc4 <pll_init>
100020e4:	4639      	mov	r1, r7
100020e6:	4622      	mov	r2, r4
100020e8:	2004      	movs	r0, #4
100020ea:	4b1e      	ldr	r3, [pc, #120]	; (10002164 <runtime_init_clocks+0xcc>)
100020ec:	f7ff fd7c 	bl	10001be8 <clock_configure_undivided>
100020f0:	4629      	mov	r1, r5
100020f2:	4622      	mov	r2, r4
100020f4:	4630      	mov	r0, r6
100020f6:	4b1c      	ldr	r3, [pc, #112]	; (10002168 <runtime_init_clocks+0xd0>)
100020f8:	f7ff fd76 	bl	10001be8 <clock_configure_undivided>
100020fc:	4622      	mov	r2, r4
100020fe:	2008      	movs	r0, #8
10002100:	4621      	mov	r1, r4
10002102:	4b1a      	ldr	r3, [pc, #104]	; (1000216c <runtime_init_clocks+0xd4>)
10002104:	f7ff fd70 	bl	10001be8 <clock_configure_undivided>
10002108:	4622      	mov	r2, r4
1000210a:	2009      	movs	r0, #9
1000210c:	4621      	mov	r1, r4
1000210e:	4b17      	ldr	r3, [pc, #92]	; (1000216c <runtime_init_clocks+0xd4>)
10002110:	f7ff fd6a 	bl	10001be8 <clock_configure_undivided>
10002114:	4622      	mov	r2, r4
10002116:	2006      	movs	r0, #6
10002118:	4621      	mov	r1, r4
1000211a:	4b13      	ldr	r3, [pc, #76]	; (10002168 <runtime_init_clocks+0xd0>)
1000211c:	f7ff fd64 	bl	10001be8 <clock_configure_undivided>
10002120:	4b11      	ldr	r3, [pc, #68]	; (10002168 <runtime_init_clocks+0xd0>)
10002122:	4622      	mov	r2, r4
10002124:	2007      	movs	r0, #7
10002126:	4621      	mov	r1, r4
10002128:	f7ff fd5e 	bl	10001be8 <clock_configure_undivided>
1000212c:	2004      	movs	r0, #4
1000212e:	f7ff fdc3 	bl	10001cb8 <clock_get_hz>
10002132:	4d0f      	ldr	r5, [pc, #60]	; (10002170 <runtime_init_clocks+0xd8>)
10002134:	fba5 3500 	umull	r3, r5, r5, r0
10002138:	0cad      	lsrs	r5, r5, #18
1000213a:	b2e0      	uxtb	r0, r4
1000213c:	4629      	mov	r1, r5
1000213e:	3401      	adds	r4, #1
10002140:	f7ff fe54 	bl	10001dec <tick_start>
10002144:	2c06      	cmp	r4, #6
10002146:	d1f8      	bne.n	1000213a <runtime_init_clocks+0xa2>
10002148:	b003      	add	sp, #12
1000214a:	bdf0      	pop	{r4, r5, r6, r7, pc}
1000214c:	40010000 	.word	0x40010000
10002150:	40013000 	.word	0x40013000
10002154:	59682f00 	.word	0x59682f00
10002158:	40050000 	.word	0x40050000
1000215c:	47868c00 	.word	0x47868c00
10002160:	40058000 	.word	0x40058000
10002164:	00b71b00 	.word	0x00b71b00
10002168:	08f0d180 	.word	0x08f0d180
1000216c:	02dc6c00 	.word	0x02dc6c00
10002170:	431bde83 	.word	0x431bde83

10002174 <generic_save_state>:
10002174:	b086      	sub	sp, #24
10002176:	b403      	push	{r0, r1}
10002178:	fc51 0408 	dcp_pxmd r0, r1
1000217c:	e9cd 0102 	strd	r0, r1, [sp, #8]
10002180:	fc51 0409 	dcp_pymd r0, r1
10002184:	e9cd 0104 	strd	r0, r1, [sp, #16]
10002188:	ec51 040a 	dcp_refd r0, r1
1000218c:	e9cd 0106 	strd	r0, r1, [sp, #24]
10002190:	bc03      	pop	{r0, r1}
10002192:	47f0      	blx	lr

10002194 <generic_restore_state>:
10002194:	e8bd 5000 	ldmia.w	sp!, {ip, lr}
10002198:	ec4e c400 	dcp_wxmd ip, lr
1000219c:	e8bd 5000 	ldmia.w	sp!, {ip, lr}
100021a0:	ec4e c401 	dcp_wymd ip, lr
100021a4:	e8bd 5000 	ldmia.w	sp!, {ip, lr}
100021a8:	ec4e c402 	dcp_wefd ip, lr
100021ac:	bd00      	pop	{pc}
100021ae:	0000      	movs	r0, r0
100021b0:	b500      	push	{lr}
100021b2:	f7ff ffdf 	bl	10002174 <generic_save_state>
100021b6:	e002      	b.n	100021be <__wrap___aeabi_dadd+0x6>

100021b8 <__wrap___aeabi_dadd>:
100021b8:	fe10 f430 	dcp_pcmp APSR_nzcv
100021bc:	d4f8      	bmi.n	100021b0 <generic_restore_state+0x1c>
100021be:	ec41 0410 	dcp_wxup r0, r1
100021c2:	ec43 2411 	dcp_wyup r2, r3
100021c6:	ee00 0401 	dcp_add0
100021ca:	ee10 0401 	dcp_add1
100021ce:	ee80 0420 	dcp_nrdd
100021d2:	ec51 0410 	dcp_rdda r0, r1
100021d6:	4770      	bx	lr
100021d8:	b500      	push	{lr}
100021da:	f7ff ffcb 	bl	10002174 <generic_save_state>
100021de:	e002      	b.n	100021e6 <__wrap___aeabi_dsub+0x6>

100021e0 <__wrap___aeabi_dsub>:
100021e0:	fe10 f430 	dcp_pcmp APSR_nzcv
100021e4:	d4f8      	bmi.n	100021d8 <__wrap___aeabi_dadd+0x20>
100021e6:	ec41 0410 	dcp_wxup r0, r1
100021ea:	ec43 2411 	dcp_wyup r2, r3
100021ee:	ee00 0401 	dcp_add0
100021f2:	ee10 0421 	dcp_sub1
100021f6:	ee80 0420 	dcp_nrdd
100021fa:	ec51 0430 	dcp_rdds r0, r1
100021fe:	4770      	bx	lr
10002200:	b500      	push	{lr}
10002202:	f7ff ffb7 	bl	10002174 <generic_save_state>
10002206:	e002      	b.n	1000220e <__wrap___aeabi_dmul+0x6>

10002208 <__wrap___aeabi_dmul>:
10002208:	fe10 f430 	dcp_pcmp APSR_nzcv
1000220c:	d4f8      	bmi.n	10002200 <__wrap___aeabi_dsub+0x20>
1000220e:	b510      	push	{r4, lr}
10002210:	ec41 0410 	dcp_wxup r0, r1
10002214:	ec43 2411 	dcp_wyup r2, r3
10002218:	ec51 0404 	dcp_rxms r0, r1, #0x0
1000221c:	ec53 2405 	dcp_ryms r2, r3, #0x0
10002220:	fba0 4c02 	umull	r4, ip, r0, r2
10002224:	f05f 0e00 	movs.w	lr, #0
10002228:	fbe0 ce03 	umlal	ip, lr, r0, r3
1000222c:	fbe1 ce02 	umlal	ip, lr, r1, r2
10002230:	ec4c 4420 	dcp_wxms r4, ip
10002234:	2400      	movs	r4, #0
10002236:	fbe1 e403 	umlal	lr, r4, r1, r3
1000223a:	ec44 e430 	dcp_wxmo lr, r4
1000223e:	ee80 0420 	dcp_nrdd
10002242:	ec51 0450 	dcp_rddm r0, r1
10002246:	bd10      	pop	{r4, pc}
10002248:	b500      	push	{lr}
1000224a:	f7ff ff93 	bl	10002174 <generic_save_state>
1000224e:	e002      	b.n	10002256 <__wrap___aeabi_ddiv+0x6>

10002250 <__wrap___aeabi_ddiv>:
10002250:	fe10 f430 	dcp_pcmp APSR_nzcv
10002254:	d4f8      	bmi.n	10002248 <__wrap___aeabi_dmul+0x40>
10002256:	ec41 0410 	dcp_wxup r0, r1
1000225a:	ec43 2411 	dcp_wyup r2, r3
1000225e:	ec51 0421 	dcp_rymr r0, r1
10002262:	fba0 1201 	umull	r1, r2, r0, r1
10002266:	ea6f 0282 	mvn.w	r2, r2, lsl #2
1000226a:	fb52 0010 	smmlar	r0, r2, r0, r0
1000226e:	fb52 f212 	smmulr	r2, r2, r2
10002272:	fb52 0010 	smmlar	r0, r2, r0, r0
10002276:	eba0 7cd0 	sub.w	ip, r0, r0, lsr #31
1000227a:	ec53 2404 	dcp_rxms r2, r3, #0x0
1000227e:	fb5c f113 	smmulr	r1, ip, r3
10002282:	ec53 2415 	dcp_ryms r2, r3, #0x1
10002286:	fba1 2002 	umull	r2, r0, r1, r2
1000228a:	fb01 0003 	mla	r0, r1, r3, r0
1000228e:	ec53 2444 	dcp_rxms r2, r3, #0x4
10002292:	eba2 0000 	sub.w	r0, r2, r0
10002296:	fb50 f21c 	smmulr	r2, r0, ip
1000229a:	ea4f 1311 	mov.w	r3, r1, lsr #4
1000229e:	eb12 7001 	adds.w	r0, r2, r1, lsl #28
100022a2:	eb43 71e2 	adc.w	r1, r3, r2, asr #31
100022a6:	ea40 5051 	orr.w	r0, r0, r1, lsr #21
100022aa:	ea20 5091 	bic.w	r0, r0, r1, lsr #22
100022ae:	f020 0007 	bic.w	r0, r0, #7
100022b2:	ec53 2475 	dcp_ryms r2, r3, #0x7
100022b6:	fba0 3c02 	umull	r3, ip, r0, r2
100022ba:	ec53 2475 	dcp_ryms r2, r3, #0x7
100022be:	fb00 cc03 	mla	ip, r0, r3, ip
100022c2:	fb01 cc02 	mla	ip, r1, r2, ip
100022c6:	ec53 2404 	dcp_rxms r2, r3, #0x0
100022ca:	ebac 4c82 	sub.w	ip, ip, r2, lsl #18
100022ce:	ea40 705c 	orr.w	r0, r0, ip, lsr #29
100022d2:	f1a0 0001 	sub.w	r0, r0, #1
100022d6:	ec41 0440 	dcp_wxdd r0, r1
100022da:	ee80 0420 	dcp_nrdd
100022de:	ec51 0470 	dcp_rddd r0, r1
100022e2:	4770      	bx	lr
100022e4:	b500      	push	{lr}
100022e6:	f7ff ff45 	bl	10002174 <generic_save_state>
100022ea:	e002      	b.n	100022f2 <__wrap___aeabi_i2d+0x6>

100022ec <__wrap___aeabi_i2d>:
100022ec:	fe10 f430 	dcp_pcmp APSR_nzcv
100022f0:	d4f8      	bmi.n	100022e4 <__wrap___aeabi_ddiv+0x94>
100022f2:	ec40 0470 	dcp_wxic r0, r0
100022f6:	ee00 0401 	dcp_add0
100022fa:	ee10 0421 	dcp_sub1
100022fe:	ee80 0420 	dcp_nrdd
10002302:	ec51 0430 	dcp_rdds r0, r1
10002306:	4770      	bx	lr
10002308:	b500      	push	{lr}
1000230a:	f7ff ff33 	bl	10002174 <generic_save_state>
1000230e:	e002      	b.n	10002316 <__wrap___aeabi_ui2d+0x6>

10002310 <__wrap___aeabi_ui2d>:
10002310:	fe10 f430 	dcp_pcmp APSR_nzcv
10002314:	d4f8      	bmi.n	10002308 <__wrap___aeabi_i2d+0x1c>
10002316:	ec40 0460 	dcp_wxuc r0, r0
1000231a:	ee00 0401 	dcp_add0
1000231e:	ee10 0421 	dcp_sub1
10002322:	ee80 0420 	dcp_nrdd
10002326:	ec51 0430 	dcp_rdds r0, r1
1000232a:	4770      	bx	lr
1000232c:	b500      	push	{lr}
1000232e:	f7ff ff21 	bl	10002174 <generic_save_state>
10002332:	e002      	b.n	1000233a <double2int_z_entry>

10002334 <__wrap___aeabi_d2iz>:
10002334:	fe10 f430 	dcp_pcmp APSR_nzcv
10002338:	d4f8      	bmi.n	1000232c <__wrap___aeabi_ui2d+0x1c>

1000233a <double2int_z_entry>:
1000233a:	ec41 0480 	dcp_wxdc r0, r1
1000233e:	ee00 0401 	dcp_add0
10002342:	ee10 0401 	dcp_add1
10002346:	ee80 0440 	dcp_ntdc
1000234a:	ee10 0413 	dcp_rdic r0
1000234e:	4770      	bx	lr
10002350:	b500      	push	{lr}
10002352:	f7ff ff0f 	bl	10002174 <generic_save_state>
10002356:	e002      	b.n	1000235e <double2uint_z_entry>

10002358 <__wrap___aeabi_d2uiz>:
10002358:	fe10 f430 	dcp_pcmp APSR_nzcv
1000235c:	d4f8      	bmi.n	10002350 <double2int_z_entry+0x16>

1000235e <double2uint_z_entry>:
1000235e:	ec41 0480 	dcp_wxdc r0, r1
10002362:	ee00 0401 	dcp_add0
10002366:	ee10 0401 	dcp_add1
1000236a:	ee80 0440 	dcp_ntdc
1000236e:	ee10 0433 	dcp_rduc r0
10002372:	4770      	bx	lr
10002374:	b500      	push	{lr}
10002376:	f7ff fefd 	bl	10002174 <generic_save_state>
1000237a:	e002      	b.n	10002382 <__wrap___aeabi_dcmpun+0x6>

1000237c <__wrap___aeabi_dcmpun>:
1000237c:	fe10 f430 	dcp_pcmp APSR_nzcv
10002380:	d4f8      	bmi.n	10002374 <double2uint_z_entry+0x16>
10002382:	ec41 0410 	dcp_wxup r0, r1
10002386:	ec43 2411 	dcp_wyup r2, r3
1000238a:	ee00 0401 	dcp_add0
1000238e:	ee10 0430 	dcp_rcmp r0
10002392:	f3c0 7000 	ubfx	r0, r0, #28, #1
10002396:	4770      	bx	lr
10002398:	b500      	push	{lr}
1000239a:	f7ff feeb 	bl	10002174 <generic_save_state>
1000239e:	e002      	b.n	100023a6 <__wrap___aeabi_dcmplt+0x6>

100023a0 <__wrap___aeabi_dcmplt>:
100023a0:	fe10 f430 	dcp_pcmp APSR_nzcv
100023a4:	d4f8      	bmi.n	10002398 <__wrap___aeabi_dcmpun+0x1c>
100023a6:	ec43 2410 	dcp_wxup r2, r3
100023aa:	ec41 0411 	dcp_wyup r0, r1
100023ae:	ee00 0401 	dcp_add0
100023b2:	ee10 f430 	dcp_rcmp APSR_nzcv
100023b6:	bf8c      	ite	hi
100023b8:	2001      	movhi	r0, #1
100023ba:	2000      	movls	r0, #0
100023bc:	4770      	bx	lr
100023be:	bf00      	nop
100023c0:	b500      	push	{lr}
100023c2:	f7ff fed7 	bl	10002174 <generic_save_state>
100023c6:	e002      	b.n	100023ce <__wrap___aeabi_dcmple+0x6>

100023c8 <__wrap___aeabi_dcmple>:
100023c8:	fe10 f430 	dcp_pcmp APSR_nzcv
100023cc:	d4f8      	bmi.n	100023c0 <__wrap___aeabi_dcmplt+0x20>
100023ce:	ec43 2410 	dcp_wxup r2, r3
100023d2:	ec41 0411 	dcp_wyup r0, r1
100023d6:	ee00 0401 	dcp_add0
100023da:	ee10 f430 	dcp_rcmp APSR_nzcv
100023de:	bf2c      	ite	cs
100023e0:	2001      	movcs	r0, #1
100023e2:	2000      	movcc	r0, #0
100023e4:	4770      	bx	lr
100023e6:	bf00      	nop
100023e8:	b500      	push	{lr}
100023ea:	f7ff fec3 	bl	10002174 <generic_save_state>
100023ee:	e002      	b.n	100023f6 <__wrap___aeabi_dcmpge+0x6>

100023f0 <__wrap___aeabi_dcmpge>:
100023f0:	fe10 f430 	dcp_pcmp APSR_nzcv
100023f4:	d4f8      	bmi.n	100023e8 <__wrap___aeabi_dcmple+0x20>
100023f6:	ec41 0410 	dcp_wxup r0, r1
100023fa:	ec43 2411 	dcp_wyup r2, r3
100023fe:	ee00 0401 	dcp_add0
10002402:	ee10 f430 	dcp_rcmp APSR_nzcv
10002406:	bf2c      	ite	cs
10002408:	2001      	movcs	r0, #1
1000240a:	2000      	movcc	r0, #0
1000240c:	4770      	bx	lr
1000240e:	bf00      	nop
10002410:	b500      	push	{lr}
10002412:	f7ff feaf 	bl	10002174 <generic_save_state>
10002416:	e002      	b.n	1000241e <__wrap___aeabi_dcmpgt+0x6>

10002418 <__wrap___aeabi_dcmpgt>:
10002418:	fe10 f430 	dcp_pcmp APSR_nzcv
1000241c:	d4f8      	bmi.n	10002410 <__wrap___aeabi_dcmpge+0x20>
1000241e:	ec41 0410 	dcp_wxup r0, r1
10002422:	ec43 2411 	dcp_wyup r2, r3
10002426:	ee00 0401 	dcp_add0
1000242a:	ee10 f430 	dcp_rcmp APSR_nzcv
1000242e:	bf8c      	ite	hi
10002430:	2001      	movhi	r0, #1
10002432:	2000      	movls	r0, #0
10002434:	4770      	bx	lr
10002436:	bf00      	nop

10002438 <_out_null>:
10002438:	4770      	bx	lr
1000243a:	bf00      	nop

1000243c <_out_rev>:
1000243c:	e92d 4ff8 	stmdb	sp!, {r3, r4, r5, r6, r7, r8, r9, sl, fp, lr}
10002440:	469a      	mov	sl, r3
10002442:	9b0d      	ldr	r3, [sp, #52]	; 0x34
10002444:	4617      	mov	r7, r2
10002446:	079a      	lsls	r2, r3, #30
10002448:	4606      	mov	r6, r0
1000244a:	468b      	mov	fp, r1
1000244c:	f8dd 8028 	ldr.w	r8, [sp, #40]	; 0x28
10002450:	d111      	bne.n	10002476 <_out_rev+0x3a>
10002452:	e9dd 320b 	ldrd	r3, r2, [sp, #44]	; 0x2c
10002456:	4293      	cmp	r3, r2
10002458:	d20d      	bcs.n	10002476 <_out_rev+0x3a>
1000245a:	4613      	mov	r3, r2
1000245c:	463c      	mov	r4, r7
1000245e:	9a0b      	ldr	r2, [sp, #44]	; 0x2c
10002460:	1a9d      	subs	r5, r3, r2
10002462:	443d      	add	r5, r7
10002464:	4622      	mov	r2, r4
10002466:	4653      	mov	r3, sl
10002468:	4659      	mov	r1, fp
1000246a:	2020      	movs	r0, #32
1000246c:	3401      	adds	r4, #1
1000246e:	47b0      	blx	r6
10002470:	42ac      	cmp	r4, r5
10002472:	d1f7      	bne.n	10002464 <_out_rev+0x28>
10002474:	e000      	b.n	10002478 <_out_rev+0x3c>
10002476:	463d      	mov	r5, r7
10002478:	9b0b      	ldr	r3, [sp, #44]	; 0x2c
1000247a:	b173      	cbz	r3, 1000249a <_out_rev+0x5e>
1000247c:	eb08 0403 	add.w	r4, r8, r3
10002480:	eb04 0905 	add.w	r9, r4, r5
10002484:	eba9 0204 	sub.w	r2, r9, r4
10002488:	f814 0d01 	ldrb.w	r0, [r4, #-1]!
1000248c:	4653      	mov	r3, sl
1000248e:	4659      	mov	r1, fp
10002490:	47b0      	blx	r6
10002492:	4544      	cmp	r4, r8
10002494:	d1f6      	bne.n	10002484 <_out_rev+0x48>
10002496:	9b0b      	ldr	r3, [sp, #44]	; 0x2c
10002498:	441d      	add	r5, r3
1000249a:	9b0d      	ldr	r3, [sp, #52]	; 0x34
1000249c:	079b      	lsls	r3, r3, #30
1000249e:	d50e      	bpl.n	100024be <_out_rev+0x82>
100024a0:	9b0c      	ldr	r3, [sp, #48]	; 0x30
100024a2:	1bef      	subs	r7, r5, r7
100024a4:	42bb      	cmp	r3, r7
100024a6:	d90a      	bls.n	100024be <_out_rev+0x82>
100024a8:	461c      	mov	r4, r3
100024aa:	462a      	mov	r2, r5
100024ac:	4653      	mov	r3, sl
100024ae:	4659      	mov	r1, fp
100024b0:	2020      	movs	r0, #32
100024b2:	3701      	adds	r7, #1
100024b4:	47b0      	blx	r6
100024b6:	42bc      	cmp	r4, r7
100024b8:	f105 0501 	add.w	r5, r5, #1
100024bc:	d8f5      	bhi.n	100024aa <_out_rev+0x6e>
100024be:	4628      	mov	r0, r5
100024c0:	e8bd 8ff8 	ldmia.w	sp!, {r3, r4, r5, r6, r7, r8, r9, sl, fp, pc}

100024c4 <_ntoa_format>:
100024c4:	e92d 4ff0 	stmdb	sp!, {r4, r5, r6, r7, r8, r9, sl, fp, lr}
100024c8:	9e0f      	ldr	r6, [sp, #60]	; 0x3c
100024ca:	f8dd e024 	ldr.w	lr, [sp, #36]	; 0x24
100024ce:	f016 0f02 	tst.w	r6, #2
100024d2:	9c0a      	ldr	r4, [sp, #40]	; 0x28
100024d4:	f89d 902c 	ldrb.w	r9, [sp, #44]	; 0x2c
100024d8:	9d0e      	ldr	r5, [sp, #56]	; 0x38
100024da:	e9dd 870c 	ldrd	r8, r7, [sp, #48]	; 0x30
100024de:	d12c      	bne.n	1000253a <_ntoa_format+0x76>
100024e0:	2d00      	cmp	r5, #0
100024e2:	d174      	bne.n	100025ce <_ntoa_format+0x10a>
100024e4:	42bc      	cmp	r4, r7
100024e6:	f006 0b01 	and.w	fp, r6, #1
100024ea:	f080 80cb 	bcs.w	10002684 <_ntoa_format+0x1c0>
100024ee:	2c1f      	cmp	r4, #31
100024f0:	bf88      	it	hi
100024f2:	2420      	movhi	r4, #32
100024f4:	f200 80c6 	bhi.w	10002684 <_ntoa_format+0x1c0>
100024f8:	f104 3cff 	add.w	ip, r4, #4294967295
100024fc:	f04f 0a30 	mov.w	sl, #48	; 0x30
10002500:	44f4      	add	ip, lr
10002502:	e001      	b.n	10002508 <_ntoa_format+0x44>
10002504:	2c20      	cmp	r4, #32
10002506:	d004      	beq.n	10002512 <_ntoa_format+0x4e>
10002508:	3401      	adds	r4, #1
1000250a:	42a7      	cmp	r7, r4
1000250c:	f80c af01 	strb.w	sl, [ip, #1]!
10002510:	d8f8      	bhi.n	10002504 <_ntoa_format+0x40>
10002512:	f1bb 0f00 	cmp.w	fp, #0
10002516:	d010      	beq.n	1000253a <_ntoa_format+0x76>
10002518:	42a5      	cmp	r5, r4
1000251a:	d90e      	bls.n	1000253a <_ntoa_format+0x76>
1000251c:	2c20      	cmp	r4, #32
1000251e:	d02d      	beq.n	1000257c <_ntoa_format+0xb8>
10002520:	f104 3cff 	add.w	ip, r4, #4294967295
10002524:	f04f 0a30 	mov.w	sl, #48	; 0x30
10002528:	44f4      	add	ip, lr
1000252a:	e001      	b.n	10002530 <_ntoa_format+0x6c>
1000252c:	2c20      	cmp	r4, #32
1000252e:	d025      	beq.n	1000257c <_ntoa_format+0xb8>
10002530:	3401      	adds	r4, #1
10002532:	42ac      	cmp	r4, r5
10002534:	f80c af01 	strb.w	sl, [ip, #1]!
10002538:	d1f8      	bne.n	1000252c <_ntoa_format+0x68>
1000253a:	f016 0f10 	tst.w	r6, #16
1000253e:	d038      	beq.n	100025b2 <_ntoa_format+0xee>
10002540:	f416 6f80 	tst.w	r6, #1024	; 0x400
10002544:	d126      	bne.n	10002594 <_ntoa_format+0xd0>
10002546:	bb0c      	cbnz	r4, 1000258c <_ntoa_format+0xc8>
10002548:	f1b8 0f10 	cmp.w	r8, #16
1000254c:	d07f      	beq.n	1000264e <_ntoa_format+0x18a>
1000254e:	f1b8 0f02 	cmp.w	r8, #2
10002552:	f000 8092 	beq.w	1000267a <_ntoa_format+0x1b6>
10002556:	2430      	movs	r4, #48	; 0x30
10002558:	f88e 4000 	strb.w	r4, [lr]
1000255c:	2401      	movs	r4, #1
1000255e:	f1b9 0f00 	cmp.w	r9, #0
10002562:	d02b      	beq.n	100025bc <_ntoa_format+0xf8>
10002564:	272d      	movs	r7, #45	; 0x2d
10002566:	f80e 7004 	strb.w	r7, [lr, r4]
1000256a:	3401      	adds	r4, #1
1000256c:	e9cd 560b 	strd	r5, r6, [sp, #44]	; 0x2c
10002570:	e9cd e409 	strd	lr, r4, [sp, #36]	; 0x24
10002574:	e8bd 4ff0 	ldmia.w	sp!, {r4, r5, r6, r7, r8, r9, sl, fp, lr}
10002578:	f7ff bf60 	b.w	1000243c <_out_rev>
1000257c:	f016 0f10 	tst.w	r6, #16
10002580:	f04f 0420 	mov.w	r4, #32
10002584:	d0f2      	beq.n	1000256c <_ntoa_format+0xa8>
10002586:	f416 6f80 	tst.w	r6, #1024	; 0x400
1000258a:	d103      	bne.n	10002594 <_ntoa_format+0xd0>
1000258c:	42a7      	cmp	r7, r4
1000258e:	d049      	beq.n	10002624 <_ntoa_format+0x160>
10002590:	42a5      	cmp	r5, r4
10002592:	d047      	beq.n	10002624 <_ntoa_format+0x160>
10002594:	f1b8 0f10 	cmp.w	r8, #16
10002598:	d04e      	beq.n	10002638 <_ntoa_format+0x174>
1000259a:	f1b8 0f02 	cmp.w	r8, #2
1000259e:	d039      	beq.n	10002614 <_ntoa_format+0x150>
100025a0:	2c20      	cmp	r4, #32
100025a2:	d0e3      	beq.n	1000256c <_ntoa_format+0xa8>
100025a4:	f04f 0c30 	mov.w	ip, #48	; 0x30
100025a8:	eb0e 0704 	add.w	r7, lr, r4
100025ac:	f887 c000 	strb.w	ip, [r7]
100025b0:	3401      	adds	r4, #1
100025b2:	2c20      	cmp	r4, #32
100025b4:	d0da      	beq.n	1000256c <_ntoa_format+0xa8>
100025b6:	f1b9 0f00 	cmp.w	r9, #0
100025ba:	d1d3      	bne.n	10002564 <_ntoa_format+0xa0>
100025bc:	0777      	lsls	r7, r6, #29
100025be:	d41d      	bmi.n	100025fc <_ntoa_format+0x138>
100025c0:	0737      	lsls	r7, r6, #28
100025c2:	d5d3      	bpl.n	1000256c <_ntoa_format+0xa8>
100025c4:	2720      	movs	r7, #32
100025c6:	f80e 7004 	strb.w	r7, [lr, r4]
100025ca:	3401      	adds	r4, #1
100025cc:	e7ce      	b.n	1000256c <_ntoa_format+0xa8>
100025ce:	f016 0b01 	ands.w	fp, r6, #1
100025d2:	d00d      	beq.n	100025f0 <_ntoa_format+0x12c>
100025d4:	f1b9 0f00 	cmp.w	r9, #0
100025d8:	d122      	bne.n	10002620 <_ntoa_format+0x15c>
100025da:	f016 0f0c 	tst.w	r6, #12
100025de:	d11f      	bne.n	10002620 <_ntoa_format+0x15c>
100025e0:	42bc      	cmp	r4, r7
100025e2:	d299      	bcs.n	10002518 <_ntoa_format+0x54>
100025e4:	2c1f      	cmp	r4, #31
100025e6:	d987      	bls.n	100024f8 <_ntoa_format+0x34>
100025e8:	2d20      	cmp	r5, #32
100025ea:	d8c7      	bhi.n	1000257c <_ntoa_format+0xb8>
100025ec:	2420      	movs	r4, #32
100025ee:	e7a4      	b.n	1000253a <_ntoa_format+0x76>
100025f0:	42bc      	cmp	r4, r7
100025f2:	d2a2      	bcs.n	1000253a <_ntoa_format+0x76>
100025f4:	2c1f      	cmp	r4, #31
100025f6:	f67f af7f 	bls.w	100024f8 <_ntoa_format+0x34>
100025fa:	e7f7      	b.n	100025ec <_ntoa_format+0x128>
100025fc:	272b      	movs	r7, #43	; 0x2b
100025fe:	f80e 7004 	strb.w	r7, [lr, r4]
10002602:	3401      	adds	r4, #1
10002604:	e9cd 560b 	strd	r5, r6, [sp, #44]	; 0x2c
10002608:	e9cd e409 	strd	lr, r4, [sp, #36]	; 0x24
1000260c:	e8bd 4ff0 	ldmia.w	sp!, {r4, r5, r6, r7, r8, r9, sl, fp, lr}
10002610:	f7ff bf14 	b.w	1000243c <_out_rev>
10002614:	2c20      	cmp	r4, #32
10002616:	d0a9      	beq.n	1000256c <_ntoa_format+0xa8>
10002618:	eb0e 0704 	add.w	r7, lr, r4
1000261c:	3401      	adds	r4, #1
1000261e:	e040      	b.n	100026a2 <_ntoa_format+0x1de>
10002620:	3d01      	subs	r5, #1
10002622:	e7dd      	b.n	100025e0 <_ntoa_format+0x11c>
10002624:	1e67      	subs	r7, r4, #1
10002626:	d08f      	beq.n	10002548 <_ntoa_format+0x84>
10002628:	f1b8 0f10 	cmp.w	r8, #16
1000262c:	d02f      	beq.n	1000268e <_ntoa_format+0x1ca>
1000262e:	f1b8 0f02 	cmp.w	r8, #2
10002632:	d035      	beq.n	100026a0 <_ntoa_format+0x1dc>
10002634:	463c      	mov	r4, r7
10002636:	e7b5      	b.n	100025a4 <_ntoa_format+0xe0>
10002638:	06b7      	lsls	r7, r6, #26
1000263a:	d40f      	bmi.n	1000265c <_ntoa_format+0x198>
1000263c:	2c20      	cmp	r4, #32
1000263e:	d095      	beq.n	1000256c <_ntoa_format+0xa8>
10002640:	eb0e 0c04 	add.w	ip, lr, r4
10002644:	3401      	adds	r4, #1
10002646:	2778      	movs	r7, #120	; 0x78
10002648:	f88c 7000 	strb.w	r7, [ip]
1000264c:	e7a8      	b.n	100025a0 <_ntoa_format+0xdc>
1000264e:	06b4      	lsls	r4, r6, #26
10002650:	d40e      	bmi.n	10002670 <_ntoa_format+0x1ac>
10002652:	2478      	movs	r4, #120	; 0x78
10002654:	f88e 4000 	strb.w	r4, [lr]
10002658:	2401      	movs	r4, #1
1000265a:	e7a3      	b.n	100025a4 <_ntoa_format+0xe0>
1000265c:	2c20      	cmp	r4, #32
1000265e:	d085      	beq.n	1000256c <_ntoa_format+0xa8>
10002660:	f04f 0c58 	mov.w	ip, #88	; 0x58
10002664:	eb0e 0704 	add.w	r7, lr, r4
10002668:	f887 c000 	strb.w	ip, [r7]
1000266c:	3401      	adds	r4, #1
1000266e:	e797      	b.n	100025a0 <_ntoa_format+0xdc>
10002670:	2458      	movs	r4, #88	; 0x58
10002672:	f88e 4000 	strb.w	r4, [lr]
10002676:	2401      	movs	r4, #1
10002678:	e794      	b.n	100025a4 <_ntoa_format+0xe0>
1000267a:	2462      	movs	r4, #98	; 0x62
1000267c:	f88e 4000 	strb.w	r4, [lr]
10002680:	2401      	movs	r4, #1
10002682:	e78f      	b.n	100025a4 <_ntoa_format+0xe0>
10002684:	f1bb 0f00 	cmp.w	fp, #0
10002688:	bf08      	it	eq
1000268a:	2500      	moveq	r5, #0
1000268c:	e755      	b.n	1000253a <_ntoa_format+0x76>
1000268e:	f016 0f20 	tst.w	r6, #32
10002692:	f1a4 0402 	sub.w	r4, r4, #2
10002696:	d1e3      	bne.n	10002660 <_ntoa_format+0x19c>
10002698:	eb0e 0c04 	add.w	ip, lr, r4
1000269c:	463c      	mov	r4, r7
1000269e:	e7d2      	b.n	10002646 <_ntoa_format+0x182>
100026a0:	4477      	add	r7, lr
100026a2:	f04f 0c62 	mov.w	ip, #98	; 0x62
100026a6:	f887 c000 	strb.w	ip, [r7]
100026aa:	e779      	b.n	100025a0 <_ntoa_format+0xdc>

100026ac <_out_char>:
100026ac:	b900      	cbnz	r0, 100026b0 <_out_char+0x4>
100026ae:	4770      	bx	lr
100026b0:	f001 ba5e 	b.w	10003b70 <__wrap_putchar>

100026b4 <_out_fct>:
100026b4:	b110      	cbz	r0, 100026bc <_out_fct+0x8>
100026b6:	e9d1 3100 	ldrd	r3, r1, [r1]
100026ba:	4718      	bx	r3
100026bc:	4770      	bx	lr
100026be:	bf00      	nop

100026c0 <_etoa>:
100026c0:	e92d 4ff0 	stmdb	sp!, {r4, r5, r6, r7, r8, r9, sl, fp, lr}
100026c4:	ed2d 8b04 	vpush	{d8-d9}
100026c8:	b09b      	sub	sp, #108	; 0x6c
100026ca:	9c2a      	ldr	r4, [sp, #168]	; 0xa8
100026cc:	e9dd 8928 	ldrd	r8, r9, [sp, #160]	; 0xa0
100026d0:	9409      	str	r4, [sp, #36]	; 0x24
100026d2:	9c2b      	ldr	r4, [sp, #172]	; 0xac
100026d4:	4683      	mov	fp, r0
100026d6:	461d      	mov	r5, r3
100026d8:	940d      	str	r4, [sp, #52]	; 0x34
100026da:	920c      	str	r2, [sp, #48]	; 0x30
100026dc:	460c      	mov	r4, r1
100026de:	4642      	mov	r2, r8
100026e0:	464b      	mov	r3, r9
100026e2:	4640      	mov	r0, r8
100026e4:	4649      	mov	r1, r9
100026e6:	f8dd a0b0 	ldr.w	sl, [sp, #176]	; 0xb0
100026ea:	f7ff fe47 	bl	1000237c <__wrap___aeabi_dcmpun>
100026ee:	2800      	cmp	r0, #0
100026f0:	f040 80d6 	bne.w	100028a0 <_etoa+0x1e0>
100026f4:	4640      	mov	r0, r8
100026f6:	4649      	mov	r1, r9
100026f8:	f04f 32ff 	mov.w	r2, #4294967295
100026fc:	4b74      	ldr	r3, [pc, #464]	; (100028d0 <_etoa+0x210>)
100026fe:	f7ff fe8b 	bl	10002418 <__wrap___aeabi_dcmpgt>
10002702:	2800      	cmp	r0, #0
10002704:	f040 80cc 	bne.w	100028a0 <_etoa+0x1e0>
10002708:	4640      	mov	r0, r8
1000270a:	4649      	mov	r1, r9
1000270c:	f04f 32ff 	mov.w	r2, #4294967295
10002710:	f46f 1380 	mvn.w	r3, #1048576	; 0x100000
10002714:	f7ff fe44 	bl	100023a0 <__wrap___aeabi_dcmplt>
10002718:	2800      	cmp	r0, #0
1000271a:	f040 80c1 	bne.w	100028a0 <_etoa+0x1e0>
1000271e:	4640      	mov	r0, r8
10002720:	4649      	mov	r1, r9
10002722:	2200      	movs	r2, #0
10002724:	2300      	movs	r3, #0
10002726:	f7ff fe3b 	bl	100023a0 <__wrap___aeabi_dcmplt>
1000272a:	2800      	cmp	r0, #0
1000272c:	f040 81c1 	bne.w	10002ab2 <_etoa+0x3f2>
10002730:	e9cd 890a 	strd	r8, r9, [sp, #40]	; 0x28
10002734:	e9dd 230a 	ldrd	r2, r3, [sp, #40]	; 0x28
10002738:	461f      	mov	r7, r3
1000273a:	f41a 6380 	ands.w	r3, sl, #1024	; 0x400
1000273e:	4616      	mov	r6, r2
10002740:	9311      	str	r3, [sp, #68]	; 0x44
10002742:	9b09      	ldr	r3, [sp, #36]	; 0x24
10002744:	bf08      	it	eq
10002746:	2306      	moveq	r3, #6
10002748:	9309      	str	r3, [sp, #36]	; 0x24
1000274a:	ea56 0307 	orrs.w	r3, r6, r7
1000274e:	f040 80c3 	bne.w	100028d8 <_etoa+0x218>
10002752:	f41a 6e00 	ands.w	lr, sl, #2048	; 0x800
10002756:	f000 81a4 	beq.w	10002aa2 <_etoa+0x3e2>
1000275a:	ed9f 7b5b 	vldr	d7, [pc, #364]	; 100028c8 <_etoa+0x208>
1000275e:	2300      	movs	r3, #0
10002760:	ed8d 7b0e 	vstr	d7, [sp, #56]	; 0x38
10002764:	9310      	str	r3, [sp, #64]	; 0x40
10002766:	9b09      	ldr	r3, [sp, #36]	; 0x24
10002768:	9a10      	ldr	r2, [sp, #64]	; 0x40
1000276a:	2600      	movs	r6, #0
1000276c:	4293      	cmp	r3, r2
1000276e:	bfd2      	itee	le
10002770:	2300      	movle	r3, #0
10002772:	eba3 0e02 	subgt.w	lr, r3, r2
10002776:	f10e 33ff 	addgt.w	r3, lr, #4294967295
1000277a:	9309      	str	r3, [sp, #36]	; 0x24
1000277c:	f44a 6a80 	orr.w	sl, sl, #1024	; 0x400
10002780:	9610      	str	r6, [sp, #64]	; 0x40
10002782:	9b0d      	ldr	r3, [sp, #52]	; 0x34
10002784:	42b3      	cmp	r3, r6
10002786:	bf94      	ite	ls
10002788:	2700      	movls	r7, #0
1000278a:	1b9f      	subhi	r7, r3, r6
1000278c:	f01a 0302 	ands.w	r3, sl, #2
10002790:	9311      	str	r3, [sp, #68]	; 0x44
10002792:	d002      	beq.n	1000279a <_etoa+0xda>
10002794:	2e00      	cmp	r6, #0
10002796:	bf18      	it	ne
10002798:	2700      	movne	r7, #0
1000279a:	9b10      	ldr	r3, [sp, #64]	; 0x40
1000279c:	b13b      	cbz	r3, 100027ae <_etoa+0xee>
1000279e:	e9dd 010a 	ldrd	r0, r1, [sp, #40]	; 0x28
100027a2:	e9dd 230e 	ldrd	r2, r3, [sp, #56]	; 0x38
100027a6:	f7ff fd53 	bl	10002250 <__wrap___aeabi_ddiv>
100027aa:	e9cd 010a 	strd	r0, r1, [sp, #40]	; 0x28
100027ae:	4640      	mov	r0, r8
100027b0:	4649      	mov	r1, r9
100027b2:	2200      	movs	r2, #0
100027b4:	2300      	movs	r3, #0
100027b6:	f7ff fdf3 	bl	100023a0 <__wrap___aeabi_dcmplt>
100027ba:	b130      	cbz	r0, 100027ca <_etoa+0x10a>
100027bc:	e9dd 010a 	ldrd	r0, r1, [sp, #40]	; 0x28
100027c0:	4602      	mov	r2, r0
100027c2:	f101 4300 	add.w	r3, r1, #2147483648	; 0x80000000
100027c6:	e9cd 230a 	strd	r2, r3, [sp, #40]	; 0x28
100027ca:	ed9d 7b0a 	vldr	d7, [sp, #40]	; 0x28
100027ce:	9b09      	ldr	r3, [sp, #36]	; 0x24
100027d0:	ed8d 7b00 	vstr	d7, [sp]
100027d4:	9302      	str	r3, [sp, #8]
100027d6:	f42a 6300 	bic.w	r3, sl, #2048	; 0x800
100027da:	9304      	str	r3, [sp, #16]
100027dc:	4621      	mov	r1, r4
100027de:	462b      	mov	r3, r5
100027e0:	4658      	mov	r0, fp
100027e2:	9a0c      	ldr	r2, [sp, #48]	; 0x30
100027e4:	9703      	str	r7, [sp, #12]
100027e6:	f000 f99b 	bl	10002b20 <_ftoa>
100027ea:	4680      	mov	r8, r0
100027ec:	2e00      	cmp	r6, #0
100027ee:	d051      	beq.n	10002894 <_etoa+0x1d4>
100027f0:	f01a 0f20 	tst.w	sl, #32
100027f4:	4642      	mov	r2, r8
100027f6:	bf14      	ite	ne
100027f8:	2045      	movne	r0, #69	; 0x45
100027fa:	2065      	moveq	r0, #101	; 0x65
100027fc:	462b      	mov	r3, r5
100027fe:	4621      	mov	r1, r4
10002800:	47d8      	blx	fp
10002802:	9a10      	ldr	r2, [sp, #64]	; 0x40
10002804:	f10d 0c48 	add.w	ip, sp, #72	; 0x48
10002808:	ea82 73e2 	eor.w	r3, r2, r2, asr #31
1000280c:	eba3 73e2 	sub.w	r3, r3, r2, asr #31
10002810:	ea4f 7ed2 	mov.w	lr, r2, lsr #31
10002814:	2700      	movs	r7, #0
10002816:	4662      	mov	r2, ip
10002818:	4618      	mov	r0, r3
1000281a:	f8df 90b8 	ldr.w	r9, [pc, #184]	; 100028d4 <_etoa+0x214>
1000281e:	f108 0801 	add.w	r8, r8, #1
10002822:	f106 3aff 	add.w	sl, r6, #4294967295
10002826:	e001      	b.n	1000282c <_etoa+0x16c>
10002828:	2f20      	cmp	r7, #32
1000282a:	d00f      	beq.n	1000284c <_etoa+0x18c>
1000282c:	4606      	mov	r6, r0
1000282e:	fba9 3100 	umull	r3, r1, r9, r0
10002832:	08c9      	lsrs	r1, r1, #3
10002834:	eb01 0381 	add.w	r3, r1, r1, lsl #2
10002838:	eba0 0343 	sub.w	r3, r0, r3, lsl #1
1000283c:	3330      	adds	r3, #48	; 0x30
1000283e:	2e09      	cmp	r6, #9
10002840:	4608      	mov	r0, r1
10002842:	f107 0701 	add.w	r7, r7, #1
10002846:	f802 3b01 	strb.w	r3, [r2], #1
1000284a:	d8ed      	bhi.n	10002828 <_etoa+0x168>
1000284c:	2305      	movs	r3, #5
1000284e:	2000      	movs	r0, #0
10002850:	9306      	str	r3, [sp, #24]
10002852:	230a      	movs	r3, #10
10002854:	4642      	mov	r2, r8
10002856:	e9cd 3003 	strd	r3, r0, [sp, #12]
1000285a:	4621      	mov	r1, r4
1000285c:	462b      	mov	r3, r5
1000285e:	4658      	mov	r0, fp
10002860:	e9cd 7e01 	strd	r7, lr, [sp, #4]
10002864:	f8cd a014 	str.w	sl, [sp, #20]
10002868:	f8cd c000 	str.w	ip, [sp]
1000286c:	f7ff fe2a 	bl	100024c4 <_ntoa_format>
10002870:	9b11      	ldr	r3, [sp, #68]	; 0x44
10002872:	4680      	mov	r8, r0
10002874:	b173      	cbz	r3, 10002894 <_etoa+0x1d4>
10002876:	9b0c      	ldr	r3, [sp, #48]	; 0x30
10002878:	9f0d      	ldr	r7, [sp, #52]	; 0x34
1000287a:	1ac6      	subs	r6, r0, r3
1000287c:	42b7      	cmp	r7, r6
1000287e:	d909      	bls.n	10002894 <_etoa+0x1d4>
10002880:	4642      	mov	r2, r8
10002882:	462b      	mov	r3, r5
10002884:	4621      	mov	r1, r4
10002886:	2020      	movs	r0, #32
10002888:	3601      	adds	r6, #1
1000288a:	47d8      	blx	fp
1000288c:	42b7      	cmp	r7, r6
1000288e:	f108 0801 	add.w	r8, r8, #1
10002892:	d8f5      	bhi.n	10002880 <_etoa+0x1c0>
10002894:	4640      	mov	r0, r8
10002896:	b01b      	add	sp, #108	; 0x6c
10002898:	ecbd 8b04 	vpop	{d8-d9}
1000289c:	e8bd 8ff0 	ldmia.w	sp!, {r4, r5, r6, r7, r8, r9, sl, fp, pc}
100028a0:	9b0d      	ldr	r3, [sp, #52]	; 0x34
100028a2:	4621      	mov	r1, r4
100028a4:	932b      	str	r3, [sp, #172]	; 0xac
100028a6:	4658      	mov	r0, fp
100028a8:	462b      	mov	r3, r5
100028aa:	9c09      	ldr	r4, [sp, #36]	; 0x24
100028ac:	9a0c      	ldr	r2, [sp, #48]	; 0x30
100028ae:	e9cd 8928 	strd	r8, r9, [sp, #160]	; 0xa0
100028b2:	f8cd a0b0 	str.w	sl, [sp, #176]	; 0xb0
100028b6:	942a      	str	r4, [sp, #168]	; 0xa8
100028b8:	b01b      	add	sp, #108	; 0x6c
100028ba:	ecbd 8b04 	vpop	{d8-d9}
100028be:	e8bd 4ff0 	ldmia.w	sp!, {r4, r5, r6, r7, r8, r9, sl, fp, lr}
100028c2:	f000 b92d 	b.w	10002b20 <_ftoa>
100028c6:	bf00      	nop
	...
100028d0:	7fefffff 	.word	0x7fefffff
100028d4:	cccccccd 	.word	0xcccccccd
100028d8:	f3c7 500a 	ubfx	r0, r7, #20, #11
100028dc:	f2a0 30ff 	subw	r0, r0, #1023	; 0x3ff
100028e0:	f7ff fd04 	bl	100022ec <__wrap___aeabi_i2d>
100028e4:	a38a      	add	r3, pc, #552	; (adr r3, 10002b10 <_etoa+0x450>)
100028e6:	e9d3 2300 	ldrd	r2, r3, [r3]
100028ea:	f7ff fc8d 	bl	10002208 <__wrap___aeabi_dmul>
100028ee:	a38a      	add	r3, pc, #552	; (adr r3, 10002b18 <_etoa+0x458>)
100028f0:	e9d3 2300 	ldrd	r2, r3, [r3]
100028f4:	f7ff fc60 	bl	100021b8 <__wrap___aeabi_dadd>
100028f8:	f3c7 0313 	ubfx	r3, r7, #0, #20
100028fc:	ec41 0b18 	vmov	d8, r0, r1
10002900:	f043 517f 	orr.w	r1, r3, #1069547520	; 0x3fc00000
10002904:	4630      	mov	r0, r6
10002906:	2200      	movs	r2, #0
10002908:	4b7b      	ldr	r3, [pc, #492]	; (10002af8 <_etoa+0x438>)
1000290a:	f441 1140 	orr.w	r1, r1, #3145728	; 0x300000
1000290e:	f7ff fc67 	bl	100021e0 <__wrap___aeabi_dsub>
10002912:	a36b      	add	r3, pc, #428	; (adr r3, 10002ac0 <_etoa+0x400>)
10002914:	e9d3 2300 	ldrd	r2, r3, [r3]
10002918:	f7ff fc76 	bl	10002208 <__wrap___aeabi_dmul>
1000291c:	4602      	mov	r2, r0
1000291e:	460b      	mov	r3, r1
10002920:	ec51 0b18 	vmov	r0, r1, d8
10002924:	f7ff fc48 	bl	100021b8 <__wrap___aeabi_dadd>
10002928:	f7ff fd04 	bl	10002334 <__wrap___aeabi_d2iz>
1000292c:	9010      	str	r0, [sp, #64]	; 0x40
1000292e:	f7ff fcdd 	bl	100022ec <__wrap___aeabi_i2d>
10002932:	a365      	add	r3, pc, #404	; (adr r3, 10002ac8 <_etoa+0x408>)
10002934:	e9d3 2300 	ldrd	r2, r3, [r3]
10002938:	4606      	mov	r6, r0
1000293a:	460f      	mov	r7, r1
1000293c:	f7ff fc64 	bl	10002208 <__wrap___aeabi_dmul>
10002940:	2200      	movs	r2, #0
10002942:	4b6e      	ldr	r3, [pc, #440]	; (10002afc <_etoa+0x43c>)
10002944:	f7ff fc38 	bl	100021b8 <__wrap___aeabi_dadd>
10002948:	f7ff fcf4 	bl	10002334 <__wrap___aeabi_d2iz>
1000294c:	4603      	mov	r3, r0
1000294e:	4639      	mov	r1, r7
10002950:	4630      	mov	r0, r6
10002952:	930e      	str	r3, [sp, #56]	; 0x38
10002954:	a35e      	add	r3, pc, #376	; (adr r3, 10002ad0 <_etoa+0x410>)
10002956:	e9d3 2300 	ldrd	r2, r3, [r3]
1000295a:	f7ff fc55 	bl	10002208 <__wrap___aeabi_dmul>
1000295e:	4606      	mov	r6, r0
10002960:	980e      	ldr	r0, [sp, #56]	; 0x38
10002962:	460f      	mov	r7, r1
10002964:	f7ff fcc2 	bl	100022ec <__wrap___aeabi_i2d>
10002968:	a35b      	add	r3, pc, #364	; (adr r3, 10002ad8 <_etoa+0x418>)
1000296a:	e9d3 2300 	ldrd	r2, r3, [r3]
1000296e:	f7ff fc4b 	bl	10002208 <__wrap___aeabi_dmul>
10002972:	4602      	mov	r2, r0
10002974:	460b      	mov	r3, r1
10002976:	4630      	mov	r0, r6
10002978:	4639      	mov	r1, r7
1000297a:	f7ff fc31 	bl	100021e0 <__wrap___aeabi_dsub>
1000297e:	4602      	mov	r2, r0
10002980:	460b      	mov	r3, r1
10002982:	4606      	mov	r6, r0
10002984:	460f      	mov	r7, r1
10002986:	f7ff fc3f 	bl	10002208 <__wrap___aeabi_dmul>
1000298a:	4632      	mov	r2, r6
1000298c:	ec41 0b18 	vmov	d8, r0, r1
10002990:	463b      	mov	r3, r7
10002992:	4630      	mov	r0, r6
10002994:	4639      	mov	r1, r7
10002996:	f7ff fc0f 	bl	100021b8 <__wrap___aeabi_dadd>
1000299a:	2200      	movs	r2, #0
1000299c:	ec41 0b19 	vmov	d9, r0, r1
100029a0:	4b57      	ldr	r3, [pc, #348]	; (10002b00 <_etoa+0x440>)
100029a2:	ec51 0b18 	vmov	r0, r1, d8
100029a6:	f7ff fc53 	bl	10002250 <__wrap___aeabi_ddiv>
100029aa:	2200      	movs	r2, #0
100029ac:	4b55      	ldr	r3, [pc, #340]	; (10002b04 <_etoa+0x444>)
100029ae:	f7ff fc03 	bl	100021b8 <__wrap___aeabi_dadd>
100029b2:	4602      	mov	r2, r0
100029b4:	460b      	mov	r3, r1
100029b6:	ec51 0b18 	vmov	r0, r1, d8
100029ba:	f7ff fc49 	bl	10002250 <__wrap___aeabi_ddiv>
100029be:	2200      	movs	r2, #0
100029c0:	4b51      	ldr	r3, [pc, #324]	; (10002b08 <_etoa+0x448>)
100029c2:	f7ff fbf9 	bl	100021b8 <__wrap___aeabi_dadd>
100029c6:	4602      	mov	r2, r0
100029c8:	460b      	mov	r3, r1
100029ca:	ec51 0b18 	vmov	r0, r1, d8
100029ce:	f7ff fc3f 	bl	10002250 <__wrap___aeabi_ddiv>
100029d2:	4632      	mov	r2, r6
100029d4:	463b      	mov	r3, r7
100029d6:	4606      	mov	r6, r0
100029d8:	460f      	mov	r7, r1
100029da:	2000      	movs	r0, #0
100029dc:	f04f 4180 	mov.w	r1, #1073741824	; 0x40000000
100029e0:	f7ff fbfe 	bl	100021e0 <__wrap___aeabi_dsub>
100029e4:	4602      	mov	r2, r0
100029e6:	460b      	mov	r3, r1
100029e8:	4630      	mov	r0, r6
100029ea:	4639      	mov	r1, r7
100029ec:	f7ff fbe4 	bl	100021b8 <__wrap___aeabi_dadd>
100029f0:	4602      	mov	r2, r0
100029f2:	460b      	mov	r3, r1
100029f4:	ec51 0b19 	vmov	r0, r1, d9
100029f8:	f7ff fc2a 	bl	10002250 <__wrap___aeabi_ddiv>
100029fc:	2200      	movs	r2, #0
100029fe:	4b43      	ldr	r3, [pc, #268]	; (10002b0c <_etoa+0x44c>)
10002a00:	f7ff fbda 	bl	100021b8 <__wrap___aeabi_dadd>
10002a04:	9b0e      	ldr	r3, [sp, #56]	; 0x38
10002a06:	2200      	movs	r2, #0
10002a08:	f203 36ff 	addw	r6, r3, #1023	; 0x3ff
10002a0c:	0533      	lsls	r3, r6, #20
10002a0e:	f7ff fbfb 	bl	10002208 <__wrap___aeabi_dmul>
10002a12:	4606      	mov	r6, r0
10002a14:	460f      	mov	r7, r1
10002a16:	e9dd 010a 	ldrd	r0, r1, [sp, #40]	; 0x28
10002a1a:	4632      	mov	r2, r6
10002a1c:	463b      	mov	r3, r7
10002a1e:	e9cd 670e 	strd	r6, r7, [sp, #56]	; 0x38
10002a22:	f7ff fcbd 	bl	100023a0 <__wrap___aeabi_dcmplt>
10002a26:	bb60      	cbnz	r0, 10002a82 <_etoa+0x3c2>
10002a28:	4631      	mov	r1, r6
10002a2a:	463a      	mov	r2, r7
10002a2c:	9b10      	ldr	r3, [sp, #64]	; 0x40
10002a2e:	3363      	adds	r3, #99	; 0x63
10002a30:	2bc7      	cmp	r3, #199	; 0xc7
10002a32:	bf34      	ite	cc
10002a34:	2604      	movcc	r6, #4
10002a36:	2605      	movcs	r6, #5
10002a38:	f41a 6f00 	tst.w	sl, #2048	; 0x800
10002a3c:	f43f aea1 	beq.w	10002782 <_etoa+0xc2>
10002a40:	ea51 0302 	orrs.w	r3, r1, r2
10002a44:	f43f ae8f 	beq.w	10002766 <_etoa+0xa6>
10002a48:	e9dd 010a 	ldrd	r0, r1, [sp, #40]	; 0x28
10002a4c:	a324      	add	r3, pc, #144	; (adr r3, 10002ae0 <_etoa+0x420>)
10002a4e:	e9d3 2300 	ldrd	r2, r3, [r3]
10002a52:	f7ff fccd 	bl	100023f0 <__wrap___aeabi_dcmpge>
10002a56:	b148      	cbz	r0, 10002a6c <_etoa+0x3ac>
10002a58:	e9dd 010a 	ldrd	r0, r1, [sp, #40]	; 0x28
10002a5c:	a322      	add	r3, pc, #136	; (adr r3, 10002ae8 <_etoa+0x428>)
10002a5e:	e9d3 2300 	ldrd	r2, r3, [r3]
10002a62:	f7ff fc9d 	bl	100023a0 <__wrap___aeabi_dcmplt>
10002a66:	2800      	cmp	r0, #0
10002a68:	f47f ae7d 	bne.w	10002766 <_etoa+0xa6>
10002a6c:	9b09      	ldr	r3, [sp, #36]	; 0x24
10002a6e:	2b00      	cmp	r3, #0
10002a70:	f43f ae87 	beq.w	10002782 <_etoa+0xc2>
10002a74:	9a11      	ldr	r2, [sp, #68]	; 0x44
10002a76:	2a00      	cmp	r2, #0
10002a78:	f43f ae83 	beq.w	10002782 <_etoa+0xc2>
10002a7c:	3b01      	subs	r3, #1
10002a7e:	9309      	str	r3, [sp, #36]	; 0x24
10002a80:	e67f      	b.n	10002782 <_etoa+0xc2>
10002a82:	9b10      	ldr	r3, [sp, #64]	; 0x40
10002a84:	2200      	movs	r2, #0
10002a86:	3b01      	subs	r3, #1
10002a88:	9310      	str	r3, [sp, #64]	; 0x40
10002a8a:	4630      	mov	r0, r6
10002a8c:	4b1d      	ldr	r3, [pc, #116]	; (10002b04 <_etoa+0x444>)
10002a8e:	4639      	mov	r1, r7
10002a90:	f7ff fbde 	bl	10002250 <__wrap___aeabi_ddiv>
10002a94:	460b      	mov	r3, r1
10002a96:	4602      	mov	r2, r0
10002a98:	4601      	mov	r1, r0
10002a9a:	e9cd 230e 	strd	r2, r3, [sp, #56]	; 0x38
10002a9e:	461a      	mov	r2, r3
10002aa0:	e7c4      	b.n	10002a2c <_etoa+0x36c>
10002aa2:	ed9f 7b13 	vldr	d7, [pc, #76]	; 10002af0 <_etoa+0x430>
10002aa6:	2604      	movs	r6, #4
10002aa8:	ed8d 7b0e 	vstr	d7, [sp, #56]	; 0x38
10002aac:	f8cd e040 	str.w	lr, [sp, #64]	; 0x40
10002ab0:	e667      	b.n	10002782 <_etoa+0xc2>
10002ab2:	f109 4300 	add.w	r3, r9, #2147483648	; 0x80000000
10002ab6:	f8cd 8028 	str.w	r8, [sp, #40]	; 0x28
10002aba:	930b      	str	r3, [sp, #44]	; 0x2c
10002abc:	e63a      	b.n	10002734 <_etoa+0x74>
10002abe:	bf00      	nop
10002ac0:	636f4361 	.word	0x636f4361
10002ac4:	3fd287a7 	.word	0x3fd287a7
10002ac8:	0979a371 	.word	0x0979a371
10002acc:	400a934f 	.word	0x400a934f
10002ad0:	bbb55516 	.word	0xbbb55516
10002ad4:	40026bb1 	.word	0x40026bb1
10002ad8:	fefa39ef 	.word	0xfefa39ef
10002adc:	3fe62e42 	.word	0x3fe62e42
10002ae0:	eb1c432d 	.word	0xeb1c432d
10002ae4:	3f1a36e2 	.word	0x3f1a36e2
10002ae8:	00000000 	.word	0x00000000
10002aec:	412e8480 	.word	0x412e8480
	...
10002af8:	3ff80000 	.word	0x3ff80000
10002afc:	3fe00000 	.word	0x3fe00000
10002b00:	402c0000 	.word	0x402c0000
10002b04:	40240000 	.word	0x40240000
10002b08:	40180000 	.word	0x40180000
10002b0c:	3ff00000 	.word	0x3ff00000
10002b10:	509f79fb 	.word	0x509f79fb
10002b14:	3fd34413 	.word	0x3fd34413
10002b18:	8b60c8b3 	.word	0x8b60c8b3
10002b1c:	3fc68a28 	.word	0x3fc68a28

10002b20 <_ftoa>:
10002b20:	e92d 4ff0 	stmdb	sp!, {r4, r5, r6, r7, r8, r9, sl, fp, lr}
10002b24:	ed2d 8b02 	vpush	{d8}
10002b28:	b095      	sub	sp, #84	; 0x54
10002b2a:	e9dd 4522 	ldrd	r4, r5, [sp, #136]	; 0x88
10002b2e:	9506      	str	r5, [sp, #24]
10002b30:	9d24      	ldr	r5, [sp, #144]	; 0x90
10002b32:	e9dd 6720 	ldrd	r6, r7, [sp, #128]	; 0x80
10002b36:	e9cd 0107 	strd	r0, r1, [sp, #28]
10002b3a:	e9cd 2309 	strd	r2, r3, [sp, #36]	; 0x24
10002b3e:	4630      	mov	r0, r6
10002b40:	4632      	mov	r2, r6
10002b42:	463b      	mov	r3, r7
10002b44:	4639      	mov	r1, r7
10002b46:	9505      	str	r5, [sp, #20]
10002b48:	f7ff fc18 	bl	1000237c <__wrap___aeabi_dcmpun>
10002b4c:	2800      	cmp	r0, #0
10002b4e:	f040 81c4 	bne.w	10002eda <_ftoa+0x3ba>
10002b52:	4630      	mov	r0, r6
10002b54:	4639      	mov	r1, r7
10002b56:	f04f 32ff 	mov.w	r2, #4294967295
10002b5a:	f46f 1380 	mvn.w	r3, #1048576	; 0x100000
10002b5e:	f7ff fc1f 	bl	100023a0 <__wrap___aeabi_dcmplt>
10002b62:	2800      	cmp	r0, #0
10002b64:	f040 810d 	bne.w	10002d82 <_ftoa+0x262>
10002b68:	4630      	mov	r0, r6
10002b6a:	4639      	mov	r1, r7
10002b6c:	f04f 32ff 	mov.w	r2, #4294967295
10002b70:	4bbf      	ldr	r3, [pc, #764]	; (10002e70 <_ftoa+0x350>)
10002b72:	f7ff fc51 	bl	10002418 <__wrap___aeabi_dcmpgt>
10002b76:	2800      	cmp	r0, #0
10002b78:	f040 80dd 	bne.w	10002d36 <_ftoa+0x216>
10002b7c:	a3b8      	add	r3, pc, #736	; (adr r3, 10002e60 <_ftoa+0x340>)
10002b7e:	e9d3 2300 	ldrd	r2, r3, [r3]
10002b82:	4630      	mov	r0, r6
10002b84:	4639      	mov	r1, r7
10002b86:	f7ff fc47 	bl	10002418 <__wrap___aeabi_dcmpgt>
10002b8a:	2800      	cmp	r0, #0
10002b8c:	f040 80c1 	bne.w	10002d12 <_ftoa+0x1f2>
10002b90:	a3b5      	add	r3, pc, #724	; (adr r3, 10002e68 <_ftoa+0x348>)
10002b92:	e9d3 2300 	ldrd	r2, r3, [r3]
10002b96:	4630      	mov	r0, r6
10002b98:	4639      	mov	r1, r7
10002b9a:	f7ff fc01 	bl	100023a0 <__wrap___aeabi_dcmplt>
10002b9e:	2800      	cmp	r0, #0
10002ba0:	f040 80b7 	bne.w	10002d12 <_ftoa+0x1f2>
10002ba4:	4630      	mov	r0, r6
10002ba6:	4639      	mov	r1, r7
10002ba8:	2200      	movs	r2, #0
10002baa:	2300      	movs	r3, #0
10002bac:	f7ff fbf8 	bl	100023a0 <__wrap___aeabi_dcmplt>
10002bb0:	2800      	cmp	r0, #0
10002bb2:	f040 80da 	bne.w	10002d6a <_ftoa+0x24a>
10002bb6:	462b      	mov	r3, r5
10002bb8:	900b      	str	r0, [sp, #44]	; 0x2c
10002bba:	f413 6f80 	tst.w	r3, #1024	; 0x400
10002bbe:	bf08      	it	eq
10002bc0:	2406      	moveq	r4, #6
10002bc2:	2130      	movs	r1, #48	; 0x30
10002bc4:	46a2      	mov	sl, r4
10002bc6:	ab0c      	add	r3, sp, #48	; 0x30
10002bc8:	f1a4 0220 	sub.w	r2, r4, #32
10002bcc:	e006      	b.n	10002bdc <_ftoa+0xbc>
10002bce:	f10a 3aff 	add.w	sl, sl, #4294967295
10002bd2:	4552      	cmp	r2, sl
10002bd4:	f803 1b01 	strb.w	r1, [r3], #1
10002bd8:	f000 8131 	beq.w	10002e3e <_ftoa+0x31e>
10002bdc:	f1ba 0f09 	cmp.w	sl, #9
10002be0:	eba4 050a 	sub.w	r5, r4, sl
10002be4:	d8f3      	bhi.n	10002bce <_ftoa+0xae>
10002be6:	4639      	mov	r1, r7
10002be8:	4630      	mov	r0, r6
10002bea:	f7ff fba3 	bl	10002334 <__wrap___aeabi_d2iz>
10002bee:	4ba1      	ldr	r3, [pc, #644]	; (10002e74 <_ftoa+0x354>)
10002bf0:	4604      	mov	r4, r0
10002bf2:	eb03 03ca 	add.w	r3, r3, sl, lsl #3
10002bf6:	ed93 8b00 	vldr	d8, [r3]
10002bfa:	f7ff fb77 	bl	100022ec <__wrap___aeabi_i2d>
10002bfe:	4602      	mov	r2, r0
10002c00:	460b      	mov	r3, r1
10002c02:	4630      	mov	r0, r6
10002c04:	4639      	mov	r1, r7
10002c06:	f7ff faeb 	bl	100021e0 <__wrap___aeabi_dsub>
10002c0a:	ec53 2b18 	vmov	r2, r3, d8
10002c0e:	f7ff fafb 	bl	10002208 <__wrap___aeabi_dmul>
10002c12:	4689      	mov	r9, r1
10002c14:	4680      	mov	r8, r0
10002c16:	f7ff fb9f 	bl	10002358 <__wrap___aeabi_d2uiz>
10002c1a:	4683      	mov	fp, r0
10002c1c:	f7ff fb78 	bl	10002310 <__wrap___aeabi_ui2d>
10002c20:	4602      	mov	r2, r0
10002c22:	460b      	mov	r3, r1
10002c24:	4640      	mov	r0, r8
10002c26:	4649      	mov	r1, r9
10002c28:	f7ff fada 	bl	100021e0 <__wrap___aeabi_dsub>
10002c2c:	2200      	movs	r2, #0
10002c2e:	4b92      	ldr	r3, [pc, #584]	; (10002e78 <_ftoa+0x358>)
10002c30:	4680      	mov	r8, r0
10002c32:	4689      	mov	r9, r1
10002c34:	f7ff fbf0 	bl	10002418 <__wrap___aeabi_dcmpgt>
10002c38:	2800      	cmp	r0, #0
10002c3a:	f000 80f1 	beq.w	10002e20 <_ftoa+0x300>
10002c3e:	f10b 0b01 	add.w	fp, fp, #1
10002c42:	4658      	mov	r0, fp
10002c44:	f7ff fb64 	bl	10002310 <__wrap___aeabi_ui2d>
10002c48:	4602      	mov	r2, r0
10002c4a:	460b      	mov	r3, r1
10002c4c:	ec51 0b18 	vmov	r0, r1, d8
10002c50:	f7ff fbba 	bl	100023c8 <__wrap___aeabi_dcmple>
10002c54:	b110      	cbz	r0, 10002c5c <_ftoa+0x13c>
10002c56:	f04f 0b00 	mov.w	fp, #0
10002c5a:	3401      	adds	r4, #1
10002c5c:	f1ba 0f00 	cmp.w	sl, #0
10002c60:	f040 809a 	bne.w	10002d98 <_ftoa+0x278>
10002c64:	4620      	mov	r0, r4
10002c66:	f7ff fb41 	bl	100022ec <__wrap___aeabi_i2d>
10002c6a:	4602      	mov	r2, r0
10002c6c:	460b      	mov	r3, r1
10002c6e:	4630      	mov	r0, r6
10002c70:	4639      	mov	r1, r7
10002c72:	f7ff fab5 	bl	100021e0 <__wrap___aeabi_dsub>
10002c76:	2200      	movs	r2, #0
10002c78:	4b7f      	ldr	r3, [pc, #508]	; (10002e78 <_ftoa+0x358>)
10002c7a:	4606      	mov	r6, r0
10002c7c:	460f      	mov	r7, r1
10002c7e:	f7ff fb8f 	bl	100023a0 <__wrap___aeabi_dcmplt>
10002c82:	b940      	cbnz	r0, 10002c96 <_ftoa+0x176>
10002c84:	4630      	mov	r0, r6
10002c86:	4639      	mov	r1, r7
10002c88:	2200      	movs	r2, #0
10002c8a:	4b7b      	ldr	r3, [pc, #492]	; (10002e78 <_ftoa+0x358>)
10002c8c:	f7ff fbc4 	bl	10002418 <__wrap___aeabi_dcmpgt>
10002c90:	2800      	cmp	r0, #0
10002c92:	f000 8116 	beq.w	10002ec2 <_ftoa+0x3a2>
10002c96:	1e6a      	subs	r2, r5, #1
10002c98:	ab0c      	add	r3, sp, #48	; 0x30
10002c9a:	4978      	ldr	r1, [pc, #480]	; (10002e7c <_ftoa+0x35c>)
10002c9c:	441a      	add	r2, r3
10002c9e:	2d20      	cmp	r5, #32
10002ca0:	ea4f 73e4 	mov.w	r3, r4, asr #31
10002ca4:	f000 8093 	beq.w	10002dce <_ftoa+0x2ae>
10002ca8:	fb81 6004 	smull	r6, r0, r1, r4
10002cac:	ebc3 03a0 	rsb	r3, r3, r0, asr #2
10002cb0:	eb03 0083 	add.w	r0, r3, r3, lsl #2
10002cb4:	eba4 0440 	sub.w	r4, r4, r0, lsl #1
10002cb8:	f104 0030 	add.w	r0, r4, #48	; 0x30
10002cbc:	3501      	adds	r5, #1
10002cbe:	461c      	mov	r4, r3
10002cc0:	f802 0f01 	strb.w	r0, [r2, #1]!
10002cc4:	2b00      	cmp	r3, #0
10002cc6:	d1ea      	bne.n	10002c9e <_ftoa+0x17e>
10002cc8:	9b05      	ldr	r3, [sp, #20]
10002cca:	f003 0303 	and.w	r3, r3, #3
10002cce:	2b01      	cmp	r3, #1
10002cd0:	f000 8083 	beq.w	10002dda <_ftoa+0x2ba>
10002cd4:	2d20      	cmp	r5, #32
10002cd6:	d00a      	beq.n	10002cee <_ftoa+0x1ce>
10002cd8:	9b0b      	ldr	r3, [sp, #44]	; 0x2c
10002cda:	2b00      	cmp	r3, #0
10002cdc:	f000 80b1 	beq.w	10002e42 <_ftoa+0x322>
10002ce0:	222d      	movs	r2, #45	; 0x2d
10002ce2:	f105 0350 	add.w	r3, r5, #80	; 0x50
10002ce6:	446b      	add	r3, sp
10002ce8:	f803 2c20 	strb.w	r2, [r3, #-32]
10002cec:	3501      	adds	r5, #1
10002cee:	9b05      	ldr	r3, [sp, #20]
10002cf0:	ac0c      	add	r4, sp, #48	; 0x30
10002cf2:	9303      	str	r3, [sp, #12]
10002cf4:	9b06      	ldr	r3, [sp, #24]
10002cf6:	9400      	str	r4, [sp, #0]
10002cf8:	e9cd 5301 	strd	r5, r3, [sp, #4]
10002cfc:	e9dd 0107 	ldrd	r0, r1, [sp, #28]
10002d00:	e9dd 2309 	ldrd	r2, r3, [sp, #36]	; 0x24
10002d04:	f7ff fb9a 	bl	1000243c <_out_rev>
10002d08:	b015      	add	sp, #84	; 0x54
10002d0a:	ecbd 8b02 	vpop	{d8}
10002d0e:	e8bd 8ff0 	ldmia.w	sp!, {r4, r5, r6, r7, r8, r9, sl, fp, pc}
10002d12:	9b05      	ldr	r3, [sp, #20]
10002d14:	e9cd 6720 	strd	r6, r7, [sp, #128]	; 0x80
10002d18:	e9dd 0107 	ldrd	r0, r1, [sp, #28]
10002d1c:	9324      	str	r3, [sp, #144]	; 0x90
10002d1e:	9b06      	ldr	r3, [sp, #24]
10002d20:	9422      	str	r4, [sp, #136]	; 0x88
10002d22:	9323      	str	r3, [sp, #140]	; 0x8c
10002d24:	e9dd 2309 	ldrd	r2, r3, [sp, #36]	; 0x24
10002d28:	b015      	add	sp, #84	; 0x54
10002d2a:	ecbd 8b02 	vpop	{d8}
10002d2e:	e8bd 4ff0 	ldmia.w	sp!, {r4, r5, r6, r7, r8, r9, sl, fp, lr}
10002d32:	f7ff bcc5 	b.w	100026c0 <_etoa>
10002d36:	f005 0404 	and.w	r4, r5, #4
10002d3a:	9523      	str	r5, [sp, #140]	; 0x8c
10002d3c:	4d50      	ldr	r5, [pc, #320]	; (10002e80 <_ftoa+0x360>)
10002d3e:	2c00      	cmp	r4, #0
10002d40:	4c50      	ldr	r4, [pc, #320]	; (10002e84 <_ftoa+0x364>)
10002d42:	bf18      	it	ne
10002d44:	462c      	movne	r4, r5
10002d46:	e9dd 0107 	ldrd	r0, r1, [sp, #28]
10002d4a:	9420      	str	r4, [sp, #128]	; 0x80
10002d4c:	bf0c      	ite	eq
10002d4e:	2403      	moveq	r4, #3
10002d50:	2404      	movne	r4, #4
10002d52:	9b06      	ldr	r3, [sp, #24]
10002d54:	9322      	str	r3, [sp, #136]	; 0x88
10002d56:	e9dd 2309 	ldrd	r2, r3, [sp, #36]	; 0x24
10002d5a:	9421      	str	r4, [sp, #132]	; 0x84
10002d5c:	b015      	add	sp, #84	; 0x54
10002d5e:	ecbd 8b02 	vpop	{d8}
10002d62:	e8bd 4ff0 	ldmia.w	sp!, {r4, r5, r6, r7, r8, r9, sl, fp, lr}
10002d66:	f7ff bb69 	b.w	1000243c <_out_rev>
10002d6a:	2101      	movs	r1, #1
10002d6c:	463b      	mov	r3, r7
10002d6e:	4632      	mov	r2, r6
10002d70:	910b      	str	r1, [sp, #44]	; 0x2c
10002d72:	2000      	movs	r0, #0
10002d74:	2100      	movs	r1, #0
10002d76:	f7ff fa33 	bl	100021e0 <__wrap___aeabi_dsub>
10002d7a:	462b      	mov	r3, r5
10002d7c:	4606      	mov	r6, r0
10002d7e:	460f      	mov	r7, r1
10002d80:	e71b      	b.n	10002bba <_ftoa+0x9a>
10002d82:	9c06      	ldr	r4, [sp, #24]
10002d84:	9523      	str	r5, [sp, #140]	; 0x8c
10002d86:	9422      	str	r4, [sp, #136]	; 0x88
10002d88:	2404      	movs	r4, #4
10002d8a:	e9dd 2309 	ldrd	r2, r3, [sp, #36]	; 0x24
10002d8e:	e9dd 0107 	ldrd	r0, r1, [sp, #28]
10002d92:	4d3d      	ldr	r5, [pc, #244]	; (10002e88 <_ftoa+0x368>)
10002d94:	9520      	str	r5, [sp, #128]	; 0x80
10002d96:	e7e0      	b.n	10002d5a <_ftoa+0x23a>
10002d98:	1e68      	subs	r0, r5, #1
10002d9a:	ab0c      	add	r3, sp, #48	; 0x30
10002d9c:	4f3b      	ldr	r7, [pc, #236]	; (10002e8c <_ftoa+0x36c>)
10002d9e:	4418      	add	r0, r3
10002da0:	e00f      	b.n	10002dc2 <_ftoa+0x2a2>
10002da2:	fba7 320b 	umull	r3, r2, r7, fp
10002da6:	08d2      	lsrs	r2, r2, #3
10002da8:	eb02 0382 	add.w	r3, r2, r2, lsl #2
10002dac:	ebab 0343 	sub.w	r3, fp, r3, lsl #1
10002db0:	3330      	adds	r3, #48	; 0x30
10002db2:	f1bb 0f09 	cmp.w	fp, #9
10002db6:	f800 3f01 	strb.w	r3, [r0, #1]!
10002dba:	d969      	bls.n	10002e90 <_ftoa+0x370>
10002dbc:	46b2      	mov	sl, r6
10002dbe:	4693      	mov	fp, r2
10002dc0:	460d      	mov	r5, r1
10002dc2:	2d20      	cmp	r5, #32
10002dc4:	f10a 36ff 	add.w	r6, sl, #4294967295
10002dc8:	f105 0101 	add.w	r1, r5, #1
10002dcc:	d1e9      	bne.n	10002da2 <_ftoa+0x282>
10002dce:	9b05      	ldr	r3, [sp, #20]
10002dd0:	2520      	movs	r5, #32
10002dd2:	f003 0303 	and.w	r3, r3, #3
10002dd6:	2b01      	cmp	r3, #1
10002dd8:	d189      	bne.n	10002cee <_ftoa+0x1ce>
10002dda:	9b06      	ldr	r3, [sp, #24]
10002ddc:	2b00      	cmp	r3, #0
10002dde:	f43f af79 	beq.w	10002cd4 <_ftoa+0x1b4>
10002de2:	9b0b      	ldr	r3, [sp, #44]	; 0x2c
10002de4:	b91b      	cbnz	r3, 10002dee <_ftoa+0x2ce>
10002de6:	9b05      	ldr	r3, [sp, #20]
10002de8:	f013 0f0c 	tst.w	r3, #12
10002dec:	d002      	beq.n	10002df4 <_ftoa+0x2d4>
10002dee:	9b06      	ldr	r3, [sp, #24]
10002df0:	3b01      	subs	r3, #1
10002df2:	9306      	str	r3, [sp, #24]
10002df4:	9b06      	ldr	r3, [sp, #24]
10002df6:	42ab      	cmp	r3, r5
10002df8:	f67f af6c 	bls.w	10002cd4 <_ftoa+0x1b4>
10002dfc:	2d20      	cmp	r5, #32
10002dfe:	d00d      	beq.n	10002e1c <_ftoa+0x2fc>
10002e00:	2230      	movs	r2, #48	; 0x30
10002e02:	1e6b      	subs	r3, r5, #1
10002e04:	eb0d 0102 	add.w	r1, sp, r2
10002e08:	440b      	add	r3, r1
10002e0a:	9906      	ldr	r1, [sp, #24]
10002e0c:	3501      	adds	r5, #1
10002e0e:	428d      	cmp	r5, r1
10002e10:	f803 2f01 	strb.w	r2, [r3, #1]!
10002e14:	f43f af5e 	beq.w	10002cd4 <_ftoa+0x1b4>
10002e18:	2d20      	cmp	r5, #32
10002e1a:	d1f7      	bne.n	10002e0c <_ftoa+0x2ec>
10002e1c:	2520      	movs	r5, #32
10002e1e:	e766      	b.n	10002cee <_ftoa+0x1ce>
10002e20:	4640      	mov	r0, r8
10002e22:	4649      	mov	r1, r9
10002e24:	2200      	movs	r2, #0
10002e26:	4b14      	ldr	r3, [pc, #80]	; (10002e78 <_ftoa+0x358>)
10002e28:	f7ff faba 	bl	100023a0 <__wrap___aeabi_dcmplt>
10002e2c:	2800      	cmp	r0, #0
10002e2e:	f47f af15 	bne.w	10002c5c <_ftoa+0x13c>
10002e32:	f1bb 0f00 	cmp.w	fp, #0
10002e36:	d14b      	bne.n	10002ed0 <_ftoa+0x3b0>
10002e38:	f10b 0b01 	add.w	fp, fp, #1
10002e3c:	e70e      	b.n	10002c5c <_ftoa+0x13c>
10002e3e:	2520      	movs	r5, #32
10002e40:	e6d1      	b.n	10002be6 <_ftoa+0xc6>
10002e42:	9b05      	ldr	r3, [sp, #20]
10002e44:	075a      	lsls	r2, r3, #29
10002e46:	d441      	bmi.n	10002ecc <_ftoa+0x3ac>
10002e48:	071b      	lsls	r3, r3, #28
10002e4a:	f57f af50 	bpl.w	10002cee <_ftoa+0x1ce>
10002e4e:	2220      	movs	r2, #32
10002e50:	f105 0330 	add.w	r3, r5, #48	; 0x30
10002e54:	4413      	add	r3, r2
10002e56:	446b      	add	r3, sp
10002e58:	f803 2c20 	strb.w	r2, [r3, #-32]
10002e5c:	3501      	adds	r5, #1
10002e5e:	e746      	b.n	10002cee <_ftoa+0x1ce>
10002e60:	00000000 	.word	0x00000000
10002e64:	41cdcd65 	.word	0x41cdcd65
10002e68:	00000000 	.word	0x00000000
10002e6c:	c1cdcd65 	.word	0xc1cdcd65
10002e70:	7fefffff 	.word	0x7fefffff
10002e74:	100066e8 	.word	0x100066e8
10002e78:	3fe00000 	.word	0x3fe00000
10002e7c:	66666667 	.word	0x66666667
10002e80:	100066d4 	.word	0x100066d4
10002e84:	100066d0 	.word	0x100066d0
10002e88:	100066e0 	.word	0x100066e0
10002e8c:	cccccccd 	.word	0xcccccccd
10002e90:	2920      	cmp	r1, #32
10002e92:	d09c      	beq.n	10002dce <_ftoa+0x2ae>
10002e94:	b35e      	cbz	r6, 10002eee <_ftoa+0x3ce>
10002e96:	ab0c      	add	r3, sp, #48	; 0x30
10002e98:	195a      	adds	r2, r3, r5
10002e9a:	2030      	movs	r0, #48	; 0x30
10002e9c:	460d      	mov	r5, r1
10002e9e:	3501      	adds	r5, #1
10002ea0:	2d20      	cmp	r5, #32
10002ea2:	f802 0f01 	strb.w	r0, [r2, #1]!
10002ea6:	d092      	beq.n	10002dce <_ftoa+0x2ae>
10002ea8:	43eb      	mvns	r3, r5
10002eaa:	440b      	add	r3, r1
10002eac:	eb13 0f0a 	cmn.w	r3, sl
10002eb0:	d1f5      	bne.n	10002e9e <_ftoa+0x37e>
10002eb2:	222e      	movs	r2, #46	; 0x2e
10002eb4:	f105 0350 	add.w	r3, r5, #80	; 0x50
10002eb8:	446b      	add	r3, sp
10002eba:	f803 2c20 	strb.w	r2, [r3, #-32]
10002ebe:	3501      	adds	r5, #1
10002ec0:	e6e9      	b.n	10002c96 <_ftoa+0x176>
10002ec2:	07e1      	lsls	r1, r4, #31
10002ec4:	f57f aee7 	bpl.w	10002c96 <_ftoa+0x176>
10002ec8:	3401      	adds	r4, #1
10002eca:	e6e4      	b.n	10002c96 <_ftoa+0x176>
10002ecc:	222b      	movs	r2, #43	; 0x2b
10002ece:	e708      	b.n	10002ce2 <_ftoa+0x1c2>
10002ed0:	f01b 0f01 	tst.w	fp, #1
10002ed4:	f43f aec2 	beq.w	10002c5c <_ftoa+0x13c>
10002ed8:	e7ae      	b.n	10002e38 <_ftoa+0x318>
10002eda:	9c06      	ldr	r4, [sp, #24]
10002edc:	9523      	str	r5, [sp, #140]	; 0x8c
10002ede:	9422      	str	r4, [sp, #136]	; 0x88
10002ee0:	4d04      	ldr	r5, [pc, #16]	; (10002ef4 <_ftoa+0x3d4>)
10002ee2:	2403      	movs	r4, #3
10002ee4:	e9dd 2309 	ldrd	r2, r3, [sp, #36]	; 0x24
10002ee8:	e9dd 0107 	ldrd	r0, r1, [sp, #28]
10002eec:	e752      	b.n	10002d94 <_ftoa+0x274>
10002eee:	460d      	mov	r5, r1
10002ef0:	e7df      	b.n	10002eb2 <_ftoa+0x392>
10002ef2:	bf00      	nop
10002ef4:	100066dc 	.word	0x100066dc

10002ef8 <_vsnprintf>:
10002ef8:	e92d 4ff0 	stmdb	sp!, {r4, r5, r6, r7, r8, r9, sl, fp, lr}
10002efc:	b09b      	sub	sp, #108	; 0x6c
10002efe:	9c24      	ldr	r4, [sp, #144]	; 0x90
10002f00:	4d84      	ldr	r5, [pc, #528]	; (10003114 <_vsnprintf+0x21c>)
10002f02:	9409      	str	r4, [sp, #36]	; 0x24
10002f04:	4c84      	ldr	r4, [pc, #528]	; (10003118 <_vsnprintf+0x220>)
10002f06:	1e0f      	subs	r7, r1, #0
10002f08:	bf18      	it	ne
10002f0a:	4683      	movne	fp, r0
10002f0c:	6025      	str	r5, [r4, #0]
10002f0e:	7818      	ldrb	r0, [r3, #0]
10002f10:	4d82      	ldr	r5, [pc, #520]	; (1000311c <_vsnprintf+0x224>)
10002f12:	4690      	mov	r8, r2
10002f14:	bf08      	it	eq
10002f16:	46ab      	moveq	fp, r5
10002f18:	2800      	cmp	r0, #0
10002f1a:	f000 82c4 	beq.w	100034a6 <_vsnprintf+0x5ae>
10002f1e:	461c      	mov	r4, r3
10002f20:	f04f 0a00 	mov.w	sl, #0
10002f24:	e00a      	b.n	10002f3c <_vsnprintf+0x44>
10002f26:	4652      	mov	r2, sl
10002f28:	4643      	mov	r3, r8
10002f2a:	4639      	mov	r1, r7
10002f2c:	47d8      	blx	fp
10002f2e:	f10a 0a01 	add.w	sl, sl, #1
10002f32:	3401      	adds	r4, #1
10002f34:	7820      	ldrb	r0, [r4, #0]
10002f36:	2800      	cmp	r0, #0
10002f38:	f000 80c9 	beq.w	100030ce <_vsnprintf+0x1d6>
10002f3c:	2825      	cmp	r0, #37	; 0x25
10002f3e:	d1f2      	bne.n	10002f26 <_vsnprintf+0x2e>
10002f40:	2100      	movs	r1, #0
10002f42:	1c63      	adds	r3, r4, #1
10002f44:	461c      	mov	r4, r3
10002f46:	f813 0b01 	ldrb.w	r0, [r3], #1
10002f4a:	f1a0 0220 	sub.w	r2, r0, #32
10002f4e:	2a10      	cmp	r2, #16
10002f50:	d80a      	bhi.n	10002f68 <_vsnprintf+0x70>
10002f52:	e8df f002 	tbb	[pc, r2]
10002f56:	093c      	.short	0x093c
10002f58:	09093909 	.word	0x09093909
10002f5c:	09090909 	.word	0x09090909
10002f60:	33093609 	.word	0x33093609
10002f64:	0909      	.short	0x0909
10002f66:	30          	.byte	0x30
10002f67:	00          	.byte	0x00
10002f68:	f1a0 0330 	sub.w	r3, r0, #48	; 0x30
10002f6c:	2b09      	cmp	r3, #9
10002f6e:	f240 8090 	bls.w	10003092 <_vsnprintf+0x19a>
10002f72:	282a      	cmp	r0, #42	; 0x2a
10002f74:	f000 80b9 	beq.w	100030ea <_vsnprintf+0x1f2>
10002f78:	2500      	movs	r5, #0
10002f7a:	282e      	cmp	r0, #46	; 0x2e
10002f7c:	f000 8098 	beq.w	100030b0 <_vsnprintf+0x1b8>
10002f80:	2300      	movs	r3, #0
10002f82:	930a      	str	r3, [sp, #40]	; 0x28
10002f84:	f1a0 0368 	sub.w	r3, r0, #104	; 0x68
10002f88:	2b12      	cmp	r3, #18
10002f8a:	d827      	bhi.n	10002fdc <_vsnprintf+0xe4>
10002f8c:	e8df f013 	tbh	[pc, r3, lsl #1]
10002f90:	0026011f 	.word	0x0026011f
10002f94:	0026011a 	.word	0x0026011a
10002f98:	00260127 	.word	0x00260127
10002f9c:	00260026 	.word	0x00260026
10002fa0:	00260026 	.word	0x00260026
10002fa4:	00260026 	.word	0x00260026
10002fa8:	00260022 	.word	0x00260022
10002fac:	00260026 	.word	0x00260026
10002fb0:	00260026 	.word	0x00260026
10002fb4:	0022      	.short	0x0022
10002fb6:	f041 0101 	orr.w	r1, r1, #1
10002fba:	e7c3      	b.n	10002f44 <_vsnprintf+0x4c>
10002fbc:	f041 0102 	orr.w	r1, r1, #2
10002fc0:	e7c0      	b.n	10002f44 <_vsnprintf+0x4c>
10002fc2:	f041 0104 	orr.w	r1, r1, #4
10002fc6:	e7bd      	b.n	10002f44 <_vsnprintf+0x4c>
10002fc8:	f041 0110 	orr.w	r1, r1, #16
10002fcc:	e7ba      	b.n	10002f44 <_vsnprintf+0x4c>
10002fce:	f041 0108 	orr.w	r1, r1, #8
10002fd2:	e7b7      	b.n	10002f44 <_vsnprintf+0x4c>
10002fd4:	7860      	ldrb	r0, [r4, #1]
10002fd6:	f441 7180 	orr.w	r1, r1, #256	; 0x100
10002fda:	3401      	adds	r4, #1
10002fdc:	f1a0 0325 	sub.w	r3, r0, #37	; 0x25
10002fe0:	2b53      	cmp	r3, #83	; 0x53
10002fe2:	f200 808e 	bhi.w	10003102 <_vsnprintf+0x20a>
10002fe6:	e8df f013 	tbh	[pc, r3, lsl #1]
10002fea:	011c      	.short	0x011c
10002fec:	008c008c 	.word	0x008c008c
10002ff0:	008c008c 	.word	0x008c008c
10002ff4:	008c008c 	.word	0x008c008c
10002ff8:	008c008c 	.word	0x008c008c
10002ffc:	008c008c 	.word	0x008c008c
10003000:	008c008c 	.word	0x008c008c
10003004:	008c008c 	.word	0x008c008c
10003008:	008c008c 	.word	0x008c008c
1000300c:	008c008c 	.word	0x008c008c
10003010:	008c008c 	.word	0x008c008c
10003014:	008c008c 	.word	0x008c008c
10003018:	008c008c 	.word	0x008c008c
1000301c:	008c008c 	.word	0x008c008c
10003020:	008c008c 	.word	0x008c008c
10003024:	008c008c 	.word	0x008c008c
10003028:	01c5008c 	.word	0x01c5008c
1000302c:	01c50102 	.word	0x01c50102
10003030:	008c008c 	.word	0x008c008c
10003034:	008c008c 	.word	0x008c008c
10003038:	008c008c 	.word	0x008c008c
1000303c:	008c008c 	.word	0x008c008c
10003040:	008c008c 	.word	0x008c008c
10003044:	008c008c 	.word	0x008c008c
10003048:	008c008c 	.word	0x008c008c
1000304c:	008c008c 	.word	0x008c008c
10003050:	008c009b 	.word	0x008c009b
10003054:	008c008c 	.word	0x008c008c
10003058:	008c008c 	.word	0x008c008c
1000305c:	008c008c 	.word	0x008c008c
10003060:	008c008c 	.word	0x008c008c
10003064:	018e009b 	.word	0x018e009b
10003068:	01c5009b 	.word	0x01c5009b
1000306c:	01c50102 	.word	0x01c50102
10003070:	009b008c 	.word	0x009b008c
10003074:	008c008c 	.word	0x008c008c
10003078:	008c008c 	.word	0x008c008c
1000307c:	009b008c 	.word	0x009b008c
10003080:	008c016e 	.word	0x008c016e
10003084:	0126008c 	.word	0x0126008c
10003088:	009b008c 	.word	0x009b008c
1000308c:	008c008c 	.word	0x008c008c
10003090:	009b      	.short	0x009b
10003092:	2500      	movs	r5, #0
10003094:	eb05 0585 	add.w	r5, r5, r5, lsl #2
10003098:	eb00 0545 	add.w	r5, r0, r5, lsl #1
1000309c:	f814 0f01 	ldrb.w	r0, [r4, #1]!
100030a0:	3d30      	subs	r5, #48	; 0x30
100030a2:	f1a0 0330 	sub.w	r3, r0, #48	; 0x30
100030a6:	2b09      	cmp	r3, #9
100030a8:	d9f4      	bls.n	10003094 <_vsnprintf+0x19c>
100030aa:	282e      	cmp	r0, #46	; 0x2e
100030ac:	f47f af68 	bne.w	10002f80 <_vsnprintf+0x88>
100030b0:	7860      	ldrb	r0, [r4, #1]
100030b2:	f441 6180 	orr.w	r1, r1, #1024	; 0x400
100030b6:	f1a0 0330 	sub.w	r3, r0, #48	; 0x30
100030ba:	2b09      	cmp	r3, #9
100030bc:	f104 0201 	add.w	r2, r4, #1
100030c0:	f240 813f 	bls.w	10003342 <_vsnprintf+0x44a>
100030c4:	282a      	cmp	r0, #42	; 0x2a
100030c6:	f000 814b 	beq.w	10003360 <_vsnprintf+0x468>
100030ca:	4614      	mov	r4, r2
100030cc:	e758      	b.n	10002f80 <_vsnprintf+0x88>
100030ce:	4654      	mov	r4, sl
100030d0:	45d0      	cmp	r8, sl
100030d2:	d801      	bhi.n	100030d8 <_vsnprintf+0x1e0>
100030d4:	f108 3aff 	add.w	sl, r8, #4294967295
100030d8:	4643      	mov	r3, r8
100030da:	4652      	mov	r2, sl
100030dc:	4639      	mov	r1, r7
100030de:	2000      	movs	r0, #0
100030e0:	47d8      	blx	fp
100030e2:	4620      	mov	r0, r4
100030e4:	b01b      	add	sp, #108	; 0x6c
100030e6:	e8bd 8ff0 	ldmia.w	sp!, {r4, r5, r6, r7, r8, r9, sl, fp, pc}
100030ea:	9b09      	ldr	r3, [sp, #36]	; 0x24
100030ec:	7860      	ldrb	r0, [r4, #1]
100030ee:	f853 5b04 	ldr.w	r5, [r3], #4
100030f2:	3401      	adds	r4, #1
100030f4:	2d00      	cmp	r5, #0
100030f6:	bfbc      	itt	lt
100030f8:	f041 0102 	orrlt.w	r1, r1, #2
100030fc:	426d      	neglt	r5, r5
100030fe:	9309      	str	r3, [sp, #36]	; 0x24
10003100:	e73b      	b.n	10002f7a <_vsnprintf+0x82>
10003102:	4652      	mov	r2, sl
10003104:	4643      	mov	r3, r8
10003106:	4639      	mov	r1, r7
10003108:	3401      	adds	r4, #1
1000310a:	f10a 0a01 	add.w	sl, sl, #1
1000310e:	47d8      	blx	fp
10003110:	e710      	b.n	10002f34 <_vsnprintf+0x3c>
10003112:	bf00      	nop
10003114:	10002ef9 	.word	0x10002ef9
10003118:	200020c0 	.word	0x200020c0
1000311c:	10002439 	.word	0x10002439
10003120:	2878      	cmp	r0, #120	; 0x78
10003122:	f000 817a 	beq.w	1000341a <_vsnprintf+0x522>
10003126:	2858      	cmp	r0, #88	; 0x58
10003128:	f000 81c0 	beq.w	100034ac <_vsnprintf+0x5b4>
1000312c:	286f      	cmp	r0, #111	; 0x6f
1000312e:	f000 820e 	beq.w	1000354e <_vsnprintf+0x656>
10003132:	2862      	cmp	r0, #98	; 0x62
10003134:	f000 836a 	beq.w	1000380c <_vsnprintf+0x914>
10003138:	f021 0310 	bic.w	r3, r1, #16
1000313c:	2869      	cmp	r0, #105	; 0x69
1000313e:	f04f 090a 	mov.w	r9, #10
10003142:	930b      	str	r3, [sp, #44]	; 0x2c
10003144:	f040 8206 	bne.w	10003554 <_vsnprintf+0x65c>
10003148:	0549      	lsls	r1, r1, #21
1000314a:	f100 816d 	bmi.w	10003428 <_vsnprintf+0x530>
1000314e:	9b0b      	ldr	r3, [sp, #44]	; 0x2c
10003150:	f413 7000 	ands.w	r0, r3, #512	; 0x200
10003154:	f040 8208 	bne.w	10003568 <_vsnprintf+0x670>
10003158:	f413 7180 	ands.w	r1, r3, #256	; 0x100
1000315c:	f040 82e3 	bne.w	10003726 <_vsnprintf+0x82e>
10003160:	065e      	lsls	r6, r3, #25
10003162:	9a09      	ldr	r2, [sp, #36]	; 0x24
10003164:	f100 8249 	bmi.w	100035fa <_vsnprintf+0x702>
10003168:	f013 0f80 	tst.w	r3, #128	; 0x80
1000316c:	f852 3b04 	ldr.w	r3, [r2], #4
10003170:	f000 8397 	beq.w	100038a2 <_vsnprintf+0x9aa>
10003174:	b21b      	sxth	r3, r3
10003176:	9209      	str	r2, [sp, #36]	; 0x24
10003178:	ea83 72e3 	eor.w	r2, r3, r3, asr #31
1000317c:	eba2 72e3 	sub.w	r2, r2, r3, asr #31
10003180:	b292      	uxth	r2, r2
10003182:	0fd8      	lsrs	r0, r3, #31
10003184:	900d      	str	r0, [sp, #52]	; 0x34
10003186:	2b00      	cmp	r3, #0
10003188:	f040 8265 	bne.w	10003656 <_vsnprintf+0x75e>
1000318c:	980b      	ldr	r0, [sp, #44]	; 0x2c
1000318e:	f020 0310 	bic.w	r3, r0, #16
10003192:	0540      	lsls	r0, r0, #21
10003194:	930b      	str	r3, [sp, #44]	; 0x2c
10003196:	f140 825e 	bpl.w	10003656 <_vsnprintf+0x75e>
1000319a:	ab12      	add	r3, sp, #72	; 0x48
1000319c:	930c      	str	r3, [sp, #48]	; 0x30
1000319e:	4652      	mov	r2, sl
100031a0:	9b0b      	ldr	r3, [sp, #44]	; 0x2c
100031a2:	e9cd 5305 	strd	r5, r3, [sp, #20]
100031a6:	9b0a      	ldr	r3, [sp, #40]	; 0x28
100031a8:	e9cd 9303 	strd	r9, r3, [sp, #12]
100031ac:	9b0d      	ldr	r3, [sp, #52]	; 0x34
100031ae:	e9cd 1301 	strd	r1, r3, [sp, #4]
100031b2:	9b0c      	ldr	r3, [sp, #48]	; 0x30
100031b4:	9300      	str	r3, [sp, #0]
100031b6:	4643      	mov	r3, r8
100031b8:	4639      	mov	r1, r7
100031ba:	4658      	mov	r0, fp
100031bc:	f7ff f982 	bl	100024c4 <_ntoa_format>
100031c0:	4682      	mov	sl, r0
100031c2:	e07e      	b.n	100032c2 <_vsnprintf+0x3ca>
100031c4:	7860      	ldrb	r0, [r4, #1]
100031c6:	f441 7100 	orr.w	r1, r1, #512	; 0x200
100031ca:	3401      	adds	r4, #1
100031cc:	e706      	b.n	10002fdc <_vsnprintf+0xe4>
100031ce:	7860      	ldrb	r0, [r4, #1]
100031d0:	2868      	cmp	r0, #104	; 0x68
100031d2:	f000 8163 	beq.w	1000349c <_vsnprintf+0x5a4>
100031d6:	f041 0180 	orr.w	r1, r1, #128	; 0x80
100031da:	3401      	adds	r4, #1
100031dc:	e6fe      	b.n	10002fdc <_vsnprintf+0xe4>
100031de:	7860      	ldrb	r0, [r4, #1]
100031e0:	286c      	cmp	r0, #108	; 0x6c
100031e2:	f000 8156 	beq.w	10003492 <_vsnprintf+0x59a>
100031e6:	f441 7180 	orr.w	r1, r1, #256	; 0x100
100031ea:	3401      	adds	r4, #1
100031ec:	e6f6      	b.n	10002fdc <_vsnprintf+0xe4>
100031ee:	9b0a      	ldr	r3, [sp, #40]	; 0x28
100031f0:	2846      	cmp	r0, #70	; 0x46
100031f2:	bf08      	it	eq
100031f4:	f041 0120 	orreq.w	r1, r1, #32
100031f8:	9302      	str	r3, [sp, #8]
100031fa:	9b09      	ldr	r3, [sp, #36]	; 0x24
100031fc:	e9cd 5103 	strd	r5, r1, [sp, #12]
10003200:	3307      	adds	r3, #7
10003202:	f023 0507 	bic.w	r5, r3, #7
10003206:	ecb5 7b02 	vldmia	r5!, {d7}
1000320a:	4652      	mov	r2, sl
1000320c:	4643      	mov	r3, r8
1000320e:	4639      	mov	r1, r7
10003210:	4658      	mov	r0, fp
10003212:	ed8d 7b00 	vstr	d7, [sp]
10003216:	9509      	str	r5, [sp, #36]	; 0x24
10003218:	f7ff fc82 	bl	10002b20 <_ftoa>
1000321c:	3401      	adds	r4, #1
1000321e:	4682      	mov	sl, r0
10003220:	e688      	b.n	10002f34 <_vsnprintf+0x3c>
10003222:	f10a 0001 	add.w	r0, sl, #1
10003226:	4652      	mov	r2, sl
10003228:	4643      	mov	r3, r8
1000322a:	4682      	mov	sl, r0
1000322c:	4639      	mov	r1, r7
1000322e:	2025      	movs	r0, #37	; 0x25
10003230:	3401      	adds	r4, #1
10003232:	47d8      	blx	fp
10003234:	e67e      	b.n	10002f34 <_vsnprintf+0x3c>
10003236:	9b09      	ldr	r3, [sp, #36]	; 0x24
10003238:	f853 6b04 	ldr.w	r6, [r3], #4
1000323c:	930d      	str	r3, [sp, #52]	; 0x34
1000323e:	9b0a      	ldr	r3, [sp, #40]	; 0x28
10003240:	7830      	ldrb	r0, [r6, #0]
10003242:	2b00      	cmp	r3, #0
10003244:	f000 80d8 	beq.w	100033f8 <_vsnprintf+0x500>
10003248:	2800      	cmp	r0, #0
1000324a:	f000 8332 	beq.w	100038b2 <_vsnprintf+0x9ba>
1000324e:	1e5a      	subs	r2, r3, #1
10003250:	3201      	adds	r2, #1
10003252:	46b1      	mov	r9, r6
10003254:	4432      	add	r2, r6
10003256:	e001      	b.n	1000325c <_vsnprintf+0x364>
10003258:	4591      	cmp	r9, r2
1000325a:	d003      	beq.n	10003264 <_vsnprintf+0x36c>
1000325c:	f819 3f01 	ldrb.w	r3, [r9, #1]!
10003260:	2b00      	cmp	r3, #0
10003262:	d1f9      	bne.n	10003258 <_vsnprintf+0x360>
10003264:	eba9 0306 	sub.w	r3, r9, r6
10003268:	9309      	str	r3, [sp, #36]	; 0x24
1000326a:	f411 6380 	ands.w	r3, r1, #1024	; 0x400
1000326e:	930b      	str	r3, [sp, #44]	; 0x2c
10003270:	d005      	beq.n	1000327e <_vsnprintf+0x386>
10003272:	e9dd 3209 	ldrd	r3, r2, [sp, #36]	; 0x24
10003276:	4293      	cmp	r3, r2
10003278:	bf28      	it	cs
1000327a:	4613      	movcs	r3, r2
1000327c:	9309      	str	r3, [sp, #36]	; 0x24
1000327e:	f011 0302 	ands.w	r3, r1, #2
10003282:	930c      	str	r3, [sp, #48]	; 0x30
10003284:	f000 8149 	beq.w	1000351a <_vsnprintf+0x622>
10003288:	2800      	cmp	r0, #0
1000328a:	f000 8134 	beq.w	100034f6 <_vsnprintf+0x5fe>
1000328e:	9b0b      	ldr	r3, [sp, #44]	; 0x2c
10003290:	2b00      	cmp	r3, #0
10003292:	f000 80b7 	beq.w	10003404 <_vsnprintf+0x50c>
10003296:	9b0a      	ldr	r3, [sp, #40]	; 0x28
10003298:	4652      	mov	r2, sl
1000329a:	4453      	add	r3, sl
1000329c:	4699      	mov	r9, r3
1000329e:	e008      	b.n	100032b2 <_vsnprintf+0x3ba>
100032a0:	4643      	mov	r3, r8
100032a2:	4639      	mov	r1, r7
100032a4:	47d8      	blx	fp
100032a6:	f816 0f01 	ldrb.w	r0, [r6, #1]!
100032aa:	f10a 0a01 	add.w	sl, sl, #1
100032ae:	b110      	cbz	r0, 100032b6 <_vsnprintf+0x3be>
100032b0:	4652      	mov	r2, sl
100032b2:	45d1      	cmp	r9, sl
100032b4:	d1f4      	bne.n	100032a0 <_vsnprintf+0x3a8>
100032b6:	9b0c      	ldr	r3, [sp, #48]	; 0x30
100032b8:	2b00      	cmp	r3, #0
100032ba:	f040 811c 	bne.w	100034f6 <_vsnprintf+0x5fe>
100032be:	9b0d      	ldr	r3, [sp, #52]	; 0x34
100032c0:	9309      	str	r3, [sp, #36]	; 0x24
100032c2:	3401      	adds	r4, #1
100032c4:	e636      	b.n	10002f34 <_vsnprintf+0x3c>
100032c6:	9809      	ldr	r0, [sp, #36]	; 0x24
100032c8:	f850 3b04 	ldr.w	r3, [r0], #4
100032cc:	2b00      	cmp	r3, #0
100032ce:	d074      	beq.n	100033ba <_vsnprintf+0x4c2>
100032d0:	f041 0521 	orr.w	r5, r1, #33	; 0x21
100032d4:	aa12      	add	r2, sp, #72	; 0x48
100032d6:	4616      	mov	r6, r2
100032d8:	2100      	movs	r1, #0
100032da:	920c      	str	r2, [sp, #48]	; 0x30
100032dc:	e002      	b.n	100032e4 <_vsnprintf+0x3ec>
100032de:	2920      	cmp	r1, #32
100032e0:	d074      	beq.n	100033cc <_vsnprintf+0x4d4>
100032e2:	4613      	mov	r3, r2
100032e4:	f003 0c0f 	and.w	ip, r3, #15
100032e8:	4662      	mov	r2, ip
100032ea:	f1bc 0f09 	cmp.w	ip, #9
100032ee:	bf94      	ite	ls
100032f0:	3230      	addls	r2, #48	; 0x30
100032f2:	3237      	addhi	r2, #55	; 0x37
100032f4:	2b0f      	cmp	r3, #15
100032f6:	f806 2b01 	strb.w	r2, [r6], #1
100032fa:	f101 0101 	add.w	r1, r1, #1
100032fe:	ea4f 1213 	mov.w	r2, r3, lsr #4
10003302:	d8ec      	bhi.n	100032de <_vsnprintf+0x3e6>
10003304:	e062      	b.n	100033cc <_vsnprintf+0x4d4>
10003306:	078b      	lsls	r3, r1, #30
10003308:	f140 80da 	bpl.w	100034c0 <_vsnprintf+0x5c8>
1000330c:	f8dd 9024 	ldr.w	r9, [sp, #36]	; 0x24
10003310:	4652      	mov	r2, sl
10003312:	f859 0b04 	ldr.w	r0, [r9], #4
10003316:	4643      	mov	r3, r8
10003318:	4639      	mov	r1, r7
1000331a:	b2c0      	uxtb	r0, r0
1000331c:	47d8      	blx	fp
1000331e:	2d01      	cmp	r5, #1
10003320:	f10a 0601 	add.w	r6, sl, #1
10003324:	bf88      	it	hi
10003326:	44aa      	addhi	sl, r5
10003328:	f240 8191 	bls.w	1000364e <_vsnprintf+0x756>
1000332c:	4632      	mov	r2, r6
1000332e:	4643      	mov	r3, r8
10003330:	4639      	mov	r1, r7
10003332:	2020      	movs	r0, #32
10003334:	3601      	adds	r6, #1
10003336:	47d8      	blx	fp
10003338:	4556      	cmp	r6, sl
1000333a:	d1f7      	bne.n	1000332c <_vsnprintf+0x434>
1000333c:	f8cd 9024 	str.w	r9, [sp, #36]	; 0x24
10003340:	e7bf      	b.n	100032c2 <_vsnprintf+0x3ca>
10003342:	2300      	movs	r3, #0
10003344:	eb03 0383 	add.w	r3, r3, r3, lsl #2
10003348:	eb00 0343 	add.w	r3, r0, r3, lsl #1
1000334c:	f812 0f01 	ldrb.w	r0, [r2, #1]!
10003350:	3b30      	subs	r3, #48	; 0x30
10003352:	f1a0 0430 	sub.w	r4, r0, #48	; 0x30
10003356:	2c09      	cmp	r4, #9
10003358:	d9f4      	bls.n	10003344 <_vsnprintf+0x44c>
1000335a:	4614      	mov	r4, r2
1000335c:	930a      	str	r3, [sp, #40]	; 0x28
1000335e:	e611      	b.n	10002f84 <_vsnprintf+0x8c>
10003360:	9b09      	ldr	r3, [sp, #36]	; 0x24
10003362:	78a0      	ldrb	r0, [r4, #2]
10003364:	f853 2b04 	ldr.w	r2, [r3], #4
10003368:	3402      	adds	r4, #2
1000336a:	9309      	str	r3, [sp, #36]	; 0x24
1000336c:	ea22 73e2 	bic.w	r3, r2, r2, asr #31
10003370:	930a      	str	r3, [sp, #40]	; 0x28
10003372:	e607      	b.n	10002f84 <_vsnprintf+0x8c>
10003374:	f000 03df 	and.w	r3, r0, #223	; 0xdf
10003378:	2b47      	cmp	r3, #71	; 0x47
1000337a:	bf08      	it	eq
1000337c:	f000 00fd 	andeq.w	r0, r0, #253	; 0xfd
10003380:	9b0a      	ldr	r3, [sp, #40]	; 0x28
10003382:	bf08      	it	eq
10003384:	f441 6100 	orreq.w	r1, r1, #2048	; 0x800
10003388:	2845      	cmp	r0, #69	; 0x45
1000338a:	bf08      	it	eq
1000338c:	f041 0120 	orreq.w	r1, r1, #32
10003390:	9302      	str	r3, [sp, #8]
10003392:	9b09      	ldr	r3, [sp, #36]	; 0x24
10003394:	e9cd 5103 	strd	r5, r1, [sp, #12]
10003398:	3307      	adds	r3, #7
1000339a:	f023 0507 	bic.w	r5, r3, #7
1000339e:	ecb5 7b02 	vldmia	r5!, {d7}
100033a2:	4652      	mov	r2, sl
100033a4:	4643      	mov	r3, r8
100033a6:	4639      	mov	r1, r7
100033a8:	4658      	mov	r0, fp
100033aa:	ed8d 7b00 	vstr	d7, [sp]
100033ae:	9509      	str	r5, [sp, #36]	; 0x24
100033b0:	f7ff f986 	bl	100026c0 <_etoa>
100033b4:	3401      	adds	r4, #1
100033b6:	4682      	mov	sl, r0
100033b8:	e5bc      	b.n	10002f34 <_vsnprintf+0x3c>
100033ba:	f021 0510 	bic.w	r5, r1, #16
100033be:	054e      	lsls	r6, r1, #21
100033c0:	f045 0521 	orr.w	r5, r5, #33	; 0x21
100033c4:	d586      	bpl.n	100032d4 <_vsnprintf+0x3dc>
100033c6:	4619      	mov	r1, r3
100033c8:	ab12      	add	r3, sp, #72	; 0x48
100033ca:	930c      	str	r3, [sp, #48]	; 0x30
100033cc:	9b0a      	ldr	r3, [sp, #40]	; 0x28
100033ce:	4652      	mov	r2, sl
100033d0:	9304      	str	r3, [sp, #16]
100033d2:	9b0c      	ldr	r3, [sp, #48]	; 0x30
100033d4:	9101      	str	r1, [sp, #4]
100033d6:	9300      	str	r3, [sp, #0]
100033d8:	2308      	movs	r3, #8
100033da:	9305      	str	r3, [sp, #20]
100033dc:	2310      	movs	r3, #16
100033de:	9303      	str	r3, [sp, #12]
100033e0:	2300      	movs	r3, #0
100033e2:	9009      	str	r0, [sp, #36]	; 0x24
100033e4:	9302      	str	r3, [sp, #8]
100033e6:	4639      	mov	r1, r7
100033e8:	4643      	mov	r3, r8
100033ea:	4658      	mov	r0, fp
100033ec:	9506      	str	r5, [sp, #24]
100033ee:	f7ff f869 	bl	100024c4 <_ntoa_format>
100033f2:	3401      	adds	r4, #1
100033f4:	4682      	mov	sl, r0
100033f6:	e59d      	b.n	10002f34 <_vsnprintf+0x3c>
100033f8:	f06f 0201 	mvn.w	r2, #1
100033fc:	2800      	cmp	r0, #0
100033fe:	f47f af27 	bne.w	10003250 <_vsnprintf+0x358>
10003402:	e731      	b.n	10003268 <_vsnprintf+0x370>
10003404:	4652      	mov	r2, sl
10003406:	4643      	mov	r3, r8
10003408:	4639      	mov	r1, r7
1000340a:	47d8      	blx	fp
1000340c:	f816 0f01 	ldrb.w	r0, [r6, #1]!
10003410:	f10a 0a01 	add.w	sl, sl, #1
10003414:	2800      	cmp	r0, #0
10003416:	d1f5      	bne.n	10003404 <_vsnprintf+0x50c>
10003418:	e74d      	b.n	100032b6 <_vsnprintf+0x3be>
1000341a:	f04f 0910 	mov.w	r9, #16
1000341e:	f021 030c 	bic.w	r3, r1, #12
10003422:	0549      	lsls	r1, r1, #21
10003424:	930b      	str	r3, [sp, #44]	; 0x2c
10003426:	d503      	bpl.n	10003430 <_vsnprintf+0x538>
10003428:	9b0b      	ldr	r3, [sp, #44]	; 0x2c
1000342a:	f023 0301 	bic.w	r3, r3, #1
1000342e:	930b      	str	r3, [sp, #44]	; 0x2c
10003430:	2869      	cmp	r0, #105	; 0x69
10003432:	f43f ae8c 	beq.w	1000314e <_vsnprintf+0x256>
10003436:	2864      	cmp	r0, #100	; 0x64
10003438:	f43f ae89 	beq.w	1000314e <_vsnprintf+0x256>
1000343c:	9b0b      	ldr	r3, [sp, #44]	; 0x2c
1000343e:	f413 7000 	ands.w	r0, r3, #512	; 0x200
10003442:	f040 8152 	bne.w	100036ea <_vsnprintf+0x7f2>
10003446:	f413 7180 	ands.w	r1, r3, #256	; 0x100
1000344a:	f040 81c6 	bne.w	100037da <_vsnprintf+0x8e2>
1000344e:	065e      	lsls	r6, r3, #25
10003450:	f140 80f0 	bpl.w	10003634 <_vsnprintf+0x73c>
10003454:	9b09      	ldr	r3, [sp, #36]	; 0x24
10003456:	f853 2b04 	ldr.w	r2, [r3], #4
1000345a:	9309      	str	r3, [sp, #36]	; 0x24
1000345c:	b2d2      	uxtb	r2, r2
1000345e:	2a00      	cmp	r2, #0
10003460:	f040 811e 	bne.w	100036a0 <_vsnprintf+0x7a8>
10003464:	980b      	ldr	r0, [sp, #44]	; 0x2c
10003466:	f020 0310 	bic.w	r3, r0, #16
1000346a:	0540      	lsls	r0, r0, #21
1000346c:	930b      	str	r3, [sp, #44]	; 0x2c
1000346e:	f140 8117 	bpl.w	100036a0 <_vsnprintf+0x7a8>
10003472:	4611      	mov	r1, r2
10003474:	ab12      	add	r3, sp, #72	; 0x48
10003476:	930c      	str	r3, [sp, #48]	; 0x30
10003478:	9b0b      	ldr	r3, [sp, #44]	; 0x2c
1000347a:	9101      	str	r1, [sp, #4]
1000347c:	e9cd 5305 	strd	r5, r3, [sp, #20]
10003480:	9b0a      	ldr	r3, [sp, #40]	; 0x28
10003482:	e9cd 9303 	strd	r9, r3, [sp, #12]
10003486:	4652      	mov	r2, sl
10003488:	9b0c      	ldr	r3, [sp, #48]	; 0x30
1000348a:	9300      	str	r3, [sp, #0]
1000348c:	2300      	movs	r3, #0
1000348e:	9302      	str	r3, [sp, #8]
10003490:	e691      	b.n	100031b6 <_vsnprintf+0x2be>
10003492:	78a0      	ldrb	r0, [r4, #2]
10003494:	f441 7140 	orr.w	r1, r1, #768	; 0x300
10003498:	3402      	adds	r4, #2
1000349a:	e59f      	b.n	10002fdc <_vsnprintf+0xe4>
1000349c:	78a0      	ldrb	r0, [r4, #2]
1000349e:	f041 01c0 	orr.w	r1, r1, #192	; 0xc0
100034a2:	3402      	adds	r4, #2
100034a4:	e59a      	b.n	10002fdc <_vsnprintf+0xe4>
100034a6:	4604      	mov	r4, r0
100034a8:	4682      	mov	sl, r0
100034aa:	e611      	b.n	100030d0 <_vsnprintf+0x1d8>
100034ac:	f021 030c 	bic.w	r3, r1, #12
100034b0:	f043 0320 	orr.w	r3, r3, #32
100034b4:	930b      	str	r3, [sp, #44]	; 0x2c
100034b6:	054b      	lsls	r3, r1, #21
100034b8:	f04f 0910 	mov.w	r9, #16
100034bc:	d4b4      	bmi.n	10003428 <_vsnprintf+0x530>
100034be:	e7bd      	b.n	1000343c <_vsnprintf+0x544>
100034c0:	2d01      	cmp	r5, #1
100034c2:	f240 81f4 	bls.w	100038ae <_vsnprintf+0x9b6>
100034c6:	f10a 33ff 	add.w	r3, sl, #4294967295
100034ca:	441d      	add	r5, r3
100034cc:	4652      	mov	r2, sl
100034ce:	4643      	mov	r3, r8
100034d0:	4639      	mov	r1, r7
100034d2:	2020      	movs	r0, #32
100034d4:	f10a 0a01 	add.w	sl, sl, #1
100034d8:	47d8      	blx	fp
100034da:	45aa      	cmp	sl, r5
100034dc:	d1f6      	bne.n	100034cc <_vsnprintf+0x5d4>
100034de:	9e09      	ldr	r6, [sp, #36]	; 0x24
100034e0:	4643      	mov	r3, r8
100034e2:	f856 0b04 	ldr.w	r0, [r6], #4
100034e6:	462a      	mov	r2, r5
100034e8:	4639      	mov	r1, r7
100034ea:	b2c0      	uxtb	r0, r0
100034ec:	47d8      	blx	fp
100034ee:	f105 0a01 	add.w	sl, r5, #1
100034f2:	9609      	str	r6, [sp, #36]	; 0x24
100034f4:	e6e5      	b.n	100032c2 <_vsnprintf+0x3ca>
100034f6:	9b09      	ldr	r3, [sp, #36]	; 0x24
100034f8:	4656      	mov	r6, sl
100034fa:	429d      	cmp	r5, r3
100034fc:	f67f aedf 	bls.w	100032be <_vsnprintf+0x3c6>
10003500:	eb05 000a 	add.w	r0, r5, sl
10003504:	eba0 0a03 	sub.w	sl, r0, r3
10003508:	4632      	mov	r2, r6
1000350a:	4643      	mov	r3, r8
1000350c:	4639      	mov	r1, r7
1000350e:	2020      	movs	r0, #32
10003510:	3601      	adds	r6, #1
10003512:	47d8      	blx	fp
10003514:	4556      	cmp	r6, sl
10003516:	d1f7      	bne.n	10003508 <_vsnprintf+0x610>
10003518:	e6d1      	b.n	100032be <_vsnprintf+0x3c6>
1000351a:	9a09      	ldr	r2, [sp, #36]	; 0x24
1000351c:	4295      	cmp	r5, r2
1000351e:	f102 0301 	add.w	r3, r2, #1
10003522:	f240 81c8 	bls.w	100038b6 <_vsnprintf+0x9be>
10003526:	eb05 090a 	add.w	r9, r5, sl
1000352a:	eba9 0902 	sub.w	r9, r9, r2
1000352e:	4652      	mov	r2, sl
10003530:	4643      	mov	r3, r8
10003532:	4639      	mov	r1, r7
10003534:	2020      	movs	r0, #32
10003536:	f10a 0a01 	add.w	sl, sl, #1
1000353a:	47d8      	blx	fp
1000353c:	45ca      	cmp	sl, r9
1000353e:	d1f6      	bne.n	1000352e <_vsnprintf+0x636>
10003540:	7830      	ldrb	r0, [r6, #0]
10003542:	1c6b      	adds	r3, r5, #1
10003544:	9309      	str	r3, [sp, #36]	; 0x24
10003546:	2800      	cmp	r0, #0
10003548:	f47f aea1 	bne.w	1000328e <_vsnprintf+0x396>
1000354c:	e6b7      	b.n	100032be <_vsnprintf+0x3c6>
1000354e:	f04f 0908 	mov.w	r9, #8
10003552:	910b      	str	r1, [sp, #44]	; 0x2c
10003554:	2864      	cmp	r0, #100	; 0x64
10003556:	bf18      	it	ne
10003558:	990b      	ldrne	r1, [sp, #44]	; 0x2c
1000355a:	f47f af60 	bne.w	1000341e <_vsnprintf+0x526>
1000355e:	9b0b      	ldr	r3, [sp, #44]	; 0x2c
10003560:	055a      	lsls	r2, r3, #21
10003562:	f53f af61 	bmi.w	10003428 <_vsnprintf+0x530>
10003566:	e5f2      	b.n	1000314e <_vsnprintf+0x256>
10003568:	9b09      	ldr	r3, [sp, #36]	; 0x24
1000356a:	3307      	adds	r3, #7
1000356c:	f023 0307 	bic.w	r3, r3, #7
10003570:	461a      	mov	r2, r3
10003572:	4610      	mov	r0, r2
10003574:	685b      	ldr	r3, [r3, #4]
10003576:	f850 2b08 	ldr.w	r2, [r0], #8
1000357a:	2b00      	cmp	r3, #0
1000357c:	4619      	mov	r1, r3
1000357e:	4616      	mov	r6, r2
10003580:	9009      	str	r0, [sp, #36]	; 0x24
10003582:	db60      	blt.n	10003646 <_vsnprintf+0x74e>
10003584:	4608      	mov	r0, r1
10003586:	0fd9      	lsrs	r1, r3, #31
10003588:	4313      	orrs	r3, r2
1000358a:	910d      	str	r1, [sp, #52]	; 0x34
1000358c:	d03b      	beq.n	10003606 <_vsnprintf+0x70e>
1000358e:	9b0b      	ldr	r3, [sp, #44]	; 0x2c
10003590:	2100      	movs	r1, #0
10003592:	f013 0f20 	tst.w	r3, #32
10003596:	bf14      	ite	ne
10003598:	2341      	movne	r3, #65	; 0x41
1000359a:	2361      	moveq	r3, #97	; 0x61
1000359c:	aa12      	add	r2, sp, #72	; 0x48
1000359e:	3b0a      	subs	r3, #10
100035a0:	e9cd a50e 	strd	sl, r5, [sp, #56]	; 0x38
100035a4:	9410      	str	r4, [sp, #64]	; 0x40
100035a6:	f8cd b044 	str.w	fp, [sp, #68]	; 0x44
100035aa:	460d      	mov	r5, r1
100035ac:	4614      	mov	r4, r2
100035ae:	4682      	mov	sl, r0
100035b0:	469b      	mov	fp, r3
100035b2:	920c      	str	r2, [sp, #48]	; 0x30
100035b4:	e003      	b.n	100035be <_vsnprintf+0x6c6>
100035b6:	2d20      	cmp	r5, #32
100035b8:	d017      	beq.n	100035ea <_vsnprintf+0x6f2>
100035ba:	4606      	mov	r6, r0
100035bc:	468a      	mov	sl, r1
100035be:	4630      	mov	r0, r6
100035c0:	464a      	mov	r2, r9
100035c2:	4651      	mov	r1, sl
100035c4:	2300      	movs	r3, #0
100035c6:	f002 ff13 	bl	100063f0 <____aeabi_uldivmod_veneer>
100035ca:	b2d2      	uxtb	r2, r2
100035cc:	2a09      	cmp	r2, #9
100035ce:	f102 0330 	add.w	r3, r2, #48	; 0x30
100035d2:	bf88      	it	hi
100035d4:	eb02 030b 	addhi.w	r3, r2, fp
100035d8:	b2db      	uxtb	r3, r3
100035da:	454e      	cmp	r6, r9
100035dc:	f804 3b01 	strb.w	r3, [r4], #1
100035e0:	f17a 0300 	sbcs.w	r3, sl, #0
100035e4:	f105 0501 	add.w	r5, r5, #1
100035e8:	d2e5      	bcs.n	100035b6 <_vsnprintf+0x6be>
100035ea:	462a      	mov	r2, r5
100035ec:	f8dd a038 	ldr.w	sl, [sp, #56]	; 0x38
100035f0:	9c10      	ldr	r4, [sp, #64]	; 0x40
100035f2:	9d0f      	ldr	r5, [sp, #60]	; 0x3c
100035f4:	f8dd b044 	ldr.w	fp, [sp, #68]	; 0x44
100035f8:	e00f      	b.n	1000361a <_vsnprintf+0x722>
100035fa:	f852 3b04 	ldr.w	r3, [r2], #4
100035fe:	b2db      	uxtb	r3, r3
10003600:	9209      	str	r2, [sp, #36]	; 0x24
10003602:	461a      	mov	r2, r3
10003604:	e5bd      	b.n	10003182 <_vsnprintf+0x28a>
10003606:	9a0b      	ldr	r2, [sp, #44]	; 0x2c
10003608:	f022 0310 	bic.w	r3, r2, #16
1000360c:	0552      	lsls	r2, r2, #21
1000360e:	930b      	str	r3, [sp, #44]	; 0x2c
10003610:	d5bd      	bpl.n	1000358e <_vsnprintf+0x696>
10003612:	2300      	movs	r3, #0
10003614:	461a      	mov	r2, r3
10003616:	ab12      	add	r3, sp, #72	; 0x48
10003618:	930c      	str	r3, [sp, #48]	; 0x30
1000361a:	9b0b      	ldr	r3, [sp, #44]	; 0x2c
1000361c:	9201      	str	r2, [sp, #4]
1000361e:	e9cd 5305 	strd	r5, r3, [sp, #20]
10003622:	9b0a      	ldr	r3, [sp, #40]	; 0x28
10003624:	4652      	mov	r2, sl
10003626:	e9cd 9303 	strd	r9, r3, [sp, #12]
1000362a:	9b0d      	ldr	r3, [sp, #52]	; 0x34
1000362c:	9302      	str	r3, [sp, #8]
1000362e:	9b0c      	ldr	r3, [sp, #48]	; 0x30
10003630:	9300      	str	r3, [sp, #0]
10003632:	e5c0      	b.n	100031b6 <_vsnprintf+0x2be>
10003634:	f013 0f80 	tst.w	r3, #128	; 0x80
10003638:	9b09      	ldr	r3, [sp, #36]	; 0x24
1000363a:	f853 2b04 	ldr.w	r2, [r3], #4
1000363e:	9309      	str	r3, [sp, #36]	; 0x24
10003640:	bf18      	it	ne
10003642:	b292      	uxthne	r2, r2
10003644:	e70b      	b.n	1000345e <_vsnprintf+0x566>
10003646:	4256      	negs	r6, r2
10003648:	eb63 0143 	sbc.w	r1, r3, r3, lsl #1
1000364c:	e79a      	b.n	10003584 <_vsnprintf+0x68c>
1000364e:	46b2      	mov	sl, r6
10003650:	f8cd 9024 	str.w	r9, [sp, #36]	; 0x24
10003654:	e635      	b.n	100032c2 <_vsnprintf+0x3ca>
10003656:	9b0b      	ldr	r3, [sp, #44]	; 0x2c
10003658:	f013 0f20 	tst.w	r3, #32
1000365c:	bf14      	ite	ne
1000365e:	f04f 0e41 	movne.w	lr, #65	; 0x41
10003662:	f04f 0e61 	moveq.w	lr, #97	; 0x61
10003666:	ab12      	add	r3, sp, #72	; 0x48
10003668:	469c      	mov	ip, r3
1000366a:	930c      	str	r3, [sp, #48]	; 0x30
1000366c:	f1ae 0e0a 	sub.w	lr, lr, #10
10003670:	e003      	b.n	1000367a <_vsnprintf+0x782>
10003672:	2920      	cmp	r1, #32
10003674:	f43f ad93 	beq.w	1000319e <_vsnprintf+0x2a6>
10003678:	4632      	mov	r2, r6
1000367a:	fbb2 f6f9 	udiv	r6, r2, r9
1000367e:	fb09 2016 	mls	r0, r9, r6, r2
10003682:	b2c3      	uxtb	r3, r0
10003684:	2809      	cmp	r0, #9
10003686:	f103 0030 	add.w	r0, r3, #48	; 0x30
1000368a:	bf8a      	itet	hi
1000368c:	4473      	addhi	r3, lr
1000368e:	b2c3      	uxtbls	r3, r0
10003690:	b2db      	uxtbhi	r3, r3
10003692:	454a      	cmp	r2, r9
10003694:	f80c 3b01 	strb.w	r3, [ip], #1
10003698:	f101 0101 	add.w	r1, r1, #1
1000369c:	d2e9      	bcs.n	10003672 <_vsnprintf+0x77a>
1000369e:	e57e      	b.n	1000319e <_vsnprintf+0x2a6>
100036a0:	9b0b      	ldr	r3, [sp, #44]	; 0x2c
100036a2:	f013 0f20 	tst.w	r3, #32
100036a6:	bf14      	ite	ne
100036a8:	f04f 0e41 	movne.w	lr, #65	; 0x41
100036ac:	f04f 0e61 	moveq.w	lr, #97	; 0x61
100036b0:	ab12      	add	r3, sp, #72	; 0x48
100036b2:	469c      	mov	ip, r3
100036b4:	930c      	str	r3, [sp, #48]	; 0x30
100036b6:	f1ae 0e0a 	sub.w	lr, lr, #10
100036ba:	e003      	b.n	100036c4 <_vsnprintf+0x7cc>
100036bc:	2920      	cmp	r1, #32
100036be:	f43f aedb 	beq.w	10003478 <_vsnprintf+0x580>
100036c2:	4632      	mov	r2, r6
100036c4:	fbb2 f6f9 	udiv	r6, r2, r9
100036c8:	fb09 2016 	mls	r0, r9, r6, r2
100036cc:	b2c3      	uxtb	r3, r0
100036ce:	2809      	cmp	r0, #9
100036d0:	f103 0030 	add.w	r0, r3, #48	; 0x30
100036d4:	bf8a      	itet	hi
100036d6:	4473      	addhi	r3, lr
100036d8:	b2c3      	uxtbls	r3, r0
100036da:	b2db      	uxtbhi	r3, r3
100036dc:	454a      	cmp	r2, r9
100036de:	f80c 3b01 	strb.w	r3, [ip], #1
100036e2:	f101 0101 	add.w	r1, r1, #1
100036e6:	d2e9      	bcs.n	100036bc <_vsnprintf+0x7c4>
100036e8:	e6c6      	b.n	10003478 <_vsnprintf+0x580>
100036ea:	9b09      	ldr	r3, [sp, #36]	; 0x24
100036ec:	3307      	adds	r3, #7
100036ee:	f023 0307 	bic.w	r3, r3, #7
100036f2:	685a      	ldr	r2, [r3, #4]
100036f4:	f853 6b08 	ldr.w	r6, [r3], #8
100036f8:	4610      	mov	r0, r2
100036fa:	9309      	str	r3, [sp, #36]	; 0x24
100036fc:	ea56 0302 	orrs.w	r3, r6, r2
10003700:	d135      	bne.n	1000376e <_vsnprintf+0x876>
10003702:	9a0b      	ldr	r2, [sp, #44]	; 0x2c
10003704:	f022 0310 	bic.w	r3, r2, #16
10003708:	0552      	lsls	r2, r2, #21
1000370a:	930b      	str	r3, [sp, #44]	; 0x2c
1000370c:	d52f      	bpl.n	1000376e <_vsnprintf+0x876>
1000370e:	2300      	movs	r3, #0
10003710:	461a      	mov	r2, r3
10003712:	ab12      	add	r3, sp, #72	; 0x48
10003714:	930c      	str	r3, [sp, #48]	; 0x30
10003716:	9b0b      	ldr	r3, [sp, #44]	; 0x2c
10003718:	9201      	str	r2, [sp, #4]
1000371a:	e9cd 5305 	strd	r5, r3, [sp, #20]
1000371e:	9b0a      	ldr	r3, [sp, #40]	; 0x28
10003720:	e9cd 9303 	strd	r9, r3, [sp, #12]
10003724:	e6af      	b.n	10003486 <_vsnprintf+0x58e>
10003726:	9b09      	ldr	r3, [sp, #36]	; 0x24
10003728:	461a      	mov	r2, r3
1000372a:	f852 3b04 	ldr.w	r3, [r2], #4
1000372e:	920d      	str	r2, [sp, #52]	; 0x34
10003730:	0fd9      	lsrs	r1, r3, #31
10003732:	ea83 72e3 	eor.w	r2, r3, r3, asr #31
10003736:	eba2 72e3 	sub.w	r2, r2, r3, asr #31
1000373a:	9109      	str	r1, [sp, #36]	; 0x24
1000373c:	2b00      	cmp	r3, #0
1000373e:	d168      	bne.n	10003812 <_vsnprintf+0x91a>
10003740:	990b      	ldr	r1, [sp, #44]	; 0x2c
10003742:	f021 0310 	bic.w	r3, r1, #16
10003746:	930b      	str	r3, [sp, #44]	; 0x2c
10003748:	054b      	lsls	r3, r1, #21
1000374a:	d562      	bpl.n	10003812 <_vsnprintf+0x91a>
1000374c:	ab12      	add	r3, sp, #72	; 0x48
1000374e:	930c      	str	r3, [sp, #48]	; 0x30
10003750:	9b0b      	ldr	r3, [sp, #44]	; 0x2c
10003752:	4652      	mov	r2, sl
10003754:	e9cd 5305 	strd	r5, r3, [sp, #20]
10003758:	9b0a      	ldr	r3, [sp, #40]	; 0x28
1000375a:	e9cd 9303 	strd	r9, r3, [sp, #12]
1000375e:	9b09      	ldr	r3, [sp, #36]	; 0x24
10003760:	e9cd 0301 	strd	r0, r3, [sp, #4]
10003764:	9b0c      	ldr	r3, [sp, #48]	; 0x30
10003766:	9300      	str	r3, [sp, #0]
10003768:	9b0d      	ldr	r3, [sp, #52]	; 0x34
1000376a:	9309      	str	r3, [sp, #36]	; 0x24
1000376c:	e523      	b.n	100031b6 <_vsnprintf+0x2be>
1000376e:	9b0b      	ldr	r3, [sp, #44]	; 0x2c
10003770:	2100      	movs	r1, #0
10003772:	f013 0f20 	tst.w	r3, #32
10003776:	bf14      	ite	ne
10003778:	2341      	movne	r3, #65	; 0x41
1000377a:	2361      	moveq	r3, #97	; 0x61
1000377c:	aa12      	add	r2, sp, #72	; 0x48
1000377e:	3b0a      	subs	r3, #10
10003780:	e9cd a50d 	strd	sl, r5, [sp, #52]	; 0x34
10003784:	940f      	str	r4, [sp, #60]	; 0x3c
10003786:	f8cd b040 	str.w	fp, [sp, #64]	; 0x40
1000378a:	460d      	mov	r5, r1
1000378c:	4614      	mov	r4, r2
1000378e:	4682      	mov	sl, r0
10003790:	469b      	mov	fp, r3
10003792:	920c      	str	r2, [sp, #48]	; 0x30
10003794:	e003      	b.n	1000379e <_vsnprintf+0x8a6>
10003796:	2d20      	cmp	r5, #32
10003798:	d017      	beq.n	100037ca <_vsnprintf+0x8d2>
1000379a:	4606      	mov	r6, r0
1000379c:	468a      	mov	sl, r1
1000379e:	4630      	mov	r0, r6
100037a0:	464a      	mov	r2, r9
100037a2:	4651      	mov	r1, sl
100037a4:	2300      	movs	r3, #0
100037a6:	f002 fe23 	bl	100063f0 <____aeabi_uldivmod_veneer>
100037aa:	b2d2      	uxtb	r2, r2
100037ac:	2a09      	cmp	r2, #9
100037ae:	f102 0330 	add.w	r3, r2, #48	; 0x30
100037b2:	bf88      	it	hi
100037b4:	eb02 030b 	addhi.w	r3, r2, fp
100037b8:	b2db      	uxtb	r3, r3
100037ba:	454e      	cmp	r6, r9
100037bc:	f804 3b01 	strb.w	r3, [r4], #1
100037c0:	f17a 0300 	sbcs.w	r3, sl, #0
100037c4:	f105 0501 	add.w	r5, r5, #1
100037c8:	d2e5      	bcs.n	10003796 <_vsnprintf+0x89e>
100037ca:	462a      	mov	r2, r5
100037cc:	f8dd a034 	ldr.w	sl, [sp, #52]	; 0x34
100037d0:	9c0f      	ldr	r4, [sp, #60]	; 0x3c
100037d2:	9d0e      	ldr	r5, [sp, #56]	; 0x38
100037d4:	f8dd b040 	ldr.w	fp, [sp, #64]	; 0x40
100037d8:	e79d      	b.n	10003716 <_vsnprintf+0x81e>
100037da:	9b09      	ldr	r3, [sp, #36]	; 0x24
100037dc:	f853 2b04 	ldr.w	r2, [r3], #4
100037e0:	9309      	str	r3, [sp, #36]	; 0x24
100037e2:	2a00      	cmp	r2, #0
100037e4:	d139      	bne.n	1000385a <_vsnprintf+0x962>
100037e6:	990b      	ldr	r1, [sp, #44]	; 0x2c
100037e8:	f021 0310 	bic.w	r3, r1, #16
100037ec:	930b      	str	r3, [sp, #44]	; 0x2c
100037ee:	054b      	lsls	r3, r1, #21
100037f0:	d533      	bpl.n	1000385a <_vsnprintf+0x962>
100037f2:	ab12      	add	r3, sp, #72	; 0x48
100037f4:	930c      	str	r3, [sp, #48]	; 0x30
100037f6:	9b0b      	ldr	r3, [sp, #44]	; 0x2c
100037f8:	4652      	mov	r2, sl
100037fa:	e9cd 5305 	strd	r5, r3, [sp, #20]
100037fe:	9b0a      	ldr	r3, [sp, #40]	; 0x28
10003800:	9001      	str	r0, [sp, #4]
10003802:	e9cd 9303 	strd	r9, r3, [sp, #12]
10003806:	9b0c      	ldr	r3, [sp, #48]	; 0x30
10003808:	9300      	str	r3, [sp, #0]
1000380a:	e63f      	b.n	1000348c <_vsnprintf+0x594>
1000380c:	f04f 0902 	mov.w	r9, #2
10003810:	e69f      	b.n	10003552 <_vsnprintf+0x65a>
10003812:	9b0b      	ldr	r3, [sp, #44]	; 0x2c
10003814:	f013 0f20 	tst.w	r3, #32
10003818:	bf14      	ite	ne
1000381a:	f04f 0e41 	movne.w	lr, #65	; 0x41
1000381e:	f04f 0e61 	moveq.w	lr, #97	; 0x61
10003822:	ab12      	add	r3, sp, #72	; 0x48
10003824:	469c      	mov	ip, r3
10003826:	930c      	str	r3, [sp, #48]	; 0x30
10003828:	f1ae 0e0a 	sub.w	lr, lr, #10
1000382c:	e002      	b.n	10003834 <_vsnprintf+0x93c>
1000382e:	2820      	cmp	r0, #32
10003830:	d08e      	beq.n	10003750 <_vsnprintf+0x858>
10003832:	4632      	mov	r2, r6
10003834:	fbb2 f6f9 	udiv	r6, r2, r9
10003838:	fb09 2116 	mls	r1, r9, r6, r2
1000383c:	b2cb      	uxtb	r3, r1
1000383e:	2909      	cmp	r1, #9
10003840:	f103 0130 	add.w	r1, r3, #48	; 0x30
10003844:	bf8a      	itet	hi
10003846:	4473      	addhi	r3, lr
10003848:	b2cb      	uxtbls	r3, r1
1000384a:	b2db      	uxtbhi	r3, r3
1000384c:	454a      	cmp	r2, r9
1000384e:	f80c 3b01 	strb.w	r3, [ip], #1
10003852:	f100 0001 	add.w	r0, r0, #1
10003856:	d2ea      	bcs.n	1000382e <_vsnprintf+0x936>
10003858:	e77a      	b.n	10003750 <_vsnprintf+0x858>
1000385a:	9b0b      	ldr	r3, [sp, #44]	; 0x2c
1000385c:	f013 0f20 	tst.w	r3, #32
10003860:	bf14      	ite	ne
10003862:	f04f 0e41 	movne.w	lr, #65	; 0x41
10003866:	f04f 0e61 	moveq.w	lr, #97	; 0x61
1000386a:	ab12      	add	r3, sp, #72	; 0x48
1000386c:	469c      	mov	ip, r3
1000386e:	930c      	str	r3, [sp, #48]	; 0x30
10003870:	f1ae 0e0a 	sub.w	lr, lr, #10
10003874:	e002      	b.n	1000387c <_vsnprintf+0x984>
10003876:	2820      	cmp	r0, #32
10003878:	d0bd      	beq.n	100037f6 <_vsnprintf+0x8fe>
1000387a:	4632      	mov	r2, r6
1000387c:	fbb2 f6f9 	udiv	r6, r2, r9
10003880:	fb09 2116 	mls	r1, r9, r6, r2
10003884:	b2cb      	uxtb	r3, r1
10003886:	2909      	cmp	r1, #9
10003888:	f103 0130 	add.w	r1, r3, #48	; 0x30
1000388c:	bf8a      	itet	hi
1000388e:	4473      	addhi	r3, lr
10003890:	b2cb      	uxtbls	r3, r1
10003892:	b2db      	uxtbhi	r3, r3
10003894:	454a      	cmp	r2, r9
10003896:	f80c 3b01 	strb.w	r3, [ip], #1
1000389a:	f100 0001 	add.w	r0, r0, #1
1000389e:	d2ea      	bcs.n	10003876 <_vsnprintf+0x97e>
100038a0:	e7a9      	b.n	100037f6 <_vsnprintf+0x8fe>
100038a2:	9209      	str	r2, [sp, #36]	; 0x24
100038a4:	ea83 72e3 	eor.w	r2, r3, r3, asr #31
100038a8:	eba2 72e3 	sub.w	r2, r2, r3, asr #31
100038ac:	e469      	b.n	10003182 <_vsnprintf+0x28a>
100038ae:	4655      	mov	r5, sl
100038b0:	e615      	b.n	100034de <_vsnprintf+0x5e6>
100038b2:	9009      	str	r0, [sp, #36]	; 0x24
100038b4:	e4d9      	b.n	1000326a <_vsnprintf+0x372>
100038b6:	9309      	str	r3, [sp, #36]	; 0x24
100038b8:	2800      	cmp	r0, #0
100038ba:	f47f ace8 	bne.w	1000328e <_vsnprintf+0x396>
100038be:	e4fe      	b.n	100032be <_vsnprintf+0x3c6>

100038c0 <vfctprintf>:
100038c0:	b570      	push	{r4, r5, r6, lr}
100038c2:	4694      	mov	ip, r2
100038c4:	461e      	mov	r6, r3
100038c6:	4605      	mov	r5, r0
100038c8:	460c      	mov	r4, r1
100038ca:	b084      	sub	sp, #16
100038cc:	f04f 32ff 	mov.w	r2, #4294967295
100038d0:	4663      	mov	r3, ip
100038d2:	a902      	add	r1, sp, #8
100038d4:	9600      	str	r6, [sp, #0]
100038d6:	4803      	ldr	r0, [pc, #12]	; (100038e4 <vfctprintf+0x24>)
100038d8:	e9cd 5402 	strd	r5, r4, [sp, #8]
100038dc:	f7ff fb0c 	bl	10002ef8 <_vsnprintf>
100038e0:	b004      	add	sp, #16
100038e2:	bd70      	pop	{r4, r5, r6, pc}
100038e4:	100026b5 	.word	0x100026b5

100038e8 <weak_raw_vprintf>:
100038e8:	b510      	push	{r4, lr}
100038ea:	4b09      	ldr	r3, [pc, #36]	; (10003910 <weak_raw_vprintf+0x28>)
100038ec:	b084      	sub	sp, #16
100038ee:	681c      	ldr	r4, [r3, #0]
100038f0:	b14c      	cbz	r4, 10003906 <weak_raw_vprintf+0x1e>
100038f2:	4603      	mov	r3, r0
100038f4:	9100      	str	r1, [sp, #0]
100038f6:	f04f 32ff 	mov.w	r2, #4294967295
100038fa:	a903      	add	r1, sp, #12
100038fc:	4805      	ldr	r0, [pc, #20]	; (10003914 <weak_raw_vprintf+0x2c>)
100038fe:	47a0      	blx	r4
10003900:	2001      	movs	r0, #1
10003902:	b004      	add	sp, #16
10003904:	bd10      	pop	{r4, pc}
10003906:	f000 f971 	bl	10003bec <__wrap_puts>
1000390a:	4620      	mov	r0, r4
1000390c:	b004      	add	sp, #16
1000390e:	bd10      	pop	{r4, pc}
10003910:	200020c0 	.word	0x200020c0
10003914:	100026ad 	.word	0x100026ad

10003918 <_exit>:
10003918:	be00      	bkpt	0x0000
1000391a:	e7fd      	b.n	10003918 <_exit>

1000391c <_fini>:
1000391c:	4770      	bx	lr
1000391e:	bf00      	nop

10003920 <exit>:
10003920:	b508      	push	{r3, lr}
10003922:	f7ff fff9 	bl	10003918 <_exit>
10003926:	bf00      	nop

10003928 <runtime_init>:
10003928:	b538      	push	{r3, r4, r5, lr}
1000392a:	4d06      	ldr	r5, [pc, #24]	; (10003944 <runtime_init+0x1c>)
1000392c:	4c06      	ldr	r4, [pc, #24]	; (10003948 <runtime_init+0x20>)
1000392e:	f7fe fae5 	bl	10001efc <runtime_run_initializers>
10003932:	42ac      	cmp	r4, r5
10003934:	d204      	bcs.n	10003940 <runtime_init+0x18>
10003936:	f854 3b04 	ldr.w	r3, [r4], #4
1000393a:	4798      	blx	r3
1000393c:	42ac      	cmp	r4, r5
1000393e:	d3fa      	bcc.n	10003936 <runtime_init+0xe>
10003940:	bd38      	pop	{r3, r4, r5, pc}
10003942:	bf00      	nop
10003944:	10006484 	.word	0x10006484
10003948:	10006480 	.word	0x10006480

1000394c <stdio_out_chars_no_crlf>:
1000394c:	6803      	ldr	r3, [r0, #0]
1000394e:	4608      	mov	r0, r1
10003950:	4611      	mov	r1, r2
10003952:	4718      	bx	r3

10003954 <stdio_out_chars_crlf>:
10003954:	7d43      	ldrb	r3, [r0, #21]
10003956:	e92d 47f0 	stmdb	sp!, {r4, r5, r6, r7, r8, r9, sl, lr}
1000395a:	4682      	mov	sl, r0
1000395c:	460f      	mov	r7, r1
1000395e:	4691      	mov	r9, r2
10003960:	2b00      	cmp	r3, #0
10003962:	d044      	beq.n	100039ee <stdio_out_chars_crlf+0x9a>
10003964:	2a00      	cmp	r2, #0
10003966:	dd2a      	ble.n	100039be <stdio_out_chars_crlf+0x6a>
10003968:	2400      	movs	r4, #0
1000396a:	2501      	movs	r5, #1
1000396c:	4620      	mov	r0, r4
1000396e:	f8df 808c 	ldr.w	r8, [pc, #140]	; 100039fc <stdio_out_chars_crlf+0xa8>
10003972:	1e4e      	subs	r6, r1, #1
10003974:	b32c      	cbz	r4, 100039c2 <stdio_out_chars_crlf+0x6e>
10003976:	7833      	ldrb	r3, [r6, #0]
10003978:	f816 2f01 	ldrb.w	r2, [r6, #1]!
1000397c:	f1a3 030d 	sub.w	r3, r3, #13
10003980:	fab3 f383 	clz	r3, r3
10003984:	2a0a      	cmp	r2, #10
10003986:	ea4f 1353 	mov.w	r3, r3, lsr #5
1000398a:	d020      	beq.n	100039ce <stdio_out_chars_crlf+0x7a>
1000398c:	462b      	mov	r3, r5
1000398e:	4599      	cmp	r9, r3
10003990:	f104 0401 	add.w	r4, r4, #1
10003994:	f105 0501 	add.w	r5, r5, #1
10003998:	dcec      	bgt.n	10003974 <stdio_out_chars_crlf+0x20>
1000399a:	4581      	cmp	r9, r0
1000399c:	dd05      	ble.n	100039aa <stdio_out_chars_crlf+0x56>
1000399e:	eba9 0100 	sub.w	r1, r9, r0
100039a2:	f8da 3000 	ldr.w	r3, [sl]
100039a6:	4438      	add	r0, r7
100039a8:	4798      	blx	r3
100039aa:	444f      	add	r7, r9
100039ac:	f817 3c01 	ldrb.w	r3, [r7, #-1]
100039b0:	f1a3 030d 	sub.w	r3, r3, #13
100039b4:	fab3 f383 	clz	r3, r3
100039b8:	095b      	lsrs	r3, r3, #5
100039ba:	f88a 3014 	strb.w	r3, [sl, #20]
100039be:	e8bd 87f0 	ldmia.w	sp!, {r4, r5, r6, r7, r8, r9, sl, pc}
100039c2:	f816 2f01 	ldrb.w	r2, [r6, #1]!
100039c6:	f89a 3014 	ldrb.w	r3, [sl, #20]
100039ca:	2a0a      	cmp	r2, #10
100039cc:	d1de      	bne.n	1000398c <stdio_out_chars_crlf+0x38>
100039ce:	2b00      	cmp	r3, #0
100039d0:	d1dc      	bne.n	1000398c <stdio_out_chars_crlf+0x38>
100039d2:	42a0      	cmp	r0, r4
100039d4:	da04      	bge.n	100039e0 <stdio_out_chars_crlf+0x8c>
100039d6:	1a21      	subs	r1, r4, r0
100039d8:	f8da 3000 	ldr.w	r3, [sl]
100039dc:	4438      	add	r0, r7
100039de:	4798      	blx	r3
100039e0:	4640      	mov	r0, r8
100039e2:	2102      	movs	r1, #2
100039e4:	f8da 3000 	ldr.w	r3, [sl]
100039e8:	4798      	blx	r3
100039ea:	4628      	mov	r0, r5
100039ec:	e7ce      	b.n	1000398c <stdio_out_chars_crlf+0x38>
100039ee:	4638      	mov	r0, r7
100039f0:	f8da 3000 	ldr.w	r3, [sl]
100039f4:	4611      	mov	r1, r2
100039f6:	e8bd 47f0 	ldmia.w	sp!, {r4, r5, r6, r7, r8, r9, sl, lr}
100039fa:	4718      	bx	r3
100039fc:	10006738 	.word	0x10006738

10003a00 <stdio_buffered_printer>:
10003a00:	b5f8      	push	{r3, r4, r5, r6, r7, lr}
10003a02:	680b      	ldr	r3, [r1, #0]
10003a04:	1c5a      	adds	r2, r3, #1
10003a06:	2a80      	cmp	r2, #128	; 0x80
10003a08:	440b      	add	r3, r1
10003a0a:	600a      	str	r2, [r1, #0]
10003a0c:	7118      	strb	r0, [r3, #4]
10003a0e:	d000      	beq.n	10003a12 <stdio_buffered_printer+0x12>
10003a10:	bdf8      	pop	{r3, r4, r5, r6, r7, pc}
10003a12:	4b0d      	ldr	r3, [pc, #52]	; (10003a48 <stdio_buffered_printer+0x48>)
10003a14:	460d      	mov	r5, r1
10003a16:	681c      	ldr	r4, [r3, #0]
10003a18:	b19c      	cbz	r4, 10003a42 <stdio_buffered_printer+0x42>
10003a1a:	4e0c      	ldr	r6, [pc, #48]	; (10003a4c <stdio_buffered_printer+0x4c>)
10003a1c:	1d0f      	adds	r7, r1, #4
10003a1e:	e001      	b.n	10003a24 <stdio_buffered_printer+0x24>
10003a20:	6924      	ldr	r4, [r4, #16]
10003a22:	b174      	cbz	r4, 10003a42 <stdio_buffered_printer+0x42>
10003a24:	6823      	ldr	r3, [r4, #0]
10003a26:	2b00      	cmp	r3, #0
10003a28:	d0fa      	beq.n	10003a20 <stdio_buffered_printer+0x20>
10003a2a:	6833      	ldr	r3, [r6, #0]
10003a2c:	b10b      	cbz	r3, 10003a32 <stdio_buffered_printer+0x32>
10003a2e:	42a3      	cmp	r3, r4
10003a30:	d1f6      	bne.n	10003a20 <stdio_buffered_printer+0x20>
10003a32:	4620      	mov	r0, r4
10003a34:	4639      	mov	r1, r7
10003a36:	682a      	ldr	r2, [r5, #0]
10003a38:	f7ff ff8c 	bl	10003954 <stdio_out_chars_crlf>
10003a3c:	6924      	ldr	r4, [r4, #16]
10003a3e:	2c00      	cmp	r4, #0
10003a40:	d1f0      	bne.n	10003a24 <stdio_buffered_printer+0x24>
10003a42:	2300      	movs	r3, #0
10003a44:	602b      	str	r3, [r5, #0]
10003a46:	bdf8      	pop	{r3, r4, r5, r6, r7, pc}
10003a48:	20001cb4 	.word	0x20001cb4
10003a4c:	20001cbc 	.word	0x20001cbc

10003a50 <stdio_put_string>:
10003a50:	e92d 47f0 	stmdb	sp!, {r4, r5, r6, r7, r8, r9, sl, lr}
10003a54:	b082      	sub	sp, #8
10003a56:	460d      	mov	r5, r1
10003a58:	4692      	mov	sl, r2
10003a5a:	4699      	mov	r9, r3
10003a5c:	4607      	mov	r7, r0
10003a5e:	f7fd ffff 	bl	10001a60 <time_us_64>
10003a62:	4a2f      	ldr	r2, [pc, #188]	; (10003b20 <stdio_put_string+0xd0>)
10003a64:	1882      	adds	r2, r0, r2
10003a66:	f141 0300 	adc.w	r3, r1, #0
10003a6a:	2b00      	cmp	r3, #0
10003a6c:	bfbc      	itt	lt
10003a6e:	f04f 32ff 	movlt.w	r2, #4294967295
10003a72:	f06f 4300 	mvnlt.w	r3, #2147483648	; 0x80000000
10003a76:	482b      	ldr	r0, [pc, #172]	; (10003b24 <stdio_put_string+0xd4>)
10003a78:	f002 fcc2 	bl	10006400 <__mutex_try_enter_block_until_veneer>
10003a7c:	1c6b      	adds	r3, r5, #1
10003a7e:	4680      	mov	r8, r0
10003a80:	d103      	bne.n	10003a8a <stdio_put_string+0x3a>
10003a82:	4638      	mov	r0, r7
10003a84:	f002 fc2c 	bl	100062e0 <strlen>
10003a88:	4605      	mov	r5, r0
10003a8a:	4b27      	ldr	r3, [pc, #156]	; (10003b28 <stdio_put_string+0xd8>)
10003a8c:	4e27      	ldr	r6, [pc, #156]	; (10003b2c <stdio_put_string+0xdc>)
10003a8e:	681c      	ldr	r4, [r3, #0]
10003a90:	4b27      	ldr	r3, [pc, #156]	; (10003b30 <stdio_put_string+0xe0>)
10003a92:	f1b9 0f00 	cmp.w	r9, #0
10003a96:	bf08      	it	eq
10003a98:	461e      	moveq	r6, r3
10003a9a:	b1b4      	cbz	r4, 10003aca <stdio_put_string+0x7a>
10003a9c:	f1ba 0f00 	cmp.w	sl, #0
10003aa0:	d11a      	bne.n	10003ad8 <stdio_put_string+0x88>
10003aa2:	f8df 9090 	ldr.w	r9, [pc, #144]	; 10003b34 <stdio_put_string+0xe4>
10003aa6:	e001      	b.n	10003aac <stdio_put_string+0x5c>
10003aa8:	6924      	ldr	r4, [r4, #16]
10003aaa:	b174      	cbz	r4, 10003aca <stdio_put_string+0x7a>
10003aac:	6823      	ldr	r3, [r4, #0]
10003aae:	2b00      	cmp	r3, #0
10003ab0:	d0fa      	beq.n	10003aa8 <stdio_put_string+0x58>
10003ab2:	f8d9 3000 	ldr.w	r3, [r9]
10003ab6:	b10b      	cbz	r3, 10003abc <stdio_put_string+0x6c>
10003ab8:	42a3      	cmp	r3, r4
10003aba:	d1f5      	bne.n	10003aa8 <stdio_put_string+0x58>
10003abc:	4620      	mov	r0, r4
10003abe:	462a      	mov	r2, r5
10003ac0:	4639      	mov	r1, r7
10003ac2:	47b0      	blx	r6
10003ac4:	6924      	ldr	r4, [r4, #16]
10003ac6:	2c00      	cmp	r4, #0
10003ac8:	d1f0      	bne.n	10003aac <stdio_put_string+0x5c>
10003aca:	f1b8 0f00 	cmp.w	r8, #0
10003ace:	d11f      	bne.n	10003b10 <stdio_put_string+0xc0>
10003ad0:	4628      	mov	r0, r5
10003ad2:	b002      	add	sp, #8
10003ad4:	e8bd 87f0 	ldmia.w	sp!, {r4, r5, r6, r7, r8, r9, sl, pc}
10003ad8:	f04f 0a0a 	mov.w	sl, #10
10003adc:	f8df 9054 	ldr.w	r9, [pc, #84]	; 10003b34 <stdio_put_string+0xe4>
10003ae0:	e002      	b.n	10003ae8 <stdio_put_string+0x98>
10003ae2:	6924      	ldr	r4, [r4, #16]
10003ae4:	2c00      	cmp	r4, #0
10003ae6:	d0f0      	beq.n	10003aca <stdio_put_string+0x7a>
10003ae8:	6823      	ldr	r3, [r4, #0]
10003aea:	2b00      	cmp	r3, #0
10003aec:	d0f9      	beq.n	10003ae2 <stdio_put_string+0x92>
10003aee:	f8d9 3000 	ldr.w	r3, [r9]
10003af2:	b10b      	cbz	r3, 10003af8 <stdio_put_string+0xa8>
10003af4:	42a3      	cmp	r3, r4
10003af6:	d1f4      	bne.n	10003ae2 <stdio_put_string+0x92>
10003af8:	4620      	mov	r0, r4
10003afa:	462a      	mov	r2, r5
10003afc:	4639      	mov	r1, r7
10003afe:	47b0      	blx	r6
10003b00:	4620      	mov	r0, r4
10003b02:	2201      	movs	r2, #1
10003b04:	f10d 0107 	add.w	r1, sp, #7
10003b08:	f88d a007 	strb.w	sl, [sp, #7]
10003b0c:	47b0      	blx	r6
10003b0e:	e7e8      	b.n	10003ae2 <stdio_put_string+0x92>
10003b10:	4804      	ldr	r0, [pc, #16]	; (10003b24 <stdio_put_string+0xd4>)
10003b12:	f002 fc15 	bl	10006340 <__mutex_exit_veneer>
10003b16:	4628      	mov	r0, r5
10003b18:	b002      	add	sp, #8
10003b1a:	e8bd 87f0 	ldmia.w	sp!, {r4, r5, r6, r7, r8, r9, sl, pc}
10003b1e:	bf00      	nop
10003b20:	000f4240 	.word	0x000f4240
10003b24:	200017d0 	.word	0x200017d0
10003b28:	20001cb4 	.word	0x20001cb4
10003b2c:	10003955 	.word	0x10003955
10003b30:	1000394d 	.word	0x1000394d
10003b34:	20001cbc 	.word	0x20001cbc

10003b38 <stdio_set_driver_enabled>:
10003b38:	4a08      	ldr	r2, [pc, #32]	; (10003b5c <stdio_set_driver_enabled+0x24>)
10003b3a:	6813      	ldr	r3, [r2, #0]
10003b3c:	b923      	cbnz	r3, 10003b48 <stdio_set_driver_enabled+0x10>
10003b3e:	e00a      	b.n	10003b56 <stdio_set_driver_enabled+0x1e>
10003b40:	f103 0210 	add.w	r2, r3, #16
10003b44:	691b      	ldr	r3, [r3, #16]
10003b46:	b133      	cbz	r3, 10003b56 <stdio_set_driver_enabled+0x1e>
10003b48:	4298      	cmp	r0, r3
10003b4a:	d1f9      	bne.n	10003b40 <stdio_set_driver_enabled+0x8>
10003b4c:	b929      	cbnz	r1, 10003b5a <stdio_set_driver_enabled+0x22>
10003b4e:	6903      	ldr	r3, [r0, #16]
10003b50:	6013      	str	r3, [r2, #0]
10003b52:	6101      	str	r1, [r0, #16]
10003b54:	4770      	bx	lr
10003b56:	b101      	cbz	r1, 10003b5a <stdio_set_driver_enabled+0x22>
10003b58:	6010      	str	r0, [r2, #0]
10003b5a:	4770      	bx	lr
10003b5c:	20001cb4 	.word	0x20001cb4

10003b60 <stdio_init_all>:
10003b60:	b508      	push	{r3, lr}
10003b62:	f000 f993 	bl	10003e8c <stdio_uart_init>
10003b66:	f000 fb47 	bl	100041f8 <stdio_usb_init>
10003b6a:	2001      	movs	r0, #1
10003b6c:	bd08      	pop	{r3, pc}
10003b6e:	bf00      	nop

10003b70 <__wrap_putchar>:
10003b70:	b5f0      	push	{r4, r5, r6, r7, lr}
10003b72:	b083      	sub	sp, #12
10003b74:	4606      	mov	r6, r0
10003b76:	f88d 0007 	strb.w	r0, [sp, #7]
10003b7a:	f7fd ff71 	bl	10001a60 <time_us_64>
10003b7e:	4a17      	ldr	r2, [pc, #92]	; (10003bdc <__wrap_putchar+0x6c>)
10003b80:	1882      	adds	r2, r0, r2
10003b82:	f141 0300 	adc.w	r3, r1, #0
10003b86:	2b00      	cmp	r3, #0
10003b88:	bfbc      	itt	lt
10003b8a:	f06f 4300 	mvnlt.w	r3, #2147483648	; 0x80000000
10003b8e:	f04f 32ff 	movlt.w	r2, #4294967295
10003b92:	4813      	ldr	r0, [pc, #76]	; (10003be0 <__wrap_putchar+0x70>)
10003b94:	f002 fc34 	bl	10006400 <__mutex_try_enter_block_until_veneer>
10003b98:	4b12      	ldr	r3, [pc, #72]	; (10003be4 <__wrap_putchar+0x74>)
10003b9a:	4607      	mov	r7, r0
10003b9c:	681c      	ldr	r4, [r3, #0]
10003b9e:	b19c      	cbz	r4, 10003bc8 <__wrap_putchar+0x58>
10003ba0:	4d11      	ldr	r5, [pc, #68]	; (10003be8 <__wrap_putchar+0x78>)
10003ba2:	e001      	b.n	10003ba8 <__wrap_putchar+0x38>
10003ba4:	6924      	ldr	r4, [r4, #16]
10003ba6:	b17c      	cbz	r4, 10003bc8 <__wrap_putchar+0x58>
10003ba8:	6823      	ldr	r3, [r4, #0]
10003baa:	2b00      	cmp	r3, #0
10003bac:	d0fa      	beq.n	10003ba4 <__wrap_putchar+0x34>
10003bae:	682b      	ldr	r3, [r5, #0]
10003bb0:	b10b      	cbz	r3, 10003bb6 <__wrap_putchar+0x46>
10003bb2:	42a3      	cmp	r3, r4
10003bb4:	d1f6      	bne.n	10003ba4 <__wrap_putchar+0x34>
10003bb6:	4620      	mov	r0, r4
10003bb8:	2201      	movs	r2, #1
10003bba:	f10d 0107 	add.w	r1, sp, #7
10003bbe:	f7ff fec9 	bl	10003954 <stdio_out_chars_crlf>
10003bc2:	6924      	ldr	r4, [r4, #16]
10003bc4:	2c00      	cmp	r4, #0
10003bc6:	d1ef      	bne.n	10003ba8 <__wrap_putchar+0x38>
10003bc8:	b917      	cbnz	r7, 10003bd0 <__wrap_putchar+0x60>
10003bca:	4630      	mov	r0, r6
10003bcc:	b003      	add	sp, #12
10003bce:	bdf0      	pop	{r4, r5, r6, r7, pc}
10003bd0:	4803      	ldr	r0, [pc, #12]	; (10003be0 <__wrap_putchar+0x70>)
10003bd2:	f002 fbb5 	bl	10006340 <__mutex_exit_veneer>
10003bd6:	4630      	mov	r0, r6
10003bd8:	b003      	add	sp, #12
10003bda:	bdf0      	pop	{r4, r5, r6, r7, pc}
10003bdc:	000f4240 	.word	0x000f4240
10003be0:	200017d0 	.word	0x200017d0
10003be4:	20001cb4 	.word	0x20001cb4
10003be8:	20001cbc 	.word	0x20001cbc

10003bec <__wrap_puts>:
10003bec:	b538      	push	{r3, r4, r5, lr}
10003bee:	4604      	mov	r4, r0
10003bf0:	f002 fb76 	bl	100062e0 <strlen>
10003bf4:	2301      	movs	r3, #1
10003bf6:	4605      	mov	r5, r0
10003bf8:	461a      	mov	r2, r3
10003bfa:	4620      	mov	r0, r4
10003bfc:	4629      	mov	r1, r5
10003bfe:	f7ff ff27 	bl	10003a50 <stdio_put_string>
10003c02:	4b08      	ldr	r3, [pc, #32]	; (10003c24 <__wrap_puts+0x38>)
10003c04:	681c      	ldr	r4, [r3, #0]
10003c06:	b12c      	cbz	r4, 10003c14 <__wrap_puts+0x28>
10003c08:	6863      	ldr	r3, [r4, #4]
10003c0a:	b12b      	cbz	r3, 10003c18 <__wrap_puts+0x2c>
10003c0c:	4798      	blx	r3
10003c0e:	6924      	ldr	r4, [r4, #16]
10003c10:	2c00      	cmp	r4, #0
10003c12:	d1f9      	bne.n	10003c08 <__wrap_puts+0x1c>
10003c14:	4628      	mov	r0, r5
10003c16:	bd38      	pop	{r3, r4, r5, pc}
10003c18:	6924      	ldr	r4, [r4, #16]
10003c1a:	2c00      	cmp	r4, #0
10003c1c:	d1f4      	bne.n	10003c08 <__wrap_puts+0x1c>
10003c1e:	4628      	mov	r0, r5
10003c20:	bd38      	pop	{r3, r4, r5, pc}
10003c22:	bf00      	nop
10003c24:	20001cb4 	.word	0x20001cb4

10003c28 <__wrap_vprintf>:
10003c28:	e92d 41f0 	stmdb	sp!, {r4, r5, r6, r7, r8, lr}
10003c2c:	b0a2      	sub	sp, #136	; 0x88
10003c2e:	4604      	mov	r4, r0
10003c30:	460d      	mov	r5, r1
10003c32:	f7fd ff15 	bl	10001a60 <time_us_64>
10003c36:	4a27      	ldr	r2, [pc, #156]	; (10003cd4 <__wrap_vprintf+0xac>)
10003c38:	2600      	movs	r6, #0
10003c3a:	1882      	adds	r2, r0, r2
10003c3c:	f141 0300 	adc.w	r3, r1, #0
10003c40:	2b00      	cmp	r3, #0
10003c42:	bfbc      	itt	lt
10003c44:	f04f 32ff 	movlt.w	r2, #4294967295
10003c48:	f06f 4300 	mvnlt.w	r3, #2147483648	; 0x80000000
10003c4c:	4822      	ldr	r0, [pc, #136]	; (10003cd8 <__wrap_vprintf+0xb0>)
10003c4e:	f002 fbd7 	bl	10006400 <__mutex_try_enter_block_until_veneer>
10003c52:	462b      	mov	r3, r5
10003c54:	4607      	mov	r7, r0
10003c56:	4622      	mov	r2, r4
10003c58:	4820      	ldr	r0, [pc, #128]	; (10003cdc <__wrap_vprintf+0xb4>)
10003c5a:	a901      	add	r1, sp, #4
10003c5c:	9601      	str	r6, [sp, #4]
10003c5e:	f7ff fe2f 	bl	100038c0 <vfctprintf>
10003c62:	9b01      	ldr	r3, [sp, #4]
10003c64:	4606      	mov	r6, r0
10003c66:	b97b      	cbnz	r3, 10003c88 <__wrap_vprintf+0x60>
10003c68:	4b1d      	ldr	r3, [pc, #116]	; (10003ce0 <__wrap_vprintf+0xb8>)
10003c6a:	681c      	ldr	r4, [r3, #0]
10003c6c:	b12c      	cbz	r4, 10003c7a <__wrap_vprintf+0x52>
10003c6e:	6863      	ldr	r3, [r4, #4]
10003c70:	b143      	cbz	r3, 10003c84 <__wrap_vprintf+0x5c>
10003c72:	4798      	blx	r3
10003c74:	6924      	ldr	r4, [r4, #16]
10003c76:	2c00      	cmp	r4, #0
10003c78:	d1f9      	bne.n	10003c6e <__wrap_vprintf+0x46>
10003c7a:	bb0f      	cbnz	r7, 10003cc0 <__wrap_vprintf+0x98>
10003c7c:	4630      	mov	r0, r6
10003c7e:	b022      	add	sp, #136	; 0x88
10003c80:	e8bd 81f0 	ldmia.w	sp!, {r4, r5, r6, r7, r8, pc}
10003c84:	6924      	ldr	r4, [r4, #16]
10003c86:	e7f1      	b.n	10003c6c <__wrap_vprintf+0x44>
10003c88:	f8df 8054 	ldr.w	r8, [pc, #84]	; 10003ce0 <__wrap_vprintf+0xb8>
10003c8c:	f8d8 5000 	ldr.w	r5, [r8]
10003c90:	b1ed      	cbz	r5, 10003cce <__wrap_vprintf+0xa6>
10003c92:	4c14      	ldr	r4, [pc, #80]	; (10003ce4 <__wrap_vprintf+0xbc>)
10003c94:	e001      	b.n	10003c9a <__wrap_vprintf+0x72>
10003c96:	692d      	ldr	r5, [r5, #16]
10003c98:	b175      	cbz	r5, 10003cb8 <__wrap_vprintf+0x90>
10003c9a:	682b      	ldr	r3, [r5, #0]
10003c9c:	2b00      	cmp	r3, #0
10003c9e:	d0fa      	beq.n	10003c96 <__wrap_vprintf+0x6e>
10003ca0:	6823      	ldr	r3, [r4, #0]
10003ca2:	b10b      	cbz	r3, 10003ca8 <__wrap_vprintf+0x80>
10003ca4:	429d      	cmp	r5, r3
10003ca6:	d1f6      	bne.n	10003c96 <__wrap_vprintf+0x6e>
10003ca8:	4628      	mov	r0, r5
10003caa:	9a01      	ldr	r2, [sp, #4]
10003cac:	a902      	add	r1, sp, #8
10003cae:	f7ff fe51 	bl	10003954 <stdio_out_chars_crlf>
10003cb2:	692d      	ldr	r5, [r5, #16]
10003cb4:	2d00      	cmp	r5, #0
10003cb6:	d1f0      	bne.n	10003c9a <__wrap_vprintf+0x72>
10003cb8:	f8d8 4000 	ldr.w	r4, [r8]
10003cbc:	9501      	str	r5, [sp, #4]
10003cbe:	e7d5      	b.n	10003c6c <__wrap_vprintf+0x44>
10003cc0:	4805      	ldr	r0, [pc, #20]	; (10003cd8 <__wrap_vprintf+0xb0>)
10003cc2:	f002 fb3d 	bl	10006340 <__mutex_exit_veneer>
10003cc6:	4630      	mov	r0, r6
10003cc8:	b022      	add	sp, #136	; 0x88
10003cca:	e8bd 81f0 	ldmia.w	sp!, {r4, r5, r6, r7, r8, pc}
10003cce:	9501      	str	r5, [sp, #4]
10003cd0:	e7d3      	b.n	10003c7a <__wrap_vprintf+0x52>
10003cd2:	bf00      	nop
10003cd4:	000f4240 	.word	0x000f4240
10003cd8:	200017d0 	.word	0x200017d0
10003cdc:	10003a01 	.word	0x10003a01
10003ce0:	20001cb4 	.word	0x20001cb4
10003ce4:	20001cbc 	.word	0x20001cbc

10003ce8 <__wrap_printf>:
10003ce8:	b40f      	push	{r0, r1, r2, r3}
10003cea:	b500      	push	{lr}
10003cec:	b083      	sub	sp, #12
10003cee:	a904      	add	r1, sp, #16
10003cf0:	f851 0b04 	ldr.w	r0, [r1], #4
10003cf4:	9101      	str	r1, [sp, #4]
10003cf6:	f7ff ff97 	bl	10003c28 <__wrap_vprintf>
10003cfa:	b003      	add	sp, #12
10003cfc:	f85d eb04 	ldr.w	lr, [sp], #4
10003d00:	b004      	add	sp, #16
10003d02:	4770      	bx	lr

10003d04 <stdio_uart_out_chars>:
10003d04:	2900      	cmp	r1, #0
10003d06:	dd1e      	ble.n	10003d46 <stdio_uart_out_chars+0x42>
10003d08:	4a0f      	ldr	r2, [pc, #60]	; (10003d48 <stdio_uart_out_chars+0x44>)
10003d0a:	4b10      	ldr	r3, [pc, #64]	; (10003d4c <stdio_uart_out_chars+0x48>)
10003d0c:	6812      	ldr	r2, [r2, #0]
10003d0e:	b530      	push	{r4, r5, lr}
10003d10:	1ad3      	subs	r3, r2, r3
10003d12:	fab3 f383 	clz	r3, r3
10003d16:	240d      	movs	r4, #13
10003d18:	4d0d      	ldr	r5, [pc, #52]	; (10003d50 <stdio_uart_out_chars+0x4c>)
10003d1a:	095b      	lsrs	r3, r3, #5
10003d1c:	3801      	subs	r0, #1
10003d1e:	f935 e013 	ldrsh.w	lr, [r5, r3, lsl #1]
10003d22:	eb00 0c01 	add.w	ip, r0, r1
10003d26:	f810 1f01 	ldrb.w	r1, [r0, #1]!
10003d2a:	458e      	cmp	lr, r1
10003d2c:	d006      	beq.n	10003d3c <stdio_uart_out_chars+0x38>
10003d2e:	6993      	ldr	r3, [r2, #24]
10003d30:	069b      	lsls	r3, r3, #26
10003d32:	d4fc      	bmi.n	10003d2e <stdio_uart_out_chars+0x2a>
10003d34:	4560      	cmp	r0, ip
10003d36:	6011      	str	r1, [r2, #0]
10003d38:	d1f5      	bne.n	10003d26 <stdio_uart_out_chars+0x22>
10003d3a:	bd30      	pop	{r4, r5, pc}
10003d3c:	6993      	ldr	r3, [r2, #24]
10003d3e:	069d      	lsls	r5, r3, #26
10003d40:	d4fc      	bmi.n	10003d3c <stdio_uart_out_chars+0x38>
10003d42:	6014      	str	r4, [r2, #0]
10003d44:	e7f3      	b.n	10003d2e <stdio_uart_out_chars+0x2a>
10003d46:	4770      	bx	lr
10003d48:	2000210c 	.word	0x2000210c
10003d4c:	40078000 	.word	0x40078000
10003d50:	20002108 	.word	0x20002108

10003d54 <stdio_uart_in_chars>:
10003d54:	2900      	cmp	r1, #0
10003d56:	4684      	mov	ip, r0
10003d58:	dd25      	ble.n	10003da6 <stdio_uart_in_chars+0x52>
10003d5a:	2000      	movs	r0, #0
10003d5c:	4b1b      	ldr	r3, [pc, #108]	; (10003dcc <stdio_uart_in_chars+0x78>)
10003d5e:	f10c 3cff 	add.w	ip, ip, #4294967295
10003d62:	681a      	ldr	r2, [r3, #0]
10003d64:	6993      	ldr	r3, [r2, #24]
10003d66:	06db      	lsls	r3, r3, #27
10003d68:	d417      	bmi.n	10003d9a <stdio_uart_in_chars+0x46>
10003d6a:	3001      	adds	r0, #1
10003d6c:	6993      	ldr	r3, [r2, #24]
10003d6e:	06db      	lsls	r3, r3, #27
10003d70:	d4fc      	bmi.n	10003d6c <stdio_uart_in_chars+0x18>
10003d72:	6813      	ldr	r3, [r2, #0]
10003d74:	4281      	cmp	r1, r0
10003d76:	f80c 3f01 	strb.w	r3, [ip, #1]!
10003d7a:	d1f3      	bne.n	10003d64 <stdio_uart_in_chars+0x10>
10003d7c:	4b14      	ldr	r3, [pc, #80]	; (10003dd0 <stdio_uart_in_chars+0x7c>)
10003d7e:	681b      	ldr	r3, [r3, #0]
10003d80:	b183      	cbz	r3, 10003da4 <stdio_uart_in_chars+0x50>
10003d82:	2150      	movs	r1, #80	; 0x50
10003d84:	4613      	mov	r3, r2
10003d86:	6391      	str	r1, [r2, #56]	; 0x38
10003d88:	f853 2f34 	ldr.w	r2, [r3, #52]!
10003d8c:	f002 0238 	and.w	r2, r2, #56	; 0x38
10003d90:	f503 5380 	add.w	r3, r3, #4096	; 0x1000
10003d94:	601a      	str	r2, [r3, #0]
10003d96:	b1a8      	cbz	r0, 10003dc4 <stdio_uart_in_chars+0x70>
10003d98:	4770      	bx	lr
10003d9a:	4b0d      	ldr	r3, [pc, #52]	; (10003dd0 <stdio_uart_in_chars+0x7c>)
10003d9c:	681b      	ldr	r3, [r3, #0]
10003d9e:	2b00      	cmp	r3, #0
10003da0:	d1ef      	bne.n	10003d82 <stdio_uart_in_chars+0x2e>
10003da2:	e7f8      	b.n	10003d96 <stdio_uart_in_chars+0x42>
10003da4:	4770      	bx	lr
10003da6:	4b0a      	ldr	r3, [pc, #40]	; (10003dd0 <stdio_uart_in_chars+0x7c>)
10003da8:	681b      	ldr	r3, [r3, #0]
10003daa:	b15b      	cbz	r3, 10003dc4 <stdio_uart_in_chars+0x70>
10003dac:	4b07      	ldr	r3, [pc, #28]	; (10003dcc <stdio_uart_in_chars+0x78>)
10003dae:	2150      	movs	r1, #80	; 0x50
10003db0:	681a      	ldr	r2, [r3, #0]
10003db2:	4613      	mov	r3, r2
10003db4:	6391      	str	r1, [r2, #56]	; 0x38
10003db6:	f853 2f34 	ldr.w	r2, [r3, #52]!
10003dba:	f002 0238 	and.w	r2, r2, #56	; 0x38
10003dbe:	f503 5380 	add.w	r3, r3, #4096	; 0x1000
10003dc2:	601a      	str	r2, [r3, #0]
10003dc4:	f06f 0002 	mvn.w	r0, #2
10003dc8:	4770      	bx	lr
10003dca:	bf00      	nop
10003dcc:	2000210c 	.word	0x2000210c
10003dd0:	20001c4c 	.word	0x20001c4c

10003dd4 <on_uart_rx>:
10003dd4:	4b05      	ldr	r3, [pc, #20]	; (10003dec <on_uart_rx+0x18>)
10003dd6:	681b      	ldr	r3, [r3, #0]
10003dd8:	b133      	cbz	r3, 10003de8 <on_uart_rx+0x14>
10003dda:	2100      	movs	r1, #0
10003ddc:	4a04      	ldr	r2, [pc, #16]	; (10003df0 <on_uart_rx+0x1c>)
10003dde:	4805      	ldr	r0, [pc, #20]	; (10003df4 <on_uart_rx+0x20>)
10003de0:	6812      	ldr	r2, [r2, #0]
10003de2:	6800      	ldr	r0, [r0, #0]
10003de4:	6391      	str	r1, [r2, #56]	; 0x38
10003de6:	4718      	bx	r3
10003de8:	4770      	bx	lr
10003dea:	bf00      	nop
10003dec:	20001c4c 	.word	0x20001c4c
10003df0:	2000210c 	.word	0x2000210c
10003df4:	20001c54 	.word	0x20001c54

10003df8 <stdio_uart_out_flush>:
10003df8:	4b02      	ldr	r3, [pc, #8]	; (10003e04 <stdio_uart_out_flush+0xc>)
10003dfa:	681a      	ldr	r2, [r3, #0]
10003dfc:	6993      	ldr	r3, [r2, #24]
10003dfe:	071b      	lsls	r3, r3, #28
10003e00:	d4fc      	bmi.n	10003dfc <stdio_uart_out_flush+0x4>
10003e02:	4770      	bx	lr
10003e04:	2000210c 	.word	0x2000210c

10003e08 <stdio_uart_set_chars_available_callback>:
10003e08:	b570      	push	{r4, r5, r6, lr}
10003e0a:	4e1b      	ldr	r6, [pc, #108]	; (10003e78 <stdio_uart_set_chars_available_callback+0x70>)
10003e0c:	4d1b      	ldr	r5, [pc, #108]	; (10003e7c <stdio_uart_set_chars_available_callback+0x74>)
10003e0e:	6832      	ldr	r2, [r6, #0]
10003e10:	4604      	mov	r4, r0
10003e12:	42aa      	cmp	r2, r5
10003e14:	bf0c      	ite	eq
10003e16:	2522      	moveq	r5, #34	; 0x22
10003e18:	2521      	movne	r5, #33	; 0x21
10003e1a:	b120      	cbz	r0, 10003e26 <stdio_uart_set_chars_available_callback+0x1e>
10003e1c:	4a18      	ldr	r2, [pc, #96]	; (10003e80 <stdio_uart_set_chars_available_callback+0x78>)
10003e1e:	460b      	mov	r3, r1
10003e20:	6811      	ldr	r1, [r2, #0]
10003e22:	b189      	cbz	r1, 10003e48 <stdio_uart_set_chars_available_callback+0x40>
10003e24:	bd70      	pop	{r4, r5, r6, pc}
10003e26:	4e16      	ldr	r6, [pc, #88]	; (10003e80 <stdio_uart_set_chars_available_callback+0x78>)
10003e28:	6833      	ldr	r3, [r6, #0]
10003e2a:	2b00      	cmp	r3, #0
10003e2c:	d0fa      	beq.n	10003e24 <stdio_uart_set_chars_available_callback+0x1c>
10003e2e:	4601      	mov	r1, r0
10003e30:	6390      	str	r0, [r2, #56]	; 0x38
10003e32:	4628      	mov	r0, r5
10003e34:	f7fc fea8 	bl	10000b88 <irq_set_enabled>
10003e38:	4628      	mov	r0, r5
10003e3a:	4912      	ldr	r1, [pc, #72]	; (10003e84 <stdio_uart_set_chars_available_callback+0x7c>)
10003e3c:	f7fd f80a 	bl	10000e54 <irq_remove_handler>
10003e40:	4b11      	ldr	r3, [pc, #68]	; (10003e88 <stdio_uart_set_chars_available_callback+0x80>)
10003e42:	6034      	str	r4, [r6, #0]
10003e44:	601c      	str	r4, [r3, #0]
10003e46:	bd70      	pop	{r4, r5, r6, pc}
10003e48:	6010      	str	r0, [r2, #0]
10003e4a:	4a0f      	ldr	r2, [pc, #60]	; (10003e88 <stdio_uart_set_chars_available_callback+0x80>)
10003e4c:	4628      	mov	r0, r5
10003e4e:	490d      	ldr	r1, [pc, #52]	; (10003e84 <stdio_uart_set_chars_available_callback+0x7c>)
10003e50:	6013      	str	r3, [r2, #0]
10003e52:	f7fc fedd 	bl	10000c10 <irq_set_exclusive_handler>
10003e56:	2101      	movs	r1, #1
10003e58:	4628      	mov	r0, r5
10003e5a:	f7fc fe95 	bl	10000b88 <irq_set_enabled>
10003e5e:	6832      	ldr	r2, [r6, #0]
10003e60:	2150      	movs	r1, #80	; 0x50
10003e62:	4613      	mov	r3, r2
10003e64:	6391      	str	r1, [r2, #56]	; 0x38
10003e66:	f853 2f34 	ldr.w	r2, [r3, #52]!
10003e6a:	f002 0238 	and.w	r2, r2, #56	; 0x38
10003e6e:	f503 5380 	add.w	r3, r3, #4096	; 0x1000
10003e72:	601a      	str	r2, [r3, #0]
10003e74:	bd70      	pop	{r4, r5, r6, pc}
10003e76:	bf00      	nop
10003e78:	2000210c 	.word	0x2000210c
10003e7c:	40078000 	.word	0x40078000
10003e80:	20001c4c 	.word	0x20001c4c
10003e84:	10003dd5 	.word	0x10003dd5
10003e88:	20001c54 	.word	0x20001c54

10003e8c <stdio_uart_init>:
10003e8c:	b510      	push	{r4, lr}
10003e8e:	490e      	ldr	r1, [pc, #56]	; (10003ec8 <stdio_uart_init+0x3c>)
10003e90:	4c0e      	ldr	r4, [pc, #56]	; (10003ecc <stdio_uart_init+0x40>)
10003e92:	480f      	ldr	r0, [pc, #60]	; (10003ed0 <stdio_uart_init+0x44>)
10003e94:	4a0f      	ldr	r2, [pc, #60]	; (10003ed4 <stdio_uart_init+0x48>)
10003e96:	4b10      	ldr	r3, [pc, #64]	; (10003ed8 <stdio_uart_init+0x4c>)
10003e98:	7800      	ldrb	r0, [r0, #0]
10003e9a:	6021      	str	r1, [r4, #0]
10003e9c:	2000      	movs	r0, #0
10003e9e:	2102      	movs	r1, #2
10003ea0:	7812      	ldrb	r2, [r2, #0]
10003ea2:	781b      	ldrb	r3, [r3, #0]
10003ea4:	f7fc fd32 	bl	1000090c <gpio_set_function>
10003ea8:	2102      	movs	r1, #2
10003eaa:	2001      	movs	r0, #1
10003eac:	f7fc fd2e 	bl	1000090c <gpio_set_function>
10003eb0:	f44f 31e1 	mov.w	r1, #115200	; 0x1c200
10003eb4:	6820      	ldr	r0, [r4, #0]
10003eb6:	f7fd fe15 	bl	10001ae4 <uart_init>
10003eba:	e8bd 4010 	ldmia.w	sp!, {r4, lr}
10003ebe:	2101      	movs	r1, #1
10003ec0:	4806      	ldr	r0, [pc, #24]	; (10003edc <stdio_uart_init+0x50>)
10003ec2:	f7ff be39 	b.w	10003b38 <stdio_set_driver_enabled>
10003ec6:	bf00      	nop
10003ec8:	40070000 	.word	0x40070000
10003ecc:	2000210c 	.word	0x2000210c
10003ed0:	100069dc 	.word	0x100069dc
10003ed4:	100069e0 	.word	0x100069e0
10003ed8:	100069e4 	.word	0x100069e4
10003edc:	20001780 	.word	0x20001780

10003ee0 <stdio_usb_set_chars_available_callback>:
10003ee0:	4a02      	ldr	r2, [pc, #8]	; (10003eec <stdio_usb_set_chars_available_callback+0xc>)
10003ee2:	4b03      	ldr	r3, [pc, #12]	; (10003ef0 <stdio_usb_set_chars_available_callback+0x10>)
10003ee4:	6010      	str	r0, [r2, #0]
10003ee6:	6019      	str	r1, [r3, #0]
10003ee8:	4770      	bx	lr
10003eea:	bf00      	nop
10003eec:	20001c50 	.word	0x20001c50
10003ef0:	20001c58 	.word	0x20001c58

10003ef4 <timer_task>:
10003ef4:	4b18      	ldr	r3, [pc, #96]	; (10003f58 <timer_task+0x64>)
10003ef6:	b570      	push	{r4, r5, r6, lr}
10003ef8:	681a      	ldr	r2, [r3, #0]
10003efa:	2a00      	cmp	r2, #0
10003efc:	d028      	beq.n	10003f50 <timer_task+0x5c>
10003efe:	f3ef 8110 	mrs	r1, PRIMASK
10003f02:	b672      	cpsid	i
10003f04:	e8d2 4fcf 	ldaexb	r4, [r2]
10003f08:	2001      	movs	r0, #1
10003f0a:	2c00      	cmp	r4, #0
10003f0c:	d1fa      	bne.n	10003f04 <timer_task+0x10>
10003f0e:	e8c2 0f44 	strexb	r4, r0, [r2]
10003f12:	2c00      	cmp	r4, #0
10003f14:	d1f6      	bne.n	10003f04 <timer_task+0x10>
10003f16:	f3bf 8f5f 	dmb	sy
10003f1a:	2200      	movs	r2, #0
10003f1c:	4c0f      	ldr	r4, [pc, #60]	; (10003f5c <timer_task+0x68>)
10003f1e:	6818      	ldr	r0, [r3, #0]
10003f20:	6059      	str	r1, [r3, #4]
10003f22:	7022      	strb	r2, [r4, #0]
10003f24:	e8c0 2f8f 	stlb	r2, [r0]
10003f28:	f381 8810 	msr	PRIMASK, r1
10003f2c:	2400      	movs	r4, #0
10003f2e:	2500      	movs	r5, #0
10003f30:	4e0b      	ldr	r6, [pc, #44]	; (10003f60 <timer_task+0x6c>)
10003f32:	7830      	ldrb	r0, [r6, #0]
10003f34:	f7fc fe3e 	bl	10000bb4 <irq_is_enabled>
10003f38:	b920      	cbnz	r0, 10003f44 <timer_task+0x50>
10003f3a:	2400      	movs	r4, #0
10003f3c:	2500      	movs	r5, #0
10003f3e:	4620      	mov	r0, r4
10003f40:	4629      	mov	r1, r5
10003f42:	bd70      	pop	{r4, r5, r6, pc}
10003f44:	7830      	ldrb	r0, [r6, #0]
10003f46:	f7fc fe45 	bl	10000bd4 <irq_set_pending>
10003f4a:	4620      	mov	r0, r4
10003f4c:	4629      	mov	r1, r5
10003f4e:	bd70      	pop	{r4, r5, r6, pc}
10003f50:	f44f 747a 	mov.w	r4, #1000	; 0x3e8
10003f54:	2500      	movs	r5, #0
10003f56:	e7eb      	b.n	10003f30 <timer_task+0x3c>
10003f58:	200020cc 	.word	0x200020cc
10003f5c:	20002128 	.word	0x20002128
10003f60:	20002127 	.word	0x20002127

10003f64 <usb_irq>:
10003f64:	4b01      	ldr	r3, [pc, #4]	; (10003f6c <usb_irq+0x8>)
10003f66:	7818      	ldrb	r0, [r3, #0]
10003f68:	f7fc be34 	b.w	10000bd4 <irq_set_pending>
10003f6c:	20002127 	.word	0x20002127

10003f70 <stdio_usb_in_chars>:
10003f70:	b538      	push	{r3, r4, r5, lr}
10003f72:	4604      	mov	r4, r0
10003f74:	2000      	movs	r0, #0
10003f76:	460d      	mov	r5, r1
10003f78:	f001 fb8e 	bl	10005698 <tud_cdc_n_connected>
10003f7c:	b390      	cbz	r0, 10003fe4 <stdio_usb_in_chars+0x74>
10003f7e:	2000      	movs	r0, #0
10003f80:	f001 fba0 	bl	100056c4 <tud_cdc_n_available>
10003f84:	b370      	cbz	r0, 10003fe4 <stdio_usb_in_chars+0x74>
10003f86:	f7fd fd6b 	bl	10001a60 <time_us_64>
10003f8a:	4a18      	ldr	r2, [pc, #96]	; (10003fec <stdio_usb_in_chars+0x7c>)
10003f8c:	1882      	adds	r2, r0, r2
10003f8e:	f141 0300 	adc.w	r3, r1, #0
10003f92:	2b00      	cmp	r3, #0
10003f94:	bfbc      	itt	lt
10003f96:	f04f 32ff 	movlt.w	r2, #4294967295
10003f9a:	f06f 4300 	mvnlt.w	r3, #2147483648	; 0x80000000
10003f9e:	4814      	ldr	r0, [pc, #80]	; (10003ff0 <stdio_usb_in_chars+0x80>)
10003fa0:	f002 fa2e 	bl	10006400 <__mutex_try_enter_block_until_veneer>
10003fa4:	b1f0      	cbz	r0, 10003fe4 <stdio_usb_in_chars+0x74>
10003fa6:	2000      	movs	r0, #0
10003fa8:	f001 fb76 	bl	10005698 <tud_cdc_n_connected>
10003fac:	b958      	cbnz	r0, 10003fc6 <stdio_usb_in_chars+0x56>
10003fae:	2100      	movs	r1, #0
10003fb0:	f04f 30ff 	mov.w	r0, #4294967295
10003fb4:	f000 fd86 	bl	10004ac4 <tud_task_ext>
10003fb8:	f06f 0402 	mvn.w	r4, #2
10003fbc:	480c      	ldr	r0, [pc, #48]	; (10003ff0 <stdio_usb_in_chars+0x80>)
10003fbe:	f002 f9bf 	bl	10006340 <__mutex_exit_veneer>
10003fc2:	4620      	mov	r0, r4
10003fc4:	bd38      	pop	{r3, r4, r5, pc}
10003fc6:	2000      	movs	r0, #0
10003fc8:	f001 fb7c 	bl	100056c4 <tud_cdc_n_available>
10003fcc:	2800      	cmp	r0, #0
10003fce:	d0ee      	beq.n	10003fae <stdio_usb_in_chars+0x3e>
10003fd0:	4621      	mov	r1, r4
10003fd2:	462a      	mov	r2, r5
10003fd4:	2000      	movs	r0, #0
10003fd6:	f001 fb81 	bl	100056dc <tud_cdc_n_read>
10003fda:	1e04      	subs	r4, r0, #0
10003fdc:	bf08      	it	eq
10003fde:	f06f 0402 	mvneq.w	r4, #2
10003fe2:	e7eb      	b.n	10003fbc <stdio_usb_in_chars+0x4c>
10003fe4:	f06f 0402 	mvn.w	r4, #2
10003fe8:	e7eb      	b.n	10003fc2 <stdio_usb_in_chars+0x52>
10003fea:	bf00      	nop
10003fec:	000f4240 	.word	0x000f4240
10003ff0:	20002100 	.word	0x20002100

10003ff4 <stdio_usb_out_flush>:
10003ff4:	b508      	push	{r3, lr}
10003ff6:	f7fd fd33 	bl	10001a60 <time_us_64>
10003ffa:	4a0f      	ldr	r2, [pc, #60]	; (10004038 <stdio_usb_out_flush+0x44>)
10003ffc:	1882      	adds	r2, r0, r2
10003ffe:	f141 0300 	adc.w	r3, r1, #0
10004002:	2b00      	cmp	r3, #0
10004004:	bfbc      	itt	lt
10004006:	f04f 32ff 	movlt.w	r2, #4294967295
1000400a:	f06f 4300 	mvnlt.w	r3, #2147483648	; 0x80000000
1000400e:	480b      	ldr	r0, [pc, #44]	; (1000403c <stdio_usb_out_flush+0x48>)
10004010:	f002 f9f6 	bl	10006400 <__mutex_try_enter_block_until_veneer>
10004014:	b170      	cbz	r0, 10004034 <stdio_usb_out_flush+0x40>
10004016:	f04f 30ff 	mov.w	r0, #4294967295
1000401a:	2100      	movs	r1, #0
1000401c:	f000 fd52 	bl	10004ac4 <tud_task_ext>
10004020:	2000      	movs	r0, #0
10004022:	f001 fba3 	bl	1000576c <tud_cdc_n_write_flush>
10004026:	2800      	cmp	r0, #0
10004028:	d1f5      	bne.n	10004016 <stdio_usb_out_flush+0x22>
1000402a:	e8bd 4008 	ldmia.w	sp!, {r3, lr}
1000402e:	4803      	ldr	r0, [pc, #12]	; (1000403c <stdio_usb_out_flush+0x48>)
10004030:	f002 b986 	b.w	10006340 <__mutex_exit_veneer>
10004034:	bd08      	pop	{r3, pc}
10004036:	bf00      	nop
10004038:	000f4240 	.word	0x000f4240
1000403c:	20002100 	.word	0x20002100

10004040 <stdio_usb_out_chars>:
10004040:	e92d 43f8 	stmdb	sp!, {r3, r4, r5, r6, r7, r8, r9, lr}
10004044:	4607      	mov	r7, r0
10004046:	460e      	mov	r6, r1
10004048:	f7fd fd0a 	bl	10001a60 <time_us_64>
1000404c:	4a34      	ldr	r2, [pc, #208]	; (10004120 <stdio_usb_out_chars+0xe0>)
1000404e:	1882      	adds	r2, r0, r2
10004050:	f141 0300 	adc.w	r3, r1, #0
10004054:	2b00      	cmp	r3, #0
10004056:	bfbc      	itt	lt
10004058:	f04f 32ff 	movlt.w	r2, #4294967295
1000405c:	f06f 4300 	mvnlt.w	r3, #2147483648	; 0x80000000
10004060:	4830      	ldr	r0, [pc, #192]	; (10004124 <stdio_usb_out_chars+0xe4>)
10004062:	f002 f9cd 	bl	10006400 <__mutex_try_enter_block_until_veneer>
10004066:	b908      	cbnz	r0, 1000406c <stdio_usb_out_chars+0x2c>
10004068:	e8bd 83f8 	ldmia.w	sp!, {r3, r4, r5, r6, r7, r8, r9, pc}
1000406c:	2000      	movs	r0, #0
1000406e:	f001 fb13 	bl	10005698 <tud_cdc_n_connected>
10004072:	2800      	cmp	r0, #0
10004074:	d049      	beq.n	1000410a <stdio_usb_out_chars+0xca>
10004076:	2e00      	cmp	r6, #0
10004078:	dd42      	ble.n	10004100 <stdio_usb_out_chars+0xc0>
1000407a:	2500      	movs	r5, #0
1000407c:	f8df 80a8 	ldr.w	r8, [pc, #168]	; 10004128 <stdio_usb_out_chars+0xe8>
10004080:	f8df 90a8 	ldr.w	r9, [pc, #168]	; 1000412c <stdio_usb_out_chars+0xec>
10004084:	e013      	b.n	100040ae <stdio_usb_out_chars+0x6e>
10004086:	4622      	mov	r2, r4
10004088:	2000      	movs	r0, #0
1000408a:	f001 fbb3 	bl	100057f4 <tud_cdc_n_write>
1000408e:	2100      	movs	r1, #0
10004090:	4604      	mov	r4, r0
10004092:	f04f 30ff 	mov.w	r0, #4294967295
10004096:	f000 fd15 	bl	10004ac4 <tud_task_ext>
1000409a:	2000      	movs	r0, #0
1000409c:	f001 fb66 	bl	1000576c <tud_cdc_n_write_flush>
100040a0:	f7fd fcde 	bl	10001a60 <time_us_64>
100040a4:	e9c8 0100 	strd	r0, r1, [r8]
100040a8:	4425      	add	r5, r4
100040aa:	42ae      	cmp	r6, r5
100040ac:	dd28      	ble.n	10004100 <stdio_usb_out_chars+0xc0>
100040ae:	2000      	movs	r0, #0
100040b0:	f001 fbc4 	bl	1000583c <tud_cdc_n_write_available>
100040b4:	1b74      	subs	r4, r6, r5
100040b6:	4284      	cmp	r4, r0
100040b8:	bfa8      	it	ge
100040ba:	4604      	movge	r4, r0
100040bc:	1979      	adds	r1, r7, r5
100040be:	2c00      	cmp	r4, #0
100040c0:	d1e1      	bne.n	10004086 <stdio_usb_out_chars+0x46>
100040c2:	4621      	mov	r1, r4
100040c4:	f04f 30ff 	mov.w	r0, #4294967295
100040c8:	f000 fcfc 	bl	10004ac4 <tud_task_ext>
100040cc:	4620      	mov	r0, r4
100040ce:	f001 fb4d 	bl	1000576c <tud_cdc_n_write_flush>
100040d2:	4620      	mov	r0, r4
100040d4:	f001 fae0 	bl	10005698 <tud_cdc_n_connected>
100040d8:	b190      	cbz	r0, 10004100 <stdio_usb_out_chars+0xc0>
100040da:	4620      	mov	r0, r4
100040dc:	f001 fbae 	bl	1000583c <tud_cdc_n_write_available>
100040e0:	2800      	cmp	r0, #0
100040e2:	d1e2      	bne.n	100040aa <stdio_usb_out_chars+0x6a>
100040e4:	f7fd fcbc 	bl	10001a60 <time_us_64>
100040e8:	f8d8 3000 	ldr.w	r3, [r8]
100040ec:	f8d8 2004 	ldr.w	r2, [r8, #4]
100040f0:	eb13 0309 	adds.w	r3, r3, r9
100040f4:	f142 0200 	adc.w	r2, r2, #0
100040f8:	4283      	cmp	r3, r0
100040fa:	eb72 0301 	sbcs.w	r3, r2, r1
100040fe:	d2d4      	bcs.n	100040aa <stdio_usb_out_chars+0x6a>
10004100:	4808      	ldr	r0, [pc, #32]	; (10004124 <stdio_usb_out_chars+0xe4>)
10004102:	e8bd 43f8 	ldmia.w	sp!, {r3, r4, r5, r6, r7, r8, r9, lr}
10004106:	f002 b91b 	b.w	10006340 <__mutex_exit_veneer>
1000410a:	2000      	movs	r0, #0
1000410c:	2100      	movs	r1, #0
1000410e:	4b06      	ldr	r3, [pc, #24]	; (10004128 <stdio_usb_out_chars+0xe8>)
10004110:	e9c3 0100 	strd	r0, r1, [r3]
10004114:	e8bd 43f8 	ldmia.w	sp!, {r3, r4, r5, r6, r7, r8, r9, lr}
10004118:	4802      	ldr	r0, [pc, #8]	; (10004124 <stdio_usb_out_chars+0xe4>)
1000411a:	f002 b911 	b.w	10006340 <__mutex_exit_veneer>
1000411e:	bf00      	nop
10004120:	000f4240 	.word	0x000f4240
10004124:	20002100 	.word	0x20002100
10004128:	20001958 	.word	0x20001958
1000412c:	0007a120 	.word	0x0007a120

10004130 <low_priority_worker_irq>:
10004130:	b530      	push	{r4, r5, lr}
10004132:	2100      	movs	r1, #0
10004134:	b085      	sub	sp, #20
10004136:	482a      	ldr	r0, [pc, #168]	; (100041e0 <low_priority_worker_irq+0xb0>)
10004138:	f002 f92a 	bl	10006390 <__mutex_try_enter_veneer>
1000413c:	b9f0      	cbnz	r0, 1000417c <low_priority_worker_irq+0x4c>
1000413e:	4b29      	ldr	r3, [pc, #164]	; (100041e4 <low_priority_worker_irq+0xb4>)
10004140:	681a      	ldr	r2, [r3, #0]
10004142:	b1ca      	cbz	r2, 10004178 <low_priority_worker_irq+0x48>
10004144:	f3ef 8110 	mrs	r1, PRIMASK
10004148:	b672      	cpsid	i
1000414a:	e8d2 5fcf 	ldaexb	r5, [r2]
1000414e:	2401      	movs	r4, #1
10004150:	2d00      	cmp	r5, #0
10004152:	d1fa      	bne.n	1000414a <low_priority_worker_irq+0x1a>
10004154:	e8c2 4f45 	strexb	r5, r4, [r2]
10004158:	2d00      	cmp	r5, #0
1000415a:	d1f6      	bne.n	1000414a <low_priority_worker_irq+0x1a>
1000415c:	f3bf 8f5f 	dmb	sy
10004160:	4c21      	ldr	r4, [pc, #132]	; (100041e8 <low_priority_worker_irq+0xb8>)
10004162:	681d      	ldr	r5, [r3, #0]
10004164:	7822      	ldrb	r2, [r4, #0]
10004166:	6059      	str	r1, [r3, #4]
10004168:	b2d3      	uxtb	r3, r2
1000416a:	2201      	movs	r2, #1
1000416c:	7022      	strb	r2, [r4, #0]
1000416e:	e8c5 0f8f 	stlb	r0, [r5]
10004172:	f381 8810 	msr	PRIMASK, r1
10004176:	b1cb      	cbz	r3, 100041ac <low_priority_worker_irq+0x7c>
10004178:	b005      	add	sp, #20
1000417a:	bd30      	pop	{r4, r5, pc}
1000417c:	2100      	movs	r1, #0
1000417e:	f04f 30ff 	mov.w	r0, #4294967295
10004182:	f000 fc9f 	bl	10004ac4 <tud_task_ext>
10004186:	2000      	movs	r0, #0
10004188:	f001 fa9c 	bl	100056c4 <tud_cdc_n_available>
1000418c:	4604      	mov	r4, r0
1000418e:	4814      	ldr	r0, [pc, #80]	; (100041e0 <low_priority_worker_irq+0xb0>)
10004190:	f002 f8d6 	bl	10006340 <__mutex_exit_veneer>
10004194:	2c00      	cmp	r4, #0
10004196:	d0ef      	beq.n	10004178 <low_priority_worker_irq+0x48>
10004198:	4b14      	ldr	r3, [pc, #80]	; (100041ec <low_priority_worker_irq+0xbc>)
1000419a:	681b      	ldr	r3, [r3, #0]
1000419c:	2b00      	cmp	r3, #0
1000419e:	d0eb      	beq.n	10004178 <low_priority_worker_irq+0x48>
100041a0:	4a13      	ldr	r2, [pc, #76]	; (100041f0 <low_priority_worker_irq+0xc0>)
100041a2:	6810      	ldr	r0, [r2, #0]
100041a4:	b005      	add	sp, #20
100041a6:	e8bd 4030 	ldmia.w	sp!, {r4, r5, lr}
100041aa:	4718      	bx	r3
100041ac:	f7fd fa34 	bl	10001618 <alarm_pool_get_default>
100041b0:	4604      	mov	r4, r0
100041b2:	f7fd fc55 	bl	10001a60 <time_us_64>
100041b6:	f510 727a 	adds.w	r2, r0, #1000	; 0x3e8
100041ba:	f141 0300 	adc.w	r3, r1, #0
100041be:	2501      	movs	r5, #1
100041c0:	2100      	movs	r1, #0
100041c2:	4620      	mov	r0, r4
100041c4:	4c0b      	ldr	r4, [pc, #44]	; (100041f4 <low_priority_worker_irq+0xc4>)
100041c6:	2b00      	cmp	r3, #0
100041c8:	bfbc      	itt	lt
100041ca:	f04f 32ff 	movlt.w	r2, #4294967295
100041ce:	f06f 4300 	mvnlt.w	r3, #2147483648	; 0x80000000
100041d2:	e9cd 1501 	strd	r1, r5, [sp, #4]
100041d6:	9400      	str	r4, [sp, #0]
100041d8:	f7fd fa22 	bl	10001620 <alarm_pool_add_alarm_at>
100041dc:	b005      	add	sp, #20
100041de:	bd30      	pop	{r4, r5, pc}
100041e0:	20002100 	.word	0x20002100
100041e4:	200020cc 	.word	0x200020cc
100041e8:	20002128 	.word	0x20002128
100041ec:	20001c50 	.word	0x20001c50
100041f0:	20001c58 	.word	0x20001c58
100041f4:	10003ef5 	.word	0x10003ef5

100041f8 <stdio_usb_init>:
100041f8:	f04f 4350 	mov.w	r3, #3489660928	; 0xd0000000
100041fc:	b530      	push	{r4, r5, lr}
100041fe:	b085      	sub	sp, #20
10004200:	681c      	ldr	r4, [r3, #0]
10004202:	f7fd fa09 	bl	10001618 <alarm_pool_get_default>
10004206:	f7fd fb1b 	bl	10001840 <alarm_pool_core_num>
1000420a:	42a0      	cmp	r0, r4
1000420c:	d002      	beq.n	10004214 <stdio_usb_init+0x1c>
1000420e:	2000      	movs	r0, #0
10004210:	b005      	add	sp, #20
10004212:	bd30      	pop	{r4, r5, pc}
10004214:	2100      	movs	r1, #0
10004216:	4b27      	ldr	r3, [pc, #156]	; (100042b4 <stdio_usb_init+0xbc>)
10004218:	4608      	mov	r0, r1
1000421a:	781b      	ldrb	r3, [r3, #0]
1000421c:	f001 fcca 	bl	10005bb4 <tusb_rhport_init>
10004220:	4825      	ldr	r0, [pc, #148]	; (100042b8 <stdio_usb_init+0xc0>)
10004222:	6803      	ldr	r3, [r0, #0]
10004224:	2b00      	cmp	r3, #0
10004226:	d042      	beq.n	100042ae <stdio_usb_init+0xb6>
10004228:	2001      	movs	r0, #1
1000422a:	f7fc ff65 	bl	100010f8 <user_irq_claim_unused>
1000422e:	4603      	mov	r3, r0
10004230:	4c22      	ldr	r4, [pc, #136]	; (100042bc <stdio_usb_init+0xc4>)
10004232:	4923      	ldr	r1, [pc, #140]	; (100042c0 <stdio_usb_init+0xc8>)
10004234:	b2c0      	uxtb	r0, r0
10004236:	7023      	strb	r3, [r4, #0]
10004238:	f7fc fcea 	bl	10000c10 <irq_set_exclusive_handler>
1000423c:	7820      	ldrb	r0, [r4, #0]
1000423e:	2101      	movs	r1, #1
10004240:	f7fc fca2 	bl	10000b88 <irq_set_enabled>
10004244:	200e      	movs	r0, #14
10004246:	f7fc fcd3 	bl	10000bf0 <irq_has_shared_handler>
1000424a:	bb18      	cbnz	r0, 10004294 <stdio_usb_init+0x9c>
1000424c:	4b1d      	ldr	r3, [pc, #116]	; (100042c4 <stdio_usb_init+0xcc>)
1000424e:	2501      	movs	r5, #1
10004250:	e9c3 0000 	strd	r0, r0, [r3]
10004254:	f7fd f9e0 	bl	10001618 <alarm_pool_get_default>
10004258:	4604      	mov	r4, r0
1000425a:	f7fd fc01 	bl	10001a60 <time_us_64>
1000425e:	f510 727a 	adds.w	r2, r0, #1000	; 0x3e8
10004262:	f141 0300 	adc.w	r3, r1, #0
10004266:	2100      	movs	r1, #0
10004268:	4620      	mov	r0, r4
1000426a:	4c17      	ldr	r4, [pc, #92]	; (100042c8 <stdio_usb_init+0xd0>)
1000426c:	2b00      	cmp	r3, #0
1000426e:	bfbc      	itt	lt
10004270:	f04f 32ff 	movlt.w	r2, #4294967295
10004274:	f06f 4300 	mvnlt.w	r3, #2147483648	; 0x80000000
10004278:	e9cd 1501 	strd	r1, r5, [sp, #4]
1000427c:	9400      	str	r4, [sp, #0]
1000427e:	f7fd f9cf 	bl	10001620 <alarm_pool_add_alarm_at>
10004282:	2800      	cmp	r0, #0
10004284:	dbc3      	blt.n	1000420e <stdio_usb_init+0x16>
10004286:	2101      	movs	r1, #1
10004288:	4810      	ldr	r0, [pc, #64]	; (100042cc <stdio_usb_init+0xd4>)
1000428a:	f7ff fc55 	bl	10003b38 <stdio_set_driver_enabled>
1000428e:	2001      	movs	r0, #1
10004290:	b005      	add	sp, #20
10004292:	bd30      	pop	{r4, r5, pc}
10004294:	2001      	movs	r0, #1
10004296:	f7fc fc33 	bl	10000b00 <spin_lock_claim_unused>
1000429a:	4601      	mov	r1, r0
1000429c:	4809      	ldr	r0, [pc, #36]	; (100042c4 <stdio_usb_init+0xcc>)
1000429e:	f7fc ff8b 	bl	100011b8 <critical_section_init_with_lock_num>
100042a2:	2200      	movs	r2, #0
100042a4:	200e      	movs	r0, #14
100042a6:	490a      	ldr	r1, [pc, #40]	; (100042d0 <stdio_usb_init+0xd8>)
100042a8:	f7fc fce0 	bl	10000c6c <irq_add_shared_handler>
100042ac:	e7eb      	b.n	10004286 <stdio_usb_init+0x8e>
100042ae:	f7fc ff67 	bl	10001180 <mutex_init>
100042b2:	e7b9      	b.n	10004228 <stdio_usb_init+0x30>
100042b4:	100069e8 	.word	0x100069e8
100042b8:	20002100 	.word	0x20002100
100042bc:	20002127 	.word	0x20002127
100042c0:	10004131 	.word	0x10004131
100042c4:	200020cc 	.word	0x200020cc
100042c8:	10003ef5 	.word	0x10003ef5
100042cc:	20001798 	.word	0x20001798
100042d0:	10003f65 	.word	0x10003f65

100042d4 <tud_descriptor_device_cb>:
100042d4:	4800      	ldr	r0, [pc, #0]	; (100042d8 <tud_descriptor_device_cb+0x4>)
100042d6:	4770      	bx	lr
100042d8:	10006824 	.word	0x10006824

100042dc <tud_descriptor_configuration_cb>:
100042dc:	4800      	ldr	r0, [pc, #0]	; (100042e0 <tud_descriptor_configuration_cb+0x4>)
100042de:	4770      	bx	lr
100042e0:	100067d0 	.word	0x100067d0

100042e4 <tud_descriptor_string_cb>:
100042e4:	b538      	push	{r3, r4, r5, lr}
100042e6:	4b1a      	ldr	r3, [pc, #104]	; (10004350 <tud_descriptor_string_cb+0x6c>)
100042e8:	4604      	mov	r4, r0
100042ea:	781a      	ldrb	r2, [r3, #0]
100042ec:	b32a      	cbz	r2, 1000433a <tud_descriptor_string_cb+0x56>
100042ee:	b944      	cbnz	r4, 10004302 <tud_descriptor_string_cb+0x1e>
100042f0:	f240 4209 	movw	r2, #1033	; 0x409
100042f4:	f44f 7341 	mov.w	r3, #772	; 0x304
100042f8:	4d16      	ldr	r5, [pc, #88]	; (10004354 <tud_descriptor_string_cb+0x70>)
100042fa:	806a      	strh	r2, [r5, #2]
100042fc:	4815      	ldr	r0, [pc, #84]	; (10004354 <tud_descriptor_string_cb+0x70>)
100042fe:	802b      	strh	r3, [r5, #0]
10004300:	bd38      	pop	{r3, r4, r5, pc}
10004302:	2c05      	cmp	r4, #5
10004304:	d821      	bhi.n	1000434a <tud_descriptor_string_cb+0x66>
10004306:	4b14      	ldr	r3, [pc, #80]	; (10004358 <tud_descriptor_string_cb+0x74>)
10004308:	4d12      	ldr	r5, [pc, #72]	; (10004354 <tud_descriptor_string_cb+0x70>)
1000430a:	f853 1024 	ldr.w	r1, [r3, r4, lsl #2]
1000430e:	4628      	mov	r0, r5
10004310:	2300      	movs	r3, #0
10004312:	3901      	subs	r1, #1
10004314:	e003      	b.n	1000431e <tud_descriptor_string_cb+0x3a>
10004316:	2b13      	cmp	r3, #19
10004318:	f820 2f02 	strh.w	r2, [r0, #2]!
1000431c:	d012      	beq.n	10004344 <tud_descriptor_string_cb+0x60>
1000431e:	f811 2f01 	ldrb.w	r2, [r1, #1]!
10004322:	fa5f fc83 	uxtb.w	ip, r3
10004326:	3301      	adds	r3, #1
10004328:	2a00      	cmp	r2, #0
1000432a:	d1f4      	bne.n	10004316 <tud_descriptor_string_cb+0x32>
1000432c:	f10c 0301 	add.w	r3, ip, #1
10004330:	b2db      	uxtb	r3, r3
10004332:	005b      	lsls	r3, r3, #1
10004334:	f443 7340 	orr.w	r3, r3, #768	; 0x300
10004338:	e7e0      	b.n	100042fc <tud_descriptor_string_cb+0x18>
1000433a:	2111      	movs	r1, #17
1000433c:	4618      	mov	r0, r3
1000433e:	f000 f825 	bl	1000438c <pico_get_unique_board_id_string>
10004342:	e7d4      	b.n	100042ee <tud_descriptor_string_cb+0xa>
10004344:	f44f 734a 	mov.w	r3, #808	; 0x328
10004348:	e7d8      	b.n	100042fc <tud_descriptor_string_cb+0x18>
1000434a:	2000      	movs	r0, #0
1000434c:	bd38      	pop	{r3, r4, r5, pc}
1000434e:	bf00      	nop
10004350:	20002110 	.word	0x20002110
10004354:	20001c8c 	.word	0x20001c8c
10004358:	10006838 	.word	0x10006838

1000435c <_retrieve_unique_id_on_boot>:
1000435c:	b500      	push	{lr}
1000435e:	f245 3047 	movw	r0, #21319	; 0x5347
10004362:	b08b      	sub	sp, #44	; 0x2c
10004364:	f7fd fd6c 	bl	10001e40 <rom_func_lookup>
10004368:	2201      	movs	r2, #1
1000436a:	4603      	mov	r3, r0
1000436c:	2109      	movs	r1, #9
1000436e:	a801      	add	r0, sp, #4
10004370:	4798      	blx	r3
10004372:	e9dd 3203 	ldrd	r3, r2, [sp, #12]
10004376:	4904      	ldr	r1, [pc, #16]	; (10004388 <_retrieve_unique_id_on_boot+0x2c>)
10004378:	ba12      	rev	r2, r2
1000437a:	ba1b      	rev	r3, r3
1000437c:	e9c1 2300 	strd	r2, r3, [r1]
10004380:	b00b      	add	sp, #44	; 0x2c
10004382:	f85d fb04 	ldr.w	pc, [sp], #4
10004386:	bf00      	nop
10004388:	200020f4 	.word	0x200020f4

1000438c <pico_get_unique_board_id_string>:
1000438c:	3901      	subs	r1, #1
1000438e:	f000 80b3 	beq.w	100044f8 <pico_get_unique_board_id_string+0x16c>
10004392:	4a5d      	ldr	r2, [pc, #372]	; (10004508 <pico_get_unique_board_id_string+0x17c>)
10004394:	7813      	ldrb	r3, [r2, #0]
10004396:	ea4f 1c23 	mov.w	ip, r3, asr #4
1000439a:	2b9f      	cmp	r3, #159	; 0x9f
1000439c:	bf8c      	ite	hi
1000439e:	f10c 0c37 	addhi.w	ip, ip, #55	; 0x37
100043a2:	f10c 0c30 	addls.w	ip, ip, #48	; 0x30
100043a6:	2901      	cmp	r1, #1
100043a8:	f880 c000 	strb.w	ip, [r0]
100043ac:	f000 80a7 	beq.w	100044fe <pico_get_unique_board_id_string+0x172>
100043b0:	f003 030f 	and.w	r3, r3, #15
100043b4:	2b09      	cmp	r3, #9
100043b6:	bfcc      	ite	gt
100043b8:	3337      	addgt	r3, #55	; 0x37
100043ba:	3330      	addle	r3, #48	; 0x30
100043bc:	2902      	cmp	r1, #2
100043be:	7043      	strb	r3, [r0, #1]
100043c0:	f000 809d 	beq.w	100044fe <pico_get_unique_board_id_string+0x172>
100043c4:	7853      	ldrb	r3, [r2, #1]
100043c6:	ea4f 1c23 	mov.w	ip, r3, asr #4
100043ca:	2b9f      	cmp	r3, #159	; 0x9f
100043cc:	bf8c      	ite	hi
100043ce:	f10c 0c37 	addhi.w	ip, ip, #55	; 0x37
100043d2:	f10c 0c30 	addls.w	ip, ip, #48	; 0x30
100043d6:	2903      	cmp	r1, #3
100043d8:	f880 c002 	strb.w	ip, [r0, #2]
100043dc:	f000 808f 	beq.w	100044fe <pico_get_unique_board_id_string+0x172>
100043e0:	f003 030f 	and.w	r3, r3, #15
100043e4:	2b09      	cmp	r3, #9
100043e6:	bfcc      	ite	gt
100043e8:	3337      	addgt	r3, #55	; 0x37
100043ea:	3330      	addle	r3, #48	; 0x30
100043ec:	2904      	cmp	r1, #4
100043ee:	70c3      	strb	r3, [r0, #3]
100043f0:	f000 8085 	beq.w	100044fe <pico_get_unique_board_id_string+0x172>
100043f4:	7893      	ldrb	r3, [r2, #2]
100043f6:	ea4f 1c23 	mov.w	ip, r3, asr #4
100043fa:	2b9f      	cmp	r3, #159	; 0x9f
100043fc:	bf8c      	ite	hi
100043fe:	f10c 0c37 	addhi.w	ip, ip, #55	; 0x37
10004402:	f10c 0c30 	addls.w	ip, ip, #48	; 0x30
10004406:	2905      	cmp	r1, #5
10004408:	f880 c004 	strb.w	ip, [r0, #4]
1000440c:	d077      	beq.n	100044fe <pico_get_unique_board_id_string+0x172>
1000440e:	f003 030f 	and.w	r3, r3, #15
10004412:	2b09      	cmp	r3, #9
10004414:	bfcc      	ite	gt
10004416:	3337      	addgt	r3, #55	; 0x37
10004418:	3330      	addle	r3, #48	; 0x30
1000441a:	2906      	cmp	r1, #6
1000441c:	7143      	strb	r3, [r0, #5]
1000441e:	d06e      	beq.n	100044fe <pico_get_unique_board_id_string+0x172>
10004420:	78d3      	ldrb	r3, [r2, #3]
10004422:	ea4f 1c23 	mov.w	ip, r3, asr #4
10004426:	2b9f      	cmp	r3, #159	; 0x9f
10004428:	bf8c      	ite	hi
1000442a:	f10c 0c37 	addhi.w	ip, ip, #55	; 0x37
1000442e:	f10c 0c30 	addls.w	ip, ip, #48	; 0x30
10004432:	2907      	cmp	r1, #7
10004434:	f880 c006 	strb.w	ip, [r0, #6]
10004438:	d061      	beq.n	100044fe <pico_get_unique_board_id_string+0x172>
1000443a:	f003 030f 	and.w	r3, r3, #15
1000443e:	2b09      	cmp	r3, #9
10004440:	bfcc      	ite	gt
10004442:	3337      	addgt	r3, #55	; 0x37
10004444:	3330      	addle	r3, #48	; 0x30
10004446:	2908      	cmp	r1, #8
10004448:	71c3      	strb	r3, [r0, #7]
1000444a:	d058      	beq.n	100044fe <pico_get_unique_board_id_string+0x172>
1000444c:	7913      	ldrb	r3, [r2, #4]
1000444e:	ea4f 1c23 	mov.w	ip, r3, asr #4
10004452:	2b9f      	cmp	r3, #159	; 0x9f
10004454:	bf8c      	ite	hi
10004456:	f10c 0c37 	addhi.w	ip, ip, #55	; 0x37
1000445a:	f10c 0c30 	addls.w	ip, ip, #48	; 0x30
1000445e:	2909      	cmp	r1, #9
10004460:	f880 c008 	strb.w	ip, [r0, #8]
10004464:	d04b      	beq.n	100044fe <pico_get_unique_board_id_string+0x172>
10004466:	f003 030f 	and.w	r3, r3, #15
1000446a:	2b09      	cmp	r3, #9
1000446c:	bfcc      	ite	gt
1000446e:	3337      	addgt	r3, #55	; 0x37
10004470:	3330      	addle	r3, #48	; 0x30
10004472:	290a      	cmp	r1, #10
10004474:	7243      	strb	r3, [r0, #9]
10004476:	d042      	beq.n	100044fe <pico_get_unique_board_id_string+0x172>
10004478:	7953      	ldrb	r3, [r2, #5]
1000447a:	ea4f 1c23 	mov.w	ip, r3, asr #4
1000447e:	2b9f      	cmp	r3, #159	; 0x9f
10004480:	bf8c      	ite	hi
10004482:	f10c 0c37 	addhi.w	ip, ip, #55	; 0x37
10004486:	f10c 0c30 	addls.w	ip, ip, #48	; 0x30
1000448a:	290b      	cmp	r1, #11
1000448c:	f880 c00a 	strb.w	ip, [r0, #10]
10004490:	d035      	beq.n	100044fe <pico_get_unique_board_id_string+0x172>
10004492:	f003 030f 	and.w	r3, r3, #15
10004496:	2b09      	cmp	r3, #9
10004498:	bfcc      	ite	gt
1000449a:	3337      	addgt	r3, #55	; 0x37
1000449c:	3330      	addle	r3, #48	; 0x30
1000449e:	290c      	cmp	r1, #12
100044a0:	72c3      	strb	r3, [r0, #11]
100044a2:	d02c      	beq.n	100044fe <pico_get_unique_board_id_string+0x172>
100044a4:	7993      	ldrb	r3, [r2, #6]
100044a6:	ea4f 1c23 	mov.w	ip, r3, asr #4
100044aa:	2b9f      	cmp	r3, #159	; 0x9f
100044ac:	bf8c      	ite	hi
100044ae:	f10c 0c37 	addhi.w	ip, ip, #55	; 0x37
100044b2:	f10c 0c30 	addls.w	ip, ip, #48	; 0x30
100044b6:	290d      	cmp	r1, #13
100044b8:	f880 c00c 	strb.w	ip, [r0, #12]
100044bc:	d01f      	beq.n	100044fe <pico_get_unique_board_id_string+0x172>
100044be:	f003 030f 	and.w	r3, r3, #15
100044c2:	2b09      	cmp	r3, #9
100044c4:	bfcc      	ite	gt
100044c6:	3337      	addgt	r3, #55	; 0x37
100044c8:	3330      	addle	r3, #48	; 0x30
100044ca:	290e      	cmp	r1, #14
100044cc:	7343      	strb	r3, [r0, #13]
100044ce:	d016      	beq.n	100044fe <pico_get_unique_board_id_string+0x172>
100044d0:	79d3      	ldrb	r3, [r2, #7]
100044d2:	111a      	asrs	r2, r3, #4
100044d4:	2b9f      	cmp	r3, #159	; 0x9f
100044d6:	bf8c      	ite	hi
100044d8:	3237      	addhi	r2, #55	; 0x37
100044da:	3230      	addls	r2, #48	; 0x30
100044dc:	290f      	cmp	r1, #15
100044de:	7382      	strb	r2, [r0, #14]
100044e0:	d00d      	beq.n	100044fe <pico_get_unique_board_id_string+0x172>
100044e2:	f003 030f 	and.w	r3, r3, #15
100044e6:	2b09      	cmp	r3, #9
100044e8:	bfd4      	ite	le
100044ea:	3330      	addle	r3, #48	; 0x30
100044ec:	3337      	addgt	r3, #55	; 0x37
100044ee:	2910      	cmp	r1, #16
100044f0:	73c3      	strb	r3, [r0, #15]
100044f2:	bf18      	it	ne
100044f4:	3010      	addne	r0, #16
100044f6:	d002      	beq.n	100044fe <pico_get_unique_board_id_string+0x172>
100044f8:	2300      	movs	r3, #0
100044fa:	7003      	strb	r3, [r0, #0]
100044fc:	4770      	bx	lr
100044fe:	2300      	movs	r3, #0
10004500:	4408      	add	r0, r1
10004502:	7003      	strb	r3, [r0, #0]
10004504:	4770      	bx	lr
10004506:	bf00      	nop
10004508:	200020f4 	.word	0x200020f4

1000450c <usb_reset_interface_init>:
1000450c:	4770      	bx	lr
1000450e:	bf00      	nop

10004510 <usb_reset_interface_reset>:
10004510:	2200      	movs	r2, #0
10004512:	4b01      	ldr	r3, [pc, #4]	; (10004518 <usb_reset_interface_reset+0x8>)
10004514:	701a      	strb	r2, [r3, #0]
10004516:	4770      	bx	lr
10004518:	20002125 	.word	0x20002125

1000451c <usb_reset_interface_open>:
1000451c:	794b      	ldrb	r3, [r1, #5]
1000451e:	2bff      	cmp	r3, #255	; 0xff
10004520:	d10b      	bne.n	1000453a <usb_reset_interface_open+0x1e>
10004522:	7988      	ldrb	r0, [r1, #6]
10004524:	b948      	cbnz	r0, 1000453a <usb_reset_interface_open+0x1e>
10004526:	79cb      	ldrb	r3, [r1, #7]
10004528:	2b01      	cmp	r3, #1
1000452a:	d107      	bne.n	1000453c <usb_reset_interface_open+0x20>
1000452c:	2a08      	cmp	r2, #8
1000452e:	d905      	bls.n	1000453c <usb_reset_interface_open+0x20>
10004530:	4b03      	ldr	r3, [pc, #12]	; (10004540 <usb_reset_interface_open+0x24>)
10004532:	788a      	ldrb	r2, [r1, #2]
10004534:	2009      	movs	r0, #9
10004536:	701a      	strb	r2, [r3, #0]
10004538:	4770      	bx	lr
1000453a:	2000      	movs	r0, #0
1000453c:	4770      	bx	lr
1000453e:	bf00      	nop
10004540:	20002125 	.word	0x20002125

10004544 <usb_reset_interface_xfer_cb>:
10004544:	2001      	movs	r0, #1
10004546:	4770      	bx	lr

10004548 <usb_reset_interface_control_xfer_cb>:
10004548:	2901      	cmp	r1, #1
1000454a:	d108      	bne.n	1000455e <usb_reset_interface_control_xfer_cb+0x16>
1000454c:	b510      	push	{r4, lr}
1000454e:	4b11      	ldr	r3, [pc, #68]	; (10004594 <usb_reset_interface_control_xfer_cb+0x4c>)
10004550:	460c      	mov	r4, r1
10004552:	781b      	ldrb	r3, [r3, #0]
10004554:	8891      	ldrh	r1, [r2, #4]
10004556:	4299      	cmp	r1, r3
10004558:	d003      	beq.n	10004562 <usb_reset_interface_control_xfer_cb+0x1a>
1000455a:	2000      	movs	r0, #0
1000455c:	bd10      	pop	{r4, pc}
1000455e:	2001      	movs	r0, #1
10004560:	4770      	bx	lr
10004562:	7853      	ldrb	r3, [r2, #1]
10004564:	2b01      	cmp	r3, #1
10004566:	d008      	beq.n	1000457a <usb_reset_interface_control_xfer_cb+0x32>
10004568:	2b02      	cmp	r3, #2
1000456a:	d1f6      	bne.n	1000455a <usb_reset_interface_control_xfer_cb+0x12>
1000456c:	2100      	movs	r1, #0
1000456e:	2264      	movs	r2, #100	; 0x64
10004570:	4608      	mov	r0, r1
10004572:	f7fd fbed 	bl	10001d50 <watchdog_reboot>
10004576:	4620      	mov	r0, r4
10004578:	bd10      	pop	{r4, pc}
1000457a:	8851      	ldrh	r1, [r2, #2]
1000457c:	f411 7280 	ands.w	r2, r1, #256	; 0x100
10004580:	bf1a      	itte	ne
10004582:	f3c1 12c0 	ubfxne	r2, r1, #7, #1
10004586:	0a48      	lsrne	r0, r1, #9
10004588:	f04f 30ff 	moveq.w	r0, #4294967295
1000458c:	f001 0103 	and.w	r1, r1, #3
10004590:	f7fd fc62 	bl	10001e58 <rom_reset_usb_boot_extra>
10004594:	20002125 	.word	0x20002125

10004598 <tud_descriptor_bos_cb>:
10004598:	4800      	ldr	r0, [pc, #0]	; (1000459c <tud_descriptor_bos_cb+0x4>)
1000459a:	4770      	bx	lr
1000459c:	10006850 	.word	0x10006850

100045a0 <tud_vendor_control_xfer_cb>:
100045a0:	2901      	cmp	r1, #1
100045a2:	d107      	bne.n	100045b4 <tud_vendor_control_xfer_cb+0x14>
100045a4:	7853      	ldrb	r3, [r2, #1]
100045a6:	2b01      	cmp	r3, #1
100045a8:	d102      	bne.n	100045b0 <tud_vendor_control_xfer_cb+0x10>
100045aa:	8893      	ldrh	r3, [r2, #4]
100045ac:	2b07      	cmp	r3, #7
100045ae:	d003      	beq.n	100045b8 <tud_vendor_control_xfer_cb+0x18>
100045b0:	2000      	movs	r0, #0
100045b2:	4770      	bx	lr
100045b4:	2001      	movs	r0, #1
100045b6:	4770      	bx	lr
100045b8:	4611      	mov	r1, r2
100045ba:	23a6      	movs	r3, #166	; 0xa6
100045bc:	4a01      	ldr	r2, [pc, #4]	; (100045c4 <tud_vendor_control_xfer_cb+0x24>)
100045be:	f000 bf23 	b.w	10005408 <tud_control_xfer>
100045c2:	bf00      	nop
100045c4:	10006874 	.word	0x10006874

100045c8 <usbd_app_driver_get_cb>:
100045c8:	4603      	mov	r3, r0
100045ca:	2201      	movs	r2, #1
100045cc:	4801      	ldr	r0, [pc, #4]	; (100045d4 <usbd_app_driver_get_cb+0xc>)
100045ce:	701a      	strb	r2, [r3, #0]
100045d0:	4770      	bx	lr
100045d2:	bf00      	nop
100045d4:	1000691c 	.word	0x1000691c

100045d8 <tud_cdc_line_coding_cb>:
100045d8:	b508      	push	{r3, lr}
100045da:	680b      	ldr	r3, [r1, #0]
100045dc:	f5b3 6f96 	cmp.w	r3, #1200	; 0x4b0
100045e0:	d000      	beq.n	100045e4 <tud_cdc_line_coding_cb+0xc>
100045e2:	bd08      	pop	{r3, pc}
100045e4:	2200      	movs	r2, #0
100045e6:	f04f 30ff 	mov.w	r0, #4294967295
100045ea:	4611      	mov	r1, r2
100045ec:	f7fd fc34 	bl	10001e58 <rom_reset_usb_boot_extra>

100045f0 <dcd_init>:
100045f0:	b5f8      	push	{r3, r4, r5, r6, r7, lr}
100045f2:	f000 f935 	bl	10004860 <rp2040_usb_init>
100045f6:	230c      	movs	r3, #12
100045f8:	2740      	movs	r7, #64	; 0x40
100045fa:	4d1a      	ldr	r5, [pc, #104]	; (10004664 <dcd_init+0x74>)
100045fc:	4c1a      	ldr	r4, [pc, #104]	; (10004668 <dcd_init+0x78>)
100045fe:	67ab      	str	r3, [r5, #120]	; 0x78
10004600:	22ff      	movs	r2, #255	; 0xff
10004602:	200e      	movs	r0, #14
10004604:	4919      	ldr	r1, [pc, #100]	; (1000466c <dcd_init+0x7c>)
10004606:	f7fc fb31 	bl	10000c6c <irq_add_shared_handler>
1000460a:	463a      	mov	r2, r7
1000460c:	2100      	movs	r1, #0
1000460e:	4620      	mov	r0, r4
10004610:	f001 fea6 	bl	10006360 <__memset_veneer>
10004614:	4b16      	ldr	r3, [pc, #88]	; (10004670 <dcd_init+0x80>)
10004616:	2601      	movs	r6, #1
10004618:	62a3      	str	r3, [r4, #40]	; 0x28
1000461a:	2180      	movs	r1, #128	; 0x80
1000461c:	2300      	movs	r3, #0
1000461e:	4a15      	ldr	r2, [pc, #84]	; (10004674 <dcd_init+0x84>)
10004620:	7066      	strb	r6, [r4, #1]
10004622:	60a2      	str	r2, [r4, #8]
10004624:	3a84      	subs	r2, #132	; 0x84
10004626:	8327      	strh	r7, [r4, #24]
10004628:	8727      	strh	r7, [r4, #56]	; 0x38
1000462a:	8461      	strh	r1, [r4, #34]	; 0x22
1000462c:	f8c2 3084 	str.w	r3, [r2, #132]	; 0x84
10004630:	f8c2 3080 	str.w	r3, [r2, #128]	; 0x80
10004634:	6063      	str	r3, [r4, #4]
10004636:	f884 3021 	strb.w	r3, [r4, #33]	; 0x21
1000463a:	f884 303b 	strb.w	r3, [r4, #59]	; 0x3b
1000463e:	6263      	str	r3, [r4, #36]	; 0x24
10004640:	4b0d      	ldr	r3, [pc, #52]	; (10004678 <dcd_init+0x88>)
10004642:	60e3      	str	r3, [r4, #12]
10004644:	62e3      	str	r3, [r4, #44]	; 0x2c
10004646:	f001 feeb 	bl	10006420 <__reset_non_control_endpoints_veneer>
1000464a:	f04f 5400 	mov.w	r4, #536870912	; 0x20000000
1000464e:	f44f 3280 	mov.w	r2, #65536	; 0x10000
10004652:	490a      	ldr	r1, [pc, #40]	; (1000467c <dcd_init+0x8c>)
10004654:	4b0a      	ldr	r3, [pc, #40]	; (10004680 <dcd_init+0x90>)
10004656:	642e      	str	r6, [r5, #64]	; 0x40
10004658:	4630      	mov	r0, r6
1000465a:	64ec      	str	r4, [r5, #76]	; 0x4c
1000465c:	f8c5 1090 	str.w	r1, [r5, #144]	; 0x90
10004660:	64da      	str	r2, [r3, #76]	; 0x4c
10004662:	bdf8      	pop	{r3, r4, r5, r6, r7, pc}
10004664:	50110000 	.word	0x50110000
10004668:	20001cc0 	.word	0x20001cc0
1000466c:	200003a5 	.word	0x200003a5
10004670:	50100080 	.word	0x50100080
10004674:	50100084 	.word	0x50100084
10004678:	50100100 	.word	0x50100100
1000467c:	0001d010 	.word	0x0001d010
10004680:	50112000 	.word	0x50112000

10004684 <dcd_int_enable>:
10004684:	2101      	movs	r1, #1
10004686:	200e      	movs	r0, #14
10004688:	f7fc ba7e 	b.w	10000b88 <irq_set_enabled>

1000468c <dcd_set_address>:
1000468c:	2200      	movs	r2, #0
1000468e:	4802      	ldr	r0, [pc, #8]	; (10004698 <dcd_set_address+0xc>)
10004690:	4611      	mov	r1, r2
10004692:	f000 b905 	b.w	100048a0 <hw_endpoint_xfer_start>
10004696:	bf00      	nop
10004698:	20001ce0 	.word	0x20001ce0

1000469c <dcd_sof_enable>:
1000469c:	4b04      	ldr	r3, [pc, #16]	; (100046b0 <dcd_sof_enable+0x14>)
1000469e:	7019      	strb	r1, [r3, #0]
100046a0:	b121      	cbz	r1, 100046ac <dcd_sof_enable+0x10>
100046a2:	f44f 3200 	mov.w	r2, #131072	; 0x20000
100046a6:	4b03      	ldr	r3, [pc, #12]	; (100046b4 <dcd_sof_enable+0x18>)
100046a8:	f8c3 2090 	str.w	r2, [r3, #144]	; 0x90
100046ac:	4770      	bx	lr
100046ae:	bf00      	nop
100046b0:	20002122 	.word	0x20002122
100046b4:	50112000 	.word	0x50112000

100046b8 <dcd_edpt0_status_complete>:
100046b8:	780b      	ldrb	r3, [r1, #0]
100046ba:	065b      	lsls	r3, r3, #25
100046bc:	d102      	bne.n	100046c4 <dcd_edpt0_status_complete+0xc>
100046be:	784b      	ldrb	r3, [r1, #1]
100046c0:	2b05      	cmp	r3, #5
100046c2:	d000      	beq.n	100046c6 <dcd_edpt0_status_complete+0xe>
100046c4:	4770      	bx	lr
100046c6:	884b      	ldrh	r3, [r1, #2]
100046c8:	4a01      	ldr	r2, [pc, #4]	; (100046d0 <dcd_edpt0_status_complete+0x18>)
100046ca:	b2db      	uxtb	r3, r3
100046cc:	6013      	str	r3, [r2, #0]
100046ce:	4770      	bx	lr
100046d0:	50110000 	.word	0x50110000

100046d4 <dcd_edpt_open>:
100046d4:	78cb      	ldrb	r3, [r1, #3]
100046d6:	e92d 41f0 	stmdb	sp!, {r4, r5, r6, r7, r8, lr}
100046da:	f003 0e03 	and.w	lr, r3, #3
100046de:	f1be 0f01 	cmp.w	lr, #1
100046e2:	f3c3 0001 	ubfx	r0, r3, #0, #2
100046e6:	d05b      	beq.n	100047a0 <dcd_edpt_open+0xcc>
100046e8:	2700      	movs	r7, #0
100046ea:	f891 c002 	ldrb.w	ip, [r1, #2]
100046ee:	4d34      	ldr	r5, [pc, #208]	; (100047c0 <dcd_edpt_open+0xec>)
100046f0:	f00c 027f 	and.w	r2, ip, #127	; 0x7f
100046f4:	0056      	lsls	r6, r2, #1
100046f6:	8889      	ldrh	r1, [r1, #4]
100046f8:	eb06 13dc 	add.w	r3, r6, ip, lsr #7
100046fc:	eb05 1343 	add.w	r3, r5, r3, lsl #5
10004700:	ea4f 14dc 	mov.w	r4, ip, lsr #7
10004704:	f3c1 010a 	ubfx	r1, r1, #0, #11
10004708:	76d8      	strb	r0, [r3, #27]
1000470a:	f084 0001 	eor.w	r0, r4, #1
1000470e:	f883 c002 	strb.w	ip, [r3, #2]
10004712:	8319      	strh	r1, [r3, #24]
10004714:	7058      	strb	r0, [r3, #1]
10004716:	70df      	strb	r7, [r3, #3]
10004718:	bb74      	cbnz	r4, 10004778 <dcd_edpt_open+0xa4>
1000471a:	2304      	movs	r3, #4
1000471c:	4829      	ldr	r0, [pc, #164]	; (100047c4 <dcd_edpt_open+0xf0>)
1000471e:	eb03 03c2 	add.w	r3, r3, r2, lsl #3
10004722:	eb05 1c82 	add.w	ip, r5, r2, lsl #6
10004726:	eb03 0800 	add.w	r8, r3, r0
1000472a:	f8cc 8008 	str.w	r8, [ip, #8]
1000472e:	501f      	str	r7, [r3, r0]
10004730:	b36a      	cbz	r2, 1000478e <dcd_edpt_open+0xba>
10004732:	4b25      	ldr	r3, [pc, #148]	; (100047c8 <dcd_edpt_open+0xf4>)
10004734:	00d2      	lsls	r2, r2, #3
10004736:	4413      	add	r3, r2
10004738:	f8cc 3004 	str.w	r3, [ip, #4]
1000473c:	313f      	adds	r1, #63	; 0x3f
1000473e:	f1be 0f02 	cmp.w	lr, #2
10004742:	f021 013f 	bic.w	r1, r1, #63	; 0x3f
10004746:	d036      	beq.n	100047b6 <dcd_edpt_open+0xe2>
10004748:	4a20      	ldr	r2, [pc, #128]	; (100047cc <dcd_edpt_open+0xf8>)
1000474a:	4821      	ldr	r0, [pc, #132]	; (100047d0 <dcd_edpt_open+0xfc>)
1000474c:	6813      	ldr	r3, [r2, #0]
1000474e:	4434      	add	r4, r6
10004750:	4419      	add	r1, r3
10004752:	eb05 1544 	add.w	r5, r5, r4, lsl #5
10004756:	4281      	cmp	r1, r0
10004758:	6011      	str	r1, [r2, #0]
1000475a:	60eb      	str	r3, [r5, #12]
1000475c:	d82d      	bhi.n	100047ba <dcd_edpt_open+0xe6>
1000475e:	f083 43a0 	eor.w	r3, r3, #1342177280	; 0x50000000
10004762:	f483 1380 	eor.w	r3, r3, #1048576	; 0x100000
10004766:	686a      	ldr	r2, [r5, #4]
10004768:	ea43 638e 	orr.w	r3, r3, lr, lsl #26
1000476c:	f043 4300 	orr.w	r3, r3, #2147483648	; 0x80000000
10004770:	2001      	movs	r0, #1
10004772:	6013      	str	r3, [r2, #0]
10004774:	e8bd 81f0 	ldmia.w	sp!, {r4, r5, r6, r7, r8, pc}
10004778:	4812      	ldr	r0, [pc, #72]	; (100047c4 <dcd_edpt_open+0xf0>)
1000477a:	b213      	sxth	r3, r2
1000477c:	eb00 08c2 	add.w	r8, r0, r2, lsl #3
10004780:	eb05 1c82 	add.w	ip, r5, r2, lsl #6
10004784:	f8cc 8028 	str.w	r8, [ip, #40]	; 0x28
10004788:	f840 7033 	str.w	r7, [r0, r3, lsl #3]
1000478c:	b95a      	cbnz	r2, 100047a6 <dcd_edpt_open+0xd2>
1000478e:	2300      	movs	r3, #0
10004790:	4a10      	ldr	r2, [pc, #64]	; (100047d4 <dcd_edpt_open+0x100>)
10004792:	eb05 1444 	add.w	r4, r5, r4, lsl #5
10004796:	2001      	movs	r0, #1
10004798:	60e2      	str	r2, [r4, #12]
1000479a:	6063      	str	r3, [r4, #4]
1000479c:	e8bd 81f0 	ldmia.w	sp!, {r4, r5, r6, r7, r8, pc}
100047a0:	2000      	movs	r0, #0
100047a2:	e8bd 81f0 	ldmia.w	sp!, {r4, r5, r6, r7, r8, pc}
100047a6:	00d2      	lsls	r2, r2, #3
100047a8:	f102 42a0 	add.w	r2, r2, #1342177280	; 0x50000000
100047ac:	f502 1280 	add.w	r2, r2, #1048576	; 0x100000
100047b0:	f8cc 2024 	str.w	r2, [ip, #36]	; 0x24
100047b4:	e7c2      	b.n	1000473c <dcd_edpt_open+0x68>
100047b6:	0049      	lsls	r1, r1, #1
100047b8:	e7c6      	b.n	10004748 <dcd_edpt_open+0x74>
100047ba:	f7fd fb99 	bl	10001ef0 <hard_assertion_failure>
100047be:	bf00      	nop
100047c0:	20001cc0 	.word	0x20001cc0
100047c4:	50100080 	.word	0x50100080
100047c8:	50100004 	.word	0x50100004
100047cc:	200020c8 	.word	0x200020c8
100047d0:	50100fff 	.word	0x50100fff
100047d4:	50100100 	.word	0x50100100

100047d8 <dcd_edpt_close_all>:
100047d8:	f001 be22 	b.w	10006420 <__reset_non_control_endpoints_veneer>

100047dc <dcd_edpt_xfer>:
100047dc:	468c      	mov	ip, r1
100047de:	b508      	push	{r3, lr}
100047e0:	4611      	mov	r1, r2
100047e2:	4807      	ldr	r0, [pc, #28]	; (10004800 <dcd_edpt_xfer+0x24>)
100047e4:	461a      	mov	r2, r3
100047e6:	f00c 037f 	and.w	r3, ip, #127	; 0x7f
100047ea:	ea4f 1cdc 	mov.w	ip, ip, lsr #7
100047ee:	eb0c 0c43 	add.w	ip, ip, r3, lsl #1
100047f2:	eb00 104c 	add.w	r0, r0, ip, lsl #5
100047f6:	f000 f853 	bl	100048a0 <hw_endpoint_xfer_start>
100047fa:	2001      	movs	r0, #1
100047fc:	bd08      	pop	{r3, pc}
100047fe:	bf00      	nop
10004800:	20001cc0 	.word	0x20001cc0

10004804 <dcd_edpt_stall>:
10004804:	f011 007f 	ands.w	r0, r1, #127	; 0x7f
10004808:	d00a      	beq.n	10004820 <dcd_edpt_stall+0x1c>
1000480a:	09c9      	lsrs	r1, r1, #7
1000480c:	4b07      	ldr	r3, [pc, #28]	; (1000482c <dcd_edpt_stall+0x28>)
1000480e:	eb01 0040 	add.w	r0, r1, r0, lsl #1
10004812:	f44f 6200 	mov.w	r2, #2048	; 0x800
10004816:	2100      	movs	r1, #0
10004818:	eb03 1040 	add.w	r0, r3, r0, lsl #5
1000481c:	f001 bda8 	b.w	10006370 <___hw_endpoint_buffer_control_update32_veneer>
10004820:	4b03      	ldr	r3, [pc, #12]	; (10004830 <dcd_edpt_stall+0x2c>)
10004822:	09c9      	lsrs	r1, r1, #7
10004824:	f1c1 0202 	rsb	r2, r1, #2
10004828:	669a      	str	r2, [r3, #104]	; 0x68
1000482a:	e7ef      	b.n	1000480c <dcd_edpt_stall+0x8>
1000482c:	20001cc0 	.word	0x20001cc0
10004830:	50112000 	.word	0x50112000

10004834 <dcd_edpt_clear_stall>:
10004834:	f011 037f 	ands.w	r3, r1, #127	; 0x7f
10004838:	d100      	bne.n	1000483c <dcd_edpt_clear_stall+0x8>
1000483a:	4770      	bx	lr
1000483c:	2200      	movs	r2, #0
1000483e:	b410      	push	{r4}
10004840:	09c8      	lsrs	r0, r1, #7
10004842:	4c06      	ldr	r4, [pc, #24]	; (1000485c <dcd_edpt_clear_stall+0x28>)
10004844:	eb00 0043 	add.w	r0, r0, r3, lsl #1
10004848:	eb04 1340 	add.w	r3, r4, r0, lsl #5
1000484c:	f46f 6100 	mvn.w	r1, #2048	; 0x800
10004850:	4618      	mov	r0, r3
10004852:	f85d 4b04 	ldr.w	r4, [sp], #4
10004856:	70da      	strb	r2, [r3, #3]
10004858:	f001 bd8a 	b.w	10006370 <___hw_endpoint_buffer_control_update32_veneer>
1000485c:	20001cc0 	.word	0x20001cc0

10004860 <rp2040_usb_init>:
10004860:	f04f 5280 	mov.w	r2, #268435456	; 0x10000000
10004864:	4809      	ldr	r0, [pc, #36]	; (1000488c <rp2040_usb_init+0x2c>)
10004866:	490a      	ldr	r1, [pc, #40]	; (10004890 <rp2040_usb_init+0x30>)
10004868:	b508      	push	{r3, lr}
1000486a:	4b0a      	ldr	r3, [pc, #40]	; (10004894 <rp2040_usb_init+0x34>)
1000486c:	6002      	str	r2, [r0, #0]
1000486e:	600a      	str	r2, [r1, #0]
10004870:	6899      	ldr	r1, [r3, #8]
10004872:	43c9      	mvns	r1, r1
10004874:	f011 5180 	ands.w	r1, r1, #268435456	; 0x10000000
10004878:	d1fa      	bne.n	10004870 <rp2040_usb_init+0x10>
1000487a:	f44f 5280 	mov.w	r2, #4096	; 0x1000
1000487e:	4806      	ldr	r0, [pc, #24]	; (10004898 <rp2040_usb_init+0x38>)
10004880:	f001 fd6e 	bl	10006360 <__memset_veneer>
10004884:	2209      	movs	r2, #9
10004886:	4b05      	ldr	r3, [pc, #20]	; (1000489c <rp2040_usb_init+0x3c>)
10004888:	675a      	str	r2, [r3, #116]	; 0x74
1000488a:	bd08      	pop	{r3, pc}
1000488c:	40022000 	.word	0x40022000
10004890:	40023000 	.word	0x40023000
10004894:	40020000 	.word	0x40020000
10004898:	50100000 	.word	0x50100000
1000489c:	50110000 	.word	0x50110000

100048a0 <hw_endpoint_xfer_start>:
100048a0:	7e83      	ldrb	r3, [r0, #26]
100048a2:	b510      	push	{r4, lr}
100048a4:	4604      	mov	r4, r0
100048a6:	b9bb      	cbnz	r3, 100048d8 <hw_endpoint_xfer_start+0x38>
100048a8:	f04f 0c00 	mov.w	ip, #0
100048ac:	2301      	movs	r3, #1
100048ae:	4620      	mov	r0, r4
100048b0:	82a2      	strh	r2, [r4, #20]
100048b2:	6121      	str	r1, [r4, #16]
100048b4:	f8a4 c016 	strh.w	ip, [r4, #22]
100048b8:	76a3      	strb	r3, [r4, #26]
100048ba:	f001 fd49 	bl	10006350 <__e15_is_bulkin_ep_veneer>
100048be:	b120      	cbz	r0, 100048ca <hw_endpoint_xfer_start+0x2a>
100048c0:	f44f 3200 	mov.w	r2, #131072	; 0x20000
100048c4:	4b08      	ldr	r3, [pc, #32]	; (100048e8 <hw_endpoint_xfer_start+0x48>)
100048c6:	f8c3 2090 	str.w	r2, [r3, #144]	; 0x90
100048ca:	4620      	mov	r0, r4
100048cc:	f001 fda0 	bl	10006410 <__e15_is_critical_frame_period_veneer>
100048d0:	b128      	cbz	r0, 100048de <hw_endpoint_xfer_start+0x3e>
100048d2:	2301      	movs	r3, #1
100048d4:	7723      	strb	r3, [r4, #28]
100048d6:	bd10      	pop	{r4, pc}
100048d8:	f001 fdaa 	bl	10006430 <__hw_endpoint_reset_transfer_veneer>
100048dc:	e7e4      	b.n	100048a8 <hw_endpoint_xfer_start+0x8>
100048de:	4620      	mov	r0, r4
100048e0:	e8bd 4010 	ldmia.w	sp!, {r4, lr}
100048e4:	f001 bd5c 	b.w	100063a0 <__hw_endpoint_start_next_buffer_veneer>
100048e8:	50112000 	.word	0x50112000

100048ec <configuration_reset>:
100048ec:	e92d 41f0 	stmdb	sp!, {r4, r5, r6, r7, r8, lr}
100048f0:	f04f 0800 	mov.w	r8, #0
100048f4:	4c1c      	ldr	r4, [pc, #112]	; (10004968 <configuration_reset+0x7c>)
100048f6:	4607      	mov	r7, r0
100048f8:	4642      	mov	r2, r8
100048fa:	7823      	ldrb	r3, [r4, #0]
100048fc:	4e1b      	ldr	r6, [pc, #108]	; (1000496c <configuration_reset+0x80>)
100048fe:	4d1c      	ldr	r5, [pc, #112]	; (10004970 <configuration_reset+0x84>)
10004900:	e00d      	b.n	1000491e <configuration_reset+0x32>
10004902:	682b      	ldr	r3, [r5, #0]
10004904:	eb13 1342 	adds.w	r3, r3, r2, lsl #5
10004908:	d025      	beq.n	10004956 <configuration_reset+0x6a>
1000490a:	68db      	ldr	r3, [r3, #12]
1000490c:	4638      	mov	r0, r7
1000490e:	4798      	blx	r3
10004910:	f108 0801 	add.w	r8, r8, #1
10004914:	7823      	ldrb	r3, [r4, #0]
10004916:	fa5f f288 	uxtb.w	r2, r8
1000491a:	4293      	cmp	r3, r2
1000491c:	d306      	bcc.n	1000492c <configuration_reset+0x40>
1000491e:	4293      	cmp	r3, r2
10004920:	eba2 0303 	sub.w	r3, r2, r3
10004924:	d8ed      	bhi.n	10004902 <configuration_reset+0x16>
10004926:	eb06 1343 	add.w	r3, r6, r3, lsl #5
1000492a:	e7ee      	b.n	1000490a <configuration_reset+0x1e>
1000492c:	4c11      	ldr	r4, [pc, #68]	; (10004974 <configuration_reset+0x88>)
1000492e:	2254      	movs	r2, #84	; 0x54
10004930:	2100      	movs	r1, #0
10004932:	4620      	mov	r0, r4
10004934:	f001 fd14 	bl	10006360 <__memset_veneer>
10004938:	f04f 33ff 	mov.w	r3, #4294967295
1000493c:	1d25      	adds	r5, r4, #4
1000493e:	6063      	str	r3, [r4, #4]
10004940:	e9c5 3301 	strd	r3, r3, [r5, #4]
10004944:	60eb      	str	r3, [r5, #12]
10004946:	f104 0014 	add.w	r0, r4, #20
1000494a:	2220      	movs	r2, #32
1000494c:	e8bd 41f0 	ldmia.w	sp!, {r4, r5, r6, r7, r8, lr}
10004950:	21ff      	movs	r1, #255	; 0xff
10004952:	f001 bd05 	b.w	10006360 <__memset_veneer>
10004956:	f04f 23e0 	mov.w	r3, #3758153728	; 0xe000e000
1000495a:	f8d3 3df0 	ldr.w	r3, [r3, #3568]	; 0xdf0
1000495e:	07db      	lsls	r3, r3, #31
10004960:	d500      	bpl.n	10004964 <configuration_reset+0x78>
10004962:	be00      	bkpt	0x0000
10004964:	e8bd 81f0 	ldmia.w	sp!, {r4, r5, r6, r7, r8, pc}
10004968:	20002121 	.word	0x20002121
1000496c:	10006998 	.word	0x10006998
10004970:	20001960 	.word	0x20001960
10004974:	20001b30 	.word	0x20001b30

10004978 <tud_event_hook_cb>:
10004978:	4770      	bx	lr
1000497a:	bf00      	nop

1000497c <tud_sof_cb>:
1000497c:	4770      	bx	lr
1000497e:	bf00      	nop

10004980 <tud_descriptor_device_qualifier_cb>:
10004980:	2000      	movs	r0, #0
10004982:	4770      	bx	lr

10004984 <tud_descriptor_other_speed_configuration_cb>:
10004984:	2000      	movs	r0, #0
10004986:	4770      	bx	lr

10004988 <tud_mount_cb>:
10004988:	4770      	bx	lr
1000498a:	bf00      	nop

1000498c <tud_umount_cb>:
1000498c:	4770      	bx	lr
1000498e:	bf00      	nop

10004990 <tud_suspend_cb>:
10004990:	4770      	bx	lr
10004992:	bf00      	nop

10004994 <tud_resume_cb>:
10004994:	4770      	bx	lr
10004996:	bf00      	nop

10004998 <tud_mounted>:
10004998:	4b02      	ldr	r3, [pc, #8]	; (100049a4 <tud_mounted+0xc>)
1000499a:	7858      	ldrb	r0, [r3, #1]
1000499c:	3800      	subs	r0, #0
1000499e:	bf18      	it	ne
100049a0:	2001      	movne	r0, #1
100049a2:	4770      	bx	lr
100049a4:	20001b30 	.word	0x20001b30

100049a8 <tud_suspended>:
100049a8:	4b02      	ldr	r3, [pc, #8]	; (100049b4 <tud_suspended+0xc>)
100049aa:	7818      	ldrb	r0, [r3, #0]
100049ac:	f3c0 0080 	ubfx	r0, r0, #2, #1
100049b0:	4770      	bx	lr
100049b2:	bf00      	nop
100049b4:	20001b30 	.word	0x20001b30

100049b8 <tud_rhport_init>:
100049b8:	e92d 47f0 	stmdb	sp!, {r4, r5, r6, r7, r8, r9, sl, lr}
100049bc:	4f36      	ldr	r7, [pc, #216]	; (10004a98 <tud_rhport_init+0xe0>)
100049be:	783b      	ldrb	r3, [r7, #0]
100049c0:	2bff      	cmp	r3, #255	; 0xff
100049c2:	d14e      	bne.n	10004a62 <tud_rhport_init+0xaa>
100049c4:	460c      	mov	r4, r1
100049c6:	2900      	cmp	r1, #0
100049c8:	d04f      	beq.n	10004a6a <tud_rhport_init+0xb2>
100049ca:	2100      	movs	r1, #0
100049cc:	2254      	movs	r2, #84	; 0x54
100049ce:	4606      	mov	r6, r0
100049d0:	4832      	ldr	r0, [pc, #200]	; (10004a9c <tud_rhport_init+0xe4>)
100049d2:	f001 fcc5 	bl	10006360 <__memset_veneer>
100049d6:	2200      	movs	r2, #0
100049d8:	4d31      	ldr	r5, [pc, #196]	; (10004aa0 <tud_rhport_init+0xe8>)
100049da:	4b32      	ldr	r3, [pc, #200]	; (10004aa4 <tud_rhport_init+0xec>)
100049dc:	4628      	mov	r0, r5
100049de:	701a      	strb	r2, [r3, #0]
100049e0:	f7fc fbce 	bl	10001180 <mutex_init>
100049e4:	4b30      	ldr	r3, [pc, #192]	; (10004aa8 <tud_rhport_init+0xf0>)
100049e6:	601d      	str	r5, [r3, #0]
100049e8:	4d30      	ldr	r5, [pc, #192]	; (10004aac <tud_rhport_init+0xf4>)
100049ea:	f105 0014 	add.w	r0, r5, #20
100049ee:	f7fc fbd5 	bl	1000119c <critical_section_init>
100049f2:	4628      	mov	r0, r5
100049f4:	f001 fbc0 	bl	10006178 <tu_fifo_clear>
100049f8:	4b2d      	ldr	r3, [pc, #180]	; (10004ab0 <tud_rhport_init+0xf8>)
100049fa:	601d      	str	r5, [r3, #0]
100049fc:	4b2d      	ldr	r3, [pc, #180]	; (10004ab4 <tud_rhport_init+0xfc>)
100049fe:	b123      	cbz	r3, 10004a0a <tud_rhport_init+0x52>
10004a00:	482d      	ldr	r0, [pc, #180]	; (10004ab8 <tud_rhport_init+0x100>)
10004a02:	f7ff fde1 	bl	100045c8 <usbd_app_driver_get_cb>
10004a06:	4b2d      	ldr	r3, [pc, #180]	; (10004abc <tud_rhport_init+0x104>)
10004a08:	6018      	str	r0, [r3, #0]
10004a0a:	f04f 0a00 	mov.w	sl, #0
10004a0e:	4d2a      	ldr	r5, [pc, #168]	; (10004ab8 <tud_rhport_init+0x100>)
10004a10:	4653      	mov	r3, sl
10004a12:	782a      	ldrb	r2, [r5, #0]
10004a14:	f8df 90a8 	ldr.w	r9, [pc, #168]	; 10004ac0 <tud_rhport_init+0x108>
10004a18:	f8df 80a0 	ldr.w	r8, [pc, #160]	; 10004abc <tud_rhport_init+0x104>
10004a1c:	e00c      	b.n	10004a38 <tud_rhport_init+0x80>
10004a1e:	f8d8 2000 	ldr.w	r2, [r8]
10004a22:	eb12 1343 	adds.w	r3, r2, r3, lsl #5
10004a26:	d011      	beq.n	10004a4c <tud_rhport_init+0x94>
10004a28:	685b      	ldr	r3, [r3, #4]
10004a2a:	b17b      	cbz	r3, 10004a4c <tud_rhport_init+0x94>
10004a2c:	4798      	blx	r3
10004a2e:	782a      	ldrb	r2, [r5, #0]
10004a30:	fa5f f38a 	uxtb.w	r3, sl
10004a34:	429a      	cmp	r2, r3
10004a36:	d322      	bcc.n	10004a7e <tud_rhport_init+0xc6>
10004a38:	4293      	cmp	r3, r2
10004a3a:	f10a 0a01 	add.w	sl, sl, #1
10004a3e:	d3ee      	bcc.n	10004a1e <tud_rhport_init+0x66>
10004a40:	1a9b      	subs	r3, r3, r2
10004a42:	eb09 1343 	add.w	r3, r9, r3, lsl #5
10004a46:	685b      	ldr	r3, [r3, #4]
10004a48:	2b00      	cmp	r3, #0
10004a4a:	d1ef      	bne.n	10004a2c <tud_rhport_init+0x74>
10004a4c:	f04f 23e0 	mov.w	r3, #3758153728	; 0xe000e000
10004a50:	f8d3 3df0 	ldr.w	r3, [r3, #3568]	; 0xdf0
10004a54:	07da      	lsls	r2, r3, #31
10004a56:	d500      	bpl.n	10004a5a <tud_rhport_init+0xa2>
10004a58:	be00      	bkpt	0x0000
10004a5a:	2400      	movs	r4, #0
10004a5c:	4620      	mov	r0, r4
10004a5e:	e8bd 87f0 	ldmia.w	sp!, {r4, r5, r6, r7, r8, r9, sl, pc}
10004a62:	2401      	movs	r4, #1
10004a64:	4620      	mov	r0, r4
10004a66:	e8bd 87f0 	ldmia.w	sp!, {r4, r5, r6, r7, r8, r9, sl, pc}
10004a6a:	f04f 23e0 	mov.w	r3, #3758153728	; 0xe000e000
10004a6e:	f8d3 3df0 	ldr.w	r3, [r3, #3568]	; 0xdf0
10004a72:	07db      	lsls	r3, r3, #31
10004a74:	d5f1      	bpl.n	10004a5a <tud_rhport_init+0xa2>
10004a76:	be00      	bkpt	0x0000
10004a78:	4620      	mov	r0, r4
10004a7a:	e8bd 87f0 	ldmia.w	sp!, {r4, r5, r6, r7, r8, r9, sl, pc}
10004a7e:	4621      	mov	r1, r4
10004a80:	4630      	mov	r0, r6
10004a82:	703e      	strb	r6, [r7, #0]
10004a84:	f7ff fdb4 	bl	100045f0 <dcd_init>
10004a88:	4604      	mov	r4, r0
10004a8a:	2800      	cmp	r0, #0
10004a8c:	d0ed      	beq.n	10004a6a <tud_rhport_init+0xb2>
10004a8e:	4630      	mov	r0, r6
10004a90:	f7ff fdf8 	bl	10004684 <dcd_int_enable>
10004a94:	e7e6      	b.n	10004a64 <tud_rhport_init+0xac>
10004a96:	bf00      	nop
10004a98:	200017cc 	.word	0x200017cc
10004a9c:	20001b30 	.word	0x20001b30
10004aa0:	20001b28 	.word	0x20001b28
10004aa4:	20002123 	.word	0x20002123
10004aa8:	20001b84 	.word	0x20001b84
10004aac:	200017b0 	.word	0x200017b0
10004ab0:	20001b88 	.word	0x20001b88
10004ab4:	100045c9 	.word	0x100045c9
10004ab8:	20002121 	.word	0x20002121
10004abc:	20001960 	.word	0x20001960
10004ac0:	10006998 	.word	0x10006998

10004ac4 <tud_task_ext>:
10004ac4:	e92d 4ff0 	stmdb	sp!, {r4, r5, r6, r7, r8, r9, sl, fp, lr}
10004ac8:	f8df 92bc 	ldr.w	r9, [pc, #700]	; 10004d88 <tud_task_ext+0x2c4>
10004acc:	b08b      	sub	sp, #44	; 0x2c
10004ace:	f899 3000 	ldrb.w	r3, [r9]
10004ad2:	2bff      	cmp	r3, #255	; 0xff
10004ad4:	f000 80ec 	beq.w	10004cb0 <tud_task_ext+0x1ec>
10004ad8:	4ca6      	ldr	r4, [pc, #664]	; (10004d74 <tud_task_ext+0x2b0>)
10004ada:	f8df a2b0 	ldr.w	sl, [pc, #688]	; 10004d8c <tud_task_ext+0x2c8>
10004ade:	f8df b2b0 	ldr.w	fp, [pc, #688]	; 10004d90 <tud_task_ext+0x2cc>
10004ae2:	6825      	ldr	r5, [r4, #0]
10004ae4:	696b      	ldr	r3, [r5, #20]
10004ae6:	f3ef 8210 	mrs	r2, PRIMASK
10004aea:	b672      	cpsid	i
10004aec:	e8d3 0fcf 	ldaexb	r0, [r3]
10004af0:	2101      	movs	r1, #1
10004af2:	2800      	cmp	r0, #0
10004af4:	d1fa      	bne.n	10004aec <tud_task_ext+0x28>
10004af6:	e8c3 1f40 	strexb	r0, r1, [r3]
10004afa:	2800      	cmp	r0, #0
10004afc:	d1f6      	bne.n	10004aec <tud_task_ext+0x28>
10004afe:	f3bf 8f5f 	dmb	sy
10004b02:	61aa      	str	r2, [r5, #24]
10004b04:	4628      	mov	r0, r5
10004b06:	a907      	add	r1, sp, #28
10004b08:	f001 f992 	bl	10005e30 <tu_fifo_read>
10004b0c:	2300      	movs	r3, #0
10004b0e:	696a      	ldr	r2, [r5, #20]
10004b10:	e8c2 3f8f 	stlb	r3, [r2]
10004b14:	69ab      	ldr	r3, [r5, #24]
10004b16:	f383 8810 	msr	PRIMASK, r3
10004b1a:	2800      	cmp	r0, #0
10004b1c:	f000 80c8 	beq.w	10004cb0 <tud_task_ext+0x1ec>
10004b20:	f89d 301d 	ldrb.w	r3, [sp, #29]
10004b24:	3b01      	subs	r3, #1
10004b26:	2b07      	cmp	r3, #7
10004b28:	f200 8379 	bhi.w	1000521e <tud_task_ext+0x75a>
10004b2c:	e8df f003 	tbb	[pc, r3]
10004b30:	9990afa4 	.word	0x9990afa4
10004b34:	040a3688 	.word	0x040a3688
10004b38:	9b08      	ldr	r3, [sp, #32]
10004b3a:	2b00      	cmp	r3, #0
10004b3c:	d0d1      	beq.n	10004ae2 <tud_task_ext+0x1e>
10004b3e:	9809      	ldr	r0, [sp, #36]	; 0x24
10004b40:	4798      	blx	r3
10004b42:	e7ce      	b.n	10004ae2 <tud_task_ext+0x1e>
10004b44:	f89d 1020 	ldrb.w	r1, [sp, #32]
10004b48:	4b8b      	ldr	r3, [pc, #556]	; (10004d78 <tud_task_ext+0x2b4>)
10004b4a:	f001 057f 	and.w	r5, r1, #127	; 0x7f
10004b4e:	eb03 0345 	add.w	r3, r3, r5, lsl #1
10004b52:	eb03 13d1 	add.w	r3, r3, r1, lsr #7
10004b56:	f893 2034 	ldrb.w	r2, [r3, #52]	; 0x34
10004b5a:	f36f 0200 	bfc	r2, #0, #1
10004b5e:	f883 2034 	strb.w	r2, [r3, #52]	; 0x34
10004b62:	f893 2034 	ldrb.w	r2, [r3, #52]	; 0x34
10004b66:	f36f 0282 	bfc	r2, #2, #1
10004b6a:	f883 2034 	strb.w	r2, [r3, #52]	; 0x34
10004b6e:	2d00      	cmp	r5, #0
10004b70:	f000 80a1 	beq.w	10004cb6 <tud_task_ext+0x1f2>
10004b74:	4881      	ldr	r0, [pc, #516]	; (10004d7c <tud_task_ext+0x2b8>)
10004b76:	7d1a      	ldrb	r2, [r3, #20]
10004b78:	7803      	ldrb	r3, [r0, #0]
10004b7a:	429a      	cmp	r2, r3
10004b7c:	f080 8090 	bcs.w	10004ca0 <tud_task_ext+0x1dc>
10004b80:	f8db 3000 	ldr.w	r3, [fp]
10004b84:	eb13 1342 	adds.w	r3, r3, r2, lsl #5
10004b88:	f000 808b 	beq.w	10004ca2 <tud_task_ext+0x1de>
10004b8c:	699d      	ldr	r5, [r3, #24]
10004b8e:	f89d 2021 	ldrb.w	r2, [sp, #33]	; 0x21
10004b92:	9b09      	ldr	r3, [sp, #36]	; 0x24
10004b94:	f89d 001c 	ldrb.w	r0, [sp, #28]
10004b98:	47a8      	blx	r5
10004b9a:	e7a2      	b.n	10004ae2 <tud_task_ext+0x1e>
10004b9c:	4a78      	ldr	r2, [pc, #480]	; (10004d80 <tud_task_ext+0x2bc>)
10004b9e:	7813      	ldrb	r3, [r2, #0]
10004ba0:	2b00      	cmp	r3, #0
10004ba2:	d07e      	beq.n	10004ca2 <tud_task_ext+0x1de>
10004ba4:	7813      	ldrb	r3, [r2, #0]
10004ba6:	3b01      	subs	r3, #1
10004ba8:	b2db      	uxtb	r3, r3
10004baa:	7013      	strb	r3, [r2, #0]
10004bac:	7813      	ldrb	r3, [r2, #0]
10004bae:	f003 00ff 	and.w	r0, r3, #255	; 0xff
10004bb2:	2b00      	cmp	r3, #0
10004bb4:	d195      	bne.n	10004ae2 <tud_task_ext+0x1e>
10004bb6:	4d70      	ldr	r5, [pc, #448]	; (10004d78 <tud_task_ext+0x2b4>)
10004bb8:	f89d 801c 	ldrb.w	r8, [sp, #28]
10004bbc:	782b      	ldrb	r3, [r5, #0]
10004bbe:	f043 0301 	orr.w	r3, r3, #1
10004bc2:	702b      	strb	r3, [r5, #0]
10004bc4:	f895 3034 	ldrb.w	r3, [r5, #52]	; 0x34
10004bc8:	f360 0300 	bfi	r3, r0, #0, #1
10004bcc:	f885 3034 	strb.w	r3, [r5, #52]	; 0x34
10004bd0:	f895 3034 	ldrb.w	r3, [r5, #52]	; 0x34
10004bd4:	f360 0382 	bfi	r3, r0, #2, #1
10004bd8:	f885 3034 	strb.w	r3, [r5, #52]	; 0x34
10004bdc:	f895 3035 	ldrb.w	r3, [r5, #53]	; 0x35
10004be0:	f360 0300 	bfi	r3, r0, #0, #1
10004be4:	f885 3035 	strb.w	r3, [r5, #53]	; 0x35
10004be8:	f895 3035 	ldrb.w	r3, [r5, #53]	; 0x35
10004bec:	f360 0382 	bfi	r3, r0, #2, #1
10004bf0:	f885 3035 	strb.w	r3, [r5, #53]	; 0x35
10004bf4:	f000 fc78 	bl	100054e8 <usbd_control_set_complete_callback>
10004bf8:	f89d 3020 	ldrb.w	r3, [sp, #32]
10004bfc:	f003 0260 	and.w	r2, r3, #96	; 0x60
10004c00:	2a60      	cmp	r2, #96	; 0x60
10004c02:	d00b      	beq.n	10004c1c <tud_task_ext+0x158>
10004c04:	2a40      	cmp	r2, #64	; 0x40
10004c06:	d060      	beq.n	10004cca <tud_task_ext+0x206>
10004c08:	f003 031f 	and.w	r3, r3, #31
10004c0c:	2b01      	cmp	r3, #1
10004c0e:	f000 80c1 	beq.w	10004d94 <tud_task_ext+0x2d0>
10004c12:	2b02      	cmp	r3, #2
10004c14:	f000 8086 	beq.w	10004d24 <tud_task_ext+0x260>
10004c18:	2b00      	cmp	r3, #0
10004c1a:	d062      	beq.n	10004ce2 <tud_task_ext+0x21e>
10004c1c:	f04f 23e0 	mov.w	r3, #3758153728	; 0xe000e000
10004c20:	f8d3 3df0 	ldr.w	r3, [r3, #3568]	; 0xdf0
10004c24:	07dd      	lsls	r5, r3, #31
10004c26:	d500      	bpl.n	10004c2a <tud_task_ext+0x166>
10004c28:	be00      	bkpt	0x0000
10004c2a:	f89d 001c 	ldrb.w	r0, [sp, #28]
10004c2e:	2100      	movs	r1, #0
10004c30:	f7ff fde8 	bl	10004804 <dcd_edpt_stall>
10004c34:	2180      	movs	r1, #128	; 0x80
10004c36:	f89d 001c 	ldrb.w	r0, [sp, #28]
10004c3a:	f7ff fde3 	bl	10004804 <dcd_edpt_stall>
10004c3e:	e750      	b.n	10004ae2 <tud_task_ext+0x1e>
10004c40:	4b4d      	ldr	r3, [pc, #308]	; (10004d78 <tud_task_ext+0x2b4>)
10004c42:	781b      	ldrb	r3, [r3, #0]
10004c44:	07d9      	lsls	r1, r3, #31
10004c46:	f57f af4c 	bpl.w	10004ae2 <tud_task_ext+0x1e>
10004c4a:	f7ff fea3 	bl	10004994 <tud_resume_cb>
10004c4e:	e748      	b.n	10004ae2 <tud_task_ext+0x1e>
10004c50:	4b49      	ldr	r3, [pc, #292]	; (10004d78 <tud_task_ext+0x2b4>)
10004c52:	78db      	ldrb	r3, [r3, #3]
10004c54:	07da      	lsls	r2, r3, #31
10004c56:	f57f af44 	bpl.w	10004ae2 <tud_task_ext+0x1e>
10004c5a:	9808      	ldr	r0, [sp, #32]
10004c5c:	f7ff fe8e 	bl	1000497c <tud_sof_cb>
10004c60:	e73f      	b.n	10004ae2 <tud_task_ext+0x1e>
10004c62:	4b45      	ldr	r3, [pc, #276]	; (10004d78 <tud_task_ext+0x2b4>)
10004c64:	781a      	ldrb	r2, [r3, #0]
10004c66:	07d0      	lsls	r0, r2, #31
10004c68:	f57f af3b 	bpl.w	10004ae2 <tud_task_ext+0x1e>
10004c6c:	7818      	ldrb	r0, [r3, #0]
10004c6e:	f3c0 00c0 	ubfx	r0, r0, #3, #1
10004c72:	f7ff fe8d 	bl	10004990 <tud_suspend_cb>
10004c76:	e734      	b.n	10004ae2 <tud_task_ext+0x1e>
10004c78:	f89d 001c 	ldrb.w	r0, [sp, #28]
10004c7c:	f7ff fe36 	bl	100048ec <configuration_reset>
10004c80:	f000 fc28 	bl	100054d4 <usbd_control_reset>
10004c84:	4b3c      	ldr	r3, [pc, #240]	; (10004d78 <tud_task_ext+0x2b4>)
10004c86:	f89d 2020 	ldrb.w	r2, [sp, #32]
10004c8a:	709a      	strb	r2, [r3, #2]
10004c8c:	e729      	b.n	10004ae2 <tud_task_ext+0x1e>
10004c8e:	f89d 001c 	ldrb.w	r0, [sp, #28]
10004c92:	f7ff fe2b 	bl	100048ec <configuration_reset>
10004c96:	f000 fc1d 	bl	100054d4 <usbd_control_reset>
10004c9a:	f7ff fe77 	bl	1000498c <tud_umount_cb>
10004c9e:	e720      	b.n	10004ae2 <tud_task_ext+0x1e>
10004ca0:	d011      	beq.n	10004cc6 <tud_task_ext+0x202>
10004ca2:	f04f 23e0 	mov.w	r3, #3758153728	; 0xe000e000
10004ca6:	f8d3 3df0 	ldr.w	r3, [r3, #3568]	; 0xdf0
10004caa:	07dc      	lsls	r4, r3, #31
10004cac:	d500      	bpl.n	10004cb0 <tud_task_ext+0x1ec>
10004cae:	be00      	bkpt	0x0000
10004cb0:	b00b      	add	sp, #44	; 0x2c
10004cb2:	e8bd 8ff0 	ldmia.w	sp!, {r4, r5, r6, r7, r8, r9, sl, fp, pc}
10004cb6:	9b09      	ldr	r3, [sp, #36]	; 0x24
10004cb8:	f89d 2021 	ldrb.w	r2, [sp, #33]	; 0x21
10004cbc:	f89d 001c 	ldrb.w	r0, [sp, #28]
10004cc0:	f000 fc26 	bl	10005510 <usbd_control_xfer_cb>
10004cc4:	e70d      	b.n	10004ae2 <tud_task_ext+0x1e>
10004cc6:	4653      	mov	r3, sl
10004cc8:	e760      	b.n	10004b8c <tud_task_ext+0xc8>
10004cca:	482e      	ldr	r0, [pc, #184]	; (10004d84 <tud_task_ext+0x2c0>)
10004ccc:	f000 fc0c 	bl	100054e8 <usbd_control_set_complete_callback>
10004cd0:	4640      	mov	r0, r8
10004cd2:	2101      	movs	r1, #1
10004cd4:	aa08      	add	r2, sp, #32
10004cd6:	f7ff fc63 	bl	100045a0 <tud_vendor_control_xfer_cb>
10004cda:	2800      	cmp	r0, #0
10004cdc:	f47f af01 	bne.w	10004ae2 <tud_task_ext+0x1e>
10004ce0:	e7a3      	b.n	10004c2a <tud_task_ext+0x166>
10004ce2:	2a20      	cmp	r2, #32
10004ce4:	f000 8180 	beq.w	10004fe8 <tud_task_ext+0x524>
10004ce8:	2a00      	cmp	r2, #0
10004cea:	d197      	bne.n	10004c1c <tud_task_ext+0x158>
10004cec:	f89d 3021 	ldrb.w	r3, [sp, #33]	; 0x21
10004cf0:	2b09      	cmp	r3, #9
10004cf2:	d893      	bhi.n	10004c1c <tud_task_ext+0x158>
10004cf4:	a201      	add	r2, pc, #4	; (adr r2, 10004cfc <tud_task_ext+0x238>)
10004cf6:	f852 f023 	ldr.w	pc, [r2, r3, lsl #2]
10004cfa:	bf00      	nop
10004cfc:	10004f87 	.word	0x10004f87
10004d00:	10004f6b 	.word	0x10004f6b
10004d04:	10004c1d 	.word	0x10004c1d
10004d08:	10004fa9 	.word	0x10004fa9
10004d0c:	10004c1d 	.word	0x10004c1d
10004d10:	10004f51 	.word	0x10004f51
10004d14:	10004eff 	.word	0x10004eff
10004d18:	10004c1d 	.word	0x10004c1d
10004d1c:	10004ee9 	.word	0x10004ee9
10004d20:	10004e1b 	.word	0x10004e1b
10004d24:	f89d 1024 	ldrb.w	r1, [sp, #36]	; 0x24
10004d28:	f011 0f70 	tst.w	r1, #112	; 0x70
10004d2c:	f47f af76 	bne.w	10004c1c <tud_task_ext+0x158>
10004d30:	4b12      	ldr	r3, [pc, #72]	; (10004d7c <tud_task_ext+0x2b8>)
10004d32:	f001 067f 	and.w	r6, r1, #127	; 0x7f
10004d36:	7818      	ldrb	r0, [r3, #0]
10004d38:	eb05 0346 	add.w	r3, r5, r6, lsl #1
10004d3c:	eb03 13d1 	add.w	r3, r3, r1, lsr #7
10004d40:	7d1b      	ldrb	r3, [r3, #20]
10004d42:	09cf      	lsrs	r7, r1, #7
10004d44:	4283      	cmp	r3, r0
10004d46:	ea4f 0646 	mov.w	r6, r6, lsl #1
10004d4a:	9701      	str	r7, [sp, #4]
10004d4c:	d353      	bcc.n	10004df6 <tud_task_ext+0x332>
10004d4e:	f040 8168 	bne.w	10005022 <tud_task_ext+0x55e>
10004d52:	4657      	mov	r7, sl
10004d54:	2a00      	cmp	r2, #0
10004d56:	f000 8168 	beq.w	1000502a <tud_task_ext+0x566>
10004d5a:	6978      	ldr	r0, [r7, #20]
10004d5c:	f000 fbc4 	bl	100054e8 <usbd_control_set_complete_callback>
10004d60:	4640      	mov	r0, r8
10004d62:	2101      	movs	r1, #1
10004d64:	697b      	ldr	r3, [r7, #20]
10004d66:	aa08      	add	r2, sp, #32
10004d68:	4798      	blx	r3
10004d6a:	2800      	cmp	r0, #0
10004d6c:	f47f aeb9 	bne.w	10004ae2 <tud_task_ext+0x1e>
10004d70:	e75b      	b.n	10004c2a <tud_task_ext+0x166>
10004d72:	bf00      	nop
10004d74:	20001b88 	.word	0x20001b88
10004d78:	20001b30 	.word	0x20001b30
10004d7c:	20002121 	.word	0x20002121
10004d80:	20002123 	.word	0x20002123
10004d84:	100045a1 	.word	0x100045a1
10004d88:	200017cc 	.word	0x200017cc
10004d8c:	10006998 	.word	0x10006998
10004d90:	20001960 	.word	0x20001960
10004d94:	f89d 3024 	ldrb.w	r3, [sp, #36]	; 0x24
10004d98:	2b0f      	cmp	r3, #15
10004d9a:	f63f af46 	bhi.w	10004c2a <tud_task_ext+0x166>
10004d9e:	4aae      	ldr	r2, [pc, #696]	; (10005058 <tud_task_ext+0x594>)
10004da0:	442b      	add	r3, r5
10004da2:	791b      	ldrb	r3, [r3, #4]
10004da4:	7812      	ldrb	r2, [r2, #0]
10004da6:	4293      	cmp	r3, r2
10004da8:	d330      	bcc.n	10004e0c <tud_task_ext+0x348>
10004daa:	f47f af3e 	bne.w	10004c2a <tud_task_ext+0x166>
10004dae:	4655      	mov	r5, sl
10004db0:	6968      	ldr	r0, [r5, #20]
10004db2:	f000 fb99 	bl	100054e8 <usbd_control_set_complete_callback>
10004db6:	2101      	movs	r1, #1
10004db8:	4640      	mov	r0, r8
10004dba:	696b      	ldr	r3, [r5, #20]
10004dbc:	aa08      	add	r2, sp, #32
10004dbe:	4798      	blx	r3
10004dc0:	2800      	cmp	r0, #0
10004dc2:	f47f ae8e 	bne.w	10004ae2 <tud_task_ext+0x1e>
10004dc6:	f89d 3020 	ldrb.w	r3, [sp, #32]
10004dca:	f013 0560 	ands.w	r5, r3, #96	; 0x60
10004dce:	f47f af2c 	bne.w	10004c2a <tud_task_ext+0x166>
10004dd2:	f89d 3021 	ldrb.w	r3, [sp, #33]	; 0x21
10004dd6:	3b0a      	subs	r3, #10
10004dd8:	2b01      	cmp	r3, #1
10004dda:	f63f af26 	bhi.w	10004c2a <tud_task_ext+0x166>
10004dde:	f000 fb83 	bl	100054e8 <usbd_control_set_complete_callback>
10004de2:	f89d 3021 	ldrb.w	r3, [sp, #33]	; 0x21
10004de6:	2b0a      	cmp	r3, #10
10004de8:	f000 81ee 	beq.w	100051c8 <tud_task_ext+0x704>
10004dec:	4640      	mov	r0, r8
10004dee:	a908      	add	r1, sp, #32
10004df0:	f000 faf0 	bl	100053d4 <tud_control_status>
10004df4:	e675      	b.n	10004ae2 <tud_task_ext+0x1e>
10004df6:	f8db 7000 	ldr.w	r7, [fp]
10004dfa:	eb07 1743 	add.w	r7, r7, r3, lsl #5
10004dfe:	2a00      	cmp	r2, #0
10004e00:	f000 8113 	beq.w	1000502a <tud_task_ext+0x566>
10004e04:	2f00      	cmp	r7, #0
10004e06:	f43f af10 	beq.w	10004c2a <tud_task_ext+0x166>
10004e0a:	e7a6      	b.n	10004d5a <tud_task_ext+0x296>
10004e0c:	f8db 5000 	ldr.w	r5, [fp]
10004e10:	eb15 1543 	adds.w	r5, r5, r3, lsl #5
10004e14:	f43f af09 	beq.w	10004c2a <tud_task_ext+0x166>
10004e18:	e7ca      	b.n	10004db0 <tud_task_ext+0x2ec>
10004e1a:	786b      	ldrb	r3, [r5, #1]
10004e1c:	f89d 6022 	ldrb.w	r6, [sp, #34]	; 0x22
10004e20:	429e      	cmp	r6, r3
10004e22:	f000 814a 	beq.w	100050ba <tud_task_ext+0x5f6>
10004e26:	786b      	ldrb	r3, [r5, #1]
10004e28:	2b00      	cmp	r3, #0
10004e2a:	f040 81bb 	bne.w	100051a4 <tud_task_ext+0x6e0>
10004e2e:	706e      	strb	r6, [r5, #1]
10004e30:	2e00      	cmp	r6, #0
10004e32:	f000 8140 	beq.w	100050b6 <tud_task_ext+0x5f2>
10004e36:	1e70      	subs	r0, r6, #1
10004e38:	b2c0      	uxtb	r0, r0
10004e3a:	f7ff fa4f 	bl	100042dc <tud_descriptor_configuration_cb>
10004e3e:	2800      	cmp	r0, #0
10004e40:	f000 815c 	beq.w	100050fc <tud_task_ext+0x638>
10004e44:	7843      	ldrb	r3, [r0, #1]
10004e46:	2b02      	cmp	r3, #2
10004e48:	f040 8158 	bne.w	100050fc <tud_task_ext+0x638>
10004e4c:	782b      	ldrb	r3, [r5, #0]
10004e4e:	79c2      	ldrb	r2, [r0, #7]
10004e50:	f023 0130 	bic.w	r1, r3, #48	; 0x30
10004e54:	f3c2 1340 	ubfx	r3, r2, #5, #1
10004e58:	011b      	lsls	r3, r3, #4
10004e5a:	f3c2 1280 	ubfx	r2, r2, #6, #1
10004e5e:	ea43 1342 	orr.w	r3, r3, r2, lsl #5
10004e62:	430b      	orrs	r3, r1
10004e64:	702b      	strb	r3, [r5, #0]
10004e66:	8843      	ldrh	r3, [r0, #2]
10004e68:	f100 0709 	add.w	r7, r0, #9
10004e6c:	18c3      	adds	r3, r0, r3
10004e6e:	9302      	str	r3, [sp, #8]
10004e70:	f8cd 800c 	str.w	r8, [sp, #12]
10004e74:	9b02      	ldr	r3, [sp, #8]
10004e76:	42bb      	cmp	r3, r7
10004e78:	f240 81a1 	bls.w	100051be <tud_task_ext+0x6fa>
10004e7c:	787b      	ldrb	r3, [r7, #1]
10004e7e:	2b0b      	cmp	r3, #11
10004e80:	f000 81ac 	beq.w	100051dc <tud_task_ext+0x718>
10004e84:	f04f 0801 	mov.w	r8, #1
10004e88:	2b04      	cmp	r3, #4
10004e8a:	f040 8137 	bne.w	100050fc <tud_task_ext+0x638>
10004e8e:	2600      	movs	r6, #0
10004e90:	9b02      	ldr	r3, [sp, #8]
10004e92:	4639      	mov	r1, r7
10004e94:	1bda      	subs	r2, r3, r7
10004e96:	4b70      	ldr	r3, [pc, #448]	; (10005058 <tud_task_ext+0x594>)
10004e98:	4637      	mov	r7, r6
10004e9a:	781b      	ldrb	r3, [r3, #0]
10004e9c:	9601      	str	r6, [sp, #4]
10004e9e:	b292      	uxth	r2, r2
10004ea0:	e01b      	b.n	10004eda <tud_task_ext+0x416>
10004ea2:	f8db 6000 	ldr.w	r6, [fp]
10004ea6:	eb16 1647 	adds.w	r6, r6, r7, lsl #5
10004eaa:	f000 8127 	beq.w	100050fc <tud_task_ext+0x638>
10004eae:	9b01      	ldr	r3, [sp, #4]
10004eb0:	9803      	ldr	r0, [sp, #12]
10004eb2:	3301      	adds	r3, #1
10004eb4:	9301      	str	r3, [sp, #4]
10004eb6:	6933      	ldr	r3, [r6, #16]
10004eb8:	e9cd 1204 	strd	r1, r2, [sp, #16]
10004ebc:	4798      	blx	r3
10004ebe:	e9dd 1204 	ldrd	r1, r2, [sp, #16]
10004ec2:	2808      	cmp	r0, #8
10004ec4:	d902      	bls.n	10004ecc <tud_task_ext+0x408>
10004ec6:	4282      	cmp	r2, r0
10004ec8:	f080 80fc 	bcs.w	100050c4 <tud_task_ext+0x600>
10004ecc:	4b62      	ldr	r3, [pc, #392]	; (10005058 <tud_task_ext+0x594>)
10004ece:	f89d 7004 	ldrb.w	r7, [sp, #4]
10004ed2:	781b      	ldrb	r3, [r3, #0]
10004ed4:	42bb      	cmp	r3, r7
10004ed6:	f0c0 8111 	bcc.w	100050fc <tud_task_ext+0x638>
10004eda:	42bb      	cmp	r3, r7
10004edc:	eba7 0303 	sub.w	r3, r7, r3
10004ee0:	d8df      	bhi.n	10004ea2 <tud_task_ext+0x3de>
10004ee2:	eb0a 1643 	add.w	r6, sl, r3, lsl #5
10004ee6:	e7e2      	b.n	10004eae <tud_task_ext+0x3ea>
10004ee8:	786b      	ldrb	r3, [r5, #1]
10004eea:	4640      	mov	r0, r8
10004eec:	f88d 301a 	strb.w	r3, [sp, #26]
10004ef0:	f10d 021a 	add.w	r2, sp, #26
10004ef4:	2301      	movs	r3, #1
10004ef6:	a908      	add	r1, sp, #32
10004ef8:	f000 fa86 	bl	10005408 <tud_control_xfer>
10004efc:	e5f1      	b.n	10004ae2 <tud_task_ext+0x1e>
10004efe:	f8bd 0022 	ldrh.w	r0, [sp, #34]	; 0x22
10004f02:	0a03      	lsrs	r3, r0, #8
10004f04:	1e5a      	subs	r2, r3, #1
10004f06:	b2c0      	uxtb	r0, r0
10004f08:	2a0e      	cmp	r2, #14
10004f0a:	f63f ae8e 	bhi.w	10004c2a <tud_task_ext+0x166>
10004f0e:	a101      	add	r1, pc, #4	; (adr r1, 10004f14 <tud_task_ext+0x450>)
10004f10:	f851 f022 	ldr.w	pc, [r1, r2, lsl #2]
10004f14:	1000512d 	.word	0x1000512d
10004f18:	10004fc5 	.word	0x10004fc5
10004f1c:	10005169 	.word	0x10005169
10004f20:	10004c2b 	.word	0x10004c2b
10004f24:	10004c2b 	.word	0x10004c2b
10004f28:	1000514b 	.word	0x1000514b
10004f2c:	10004fc5 	.word	0x10004fc5
10004f30:	10004c2b 	.word	0x10004c2b
10004f34:	10004c2b 	.word	0x10004c2b
10004f38:	10004c2b 	.word	0x10004c2b
10004f3c:	10004c2b 	.word	0x10004c2b
10004f40:	10004c2b 	.word	0x10004c2b
10004f44:	10004c2b 	.word	0x10004c2b
10004f48:	10004c2b 	.word	0x10004c2b
10004f4c:	1000511f 	.word	0x1000511f
10004f50:	a808      	add	r0, sp, #32
10004f52:	f000 facf 	bl	100054f4 <usbd_control_set_request>
10004f56:	4640      	mov	r0, r8
10004f58:	f89d 1022 	ldrb.w	r1, [sp, #34]	; 0x22
10004f5c:	f7ff fb96 	bl	1000468c <dcd_set_address>
10004f60:	782b      	ldrb	r3, [r5, #0]
10004f62:	f043 0302 	orr.w	r3, r3, #2
10004f66:	702b      	strb	r3, [r5, #0]
10004f68:	e5bb      	b.n	10004ae2 <tud_task_ext+0x1e>
10004f6a:	f8bd 3022 	ldrh.w	r3, [sp, #34]	; 0x22
10004f6e:	2b01      	cmp	r3, #1
10004f70:	f47f ae5b 	bne.w	10004c2a <tud_task_ext+0x166>
10004f74:	782b      	ldrb	r3, [r5, #0]
10004f76:	4640      	mov	r0, r8
10004f78:	f36f 03c3 	bfc	r3, #3, #1
10004f7c:	a908      	add	r1, sp, #32
10004f7e:	702b      	strb	r3, [r5, #0]
10004f80:	f000 fa28 	bl	100053d4 <tud_control_status>
10004f84:	e5ad      	b.n	10004ae2 <tud_task_ext+0x1e>
10004f86:	4640      	mov	r0, r8
10004f88:	782b      	ldrb	r3, [r5, #0]
10004f8a:	089a      	lsrs	r2, r3, #2
10004f8c:	f002 0202 	and.w	r2, r2, #2
10004f90:	f3c3 1340 	ubfx	r3, r3, #5, #1
10004f94:	4313      	orrs	r3, r2
10004f96:	f8ad 301a 	strh.w	r3, [sp, #26]
10004f9a:	f10d 021a 	add.w	r2, sp, #26
10004f9e:	2302      	movs	r3, #2
10004fa0:	a908      	add	r1, sp, #32
10004fa2:	f000 fa31 	bl	10005408 <tud_control_xfer>
10004fa6:	e59c      	b.n	10004ae2 <tud_task_ext+0x1e>
10004fa8:	f8bd 3022 	ldrh.w	r3, [sp, #34]	; 0x22
10004fac:	2b01      	cmp	r3, #1
10004fae:	f47f ae3c 	bne.w	10004c2a <tud_task_ext+0x166>
10004fb2:	782b      	ldrb	r3, [r5, #0]
10004fb4:	4640      	mov	r0, r8
10004fb6:	f043 0308 	orr.w	r3, r3, #8
10004fba:	a908      	add	r1, sp, #32
10004fbc:	702b      	strb	r3, [r5, #0]
10004fbe:	f000 fa09 	bl	100053d4 <tud_control_status>
10004fc2:	e58e      	b.n	10004ae2 <tud_task_ext+0x1e>
10004fc4:	2b02      	cmp	r3, #2
10004fc6:	f000 810f 	beq.w	100051e8 <tud_task_ext+0x724>
10004fca:	f7ff fcdb 	bl	10004984 <tud_descriptor_other_speed_configuration_cb>
10004fce:	4602      	mov	r2, r0
10004fd0:	2800      	cmp	r0, #0
10004fd2:	f43f ae2a 	beq.w	10004c2a <tud_task_ext+0x166>
10004fd6:	4640      	mov	r0, r8
10004fd8:	8853      	ldrh	r3, [r2, #2]
10004fda:	a908      	add	r1, sp, #32
10004fdc:	f000 fa14 	bl	10005408 <tud_control_xfer>
10004fe0:	2800      	cmp	r0, #0
10004fe2:	f47f ad7e 	bne.w	10004ae2 <tud_task_ext+0x1e>
10004fe6:	e620      	b.n	10004c2a <tud_task_ext+0x166>
10004fe8:	f89d 3024 	ldrb.w	r3, [sp, #36]	; 0x24
10004fec:	2b0f      	cmp	r3, #15
10004fee:	f63f ae1c 	bhi.w	10004c2a <tud_task_ext+0x166>
10004ff2:	4a19      	ldr	r2, [pc, #100]	; (10005058 <tud_task_ext+0x594>)
10004ff4:	442b      	add	r3, r5
10004ff6:	791b      	ldrb	r3, [r3, #4]
10004ff8:	7812      	ldrb	r2, [r2, #0]
10004ffa:	4293      	cmp	r3, r2
10004ffc:	d227      	bcs.n	1000504e <tud_task_ext+0x58a>
10004ffe:	f8db 5000 	ldr.w	r5, [fp]
10005002:	eb15 1543 	adds.w	r5, r5, r3, lsl #5
10005006:	f43f ae10 	beq.w	10004c2a <tud_task_ext+0x166>
1000500a:	6968      	ldr	r0, [r5, #20]
1000500c:	f000 fa6c 	bl	100054e8 <usbd_control_set_complete_callback>
10005010:	4640      	mov	r0, r8
10005012:	2101      	movs	r1, #1
10005014:	696b      	ldr	r3, [r5, #20]
10005016:	aa08      	add	r2, sp, #32
10005018:	4798      	blx	r3
1000501a:	2800      	cmp	r0, #0
1000501c:	f47f ad61 	bne.w	10004ae2 <tud_task_ext+0x1e>
10005020:	e603      	b.n	10004c2a <tud_task_ext+0x166>
10005022:	2a00      	cmp	r2, #0
10005024:	f47f ae01 	bne.w	10004c2a <tud_task_ext+0x166>
10005028:	2700      	movs	r7, #0
1000502a:	f89d 2021 	ldrb.w	r2, [sp, #33]	; 0x21
1000502e:	f002 03fd 	and.w	r3, r2, #253	; 0xfd
10005032:	2b01      	cmp	r3, #1
10005034:	d012      	beq.n	1000505c <tud_task_ext+0x598>
10005036:	2a00      	cmp	r2, #0
10005038:	f47f adf0 	bne.w	10004c1c <tud_task_ext+0x158>
1000503c:	9b01      	ldr	r3, [sp, #4]
1000503e:	4435      	add	r5, r6
10005040:	442b      	add	r3, r5
10005042:	f893 3034 	ldrb.w	r3, [r3, #52]	; 0x34
10005046:	4640      	mov	r0, r8
10005048:	f3c3 0340 	ubfx	r3, r3, #1, #1
1000504c:	e7a3      	b.n	10004f96 <tud_task_ext+0x4d2>
1000504e:	f47f adec 	bne.w	10004c2a <tud_task_ext+0x166>
10005052:	4655      	mov	r5, sl
10005054:	e7d9      	b.n	1000500a <tud_task_ext+0x546>
10005056:	bf00      	nop
10005058:	20002121 	.word	0x20002121
1000505c:	f8bd 3022 	ldrh.w	r3, [sp, #34]	; 0x22
10005060:	b9ab      	cbnz	r3, 1000508e <tud_task_ext+0x5ca>
10005062:	2a01      	cmp	r2, #1
10005064:	f000 8088 	beq.w	10005178 <tud_task_ext+0x6b4>
10005068:	f899 0000 	ldrb.w	r0, [r9]
1000506c:	f7ff fbca 	bl	10004804 <dcd_edpt_stall>
10005070:	9a01      	ldr	r2, [sp, #4]
10005072:	19ab      	adds	r3, r5, r6
10005074:	4413      	add	r3, r2
10005076:	f893 2034 	ldrb.w	r2, [r3, #52]	; 0x34
1000507a:	f042 0202 	orr.w	r2, r2, #2
1000507e:	f883 2034 	strb.w	r2, [r3, #52]	; 0x34
10005082:	f893 2034 	ldrb.w	r2, [r3, #52]	; 0x34
10005086:	f042 0201 	orr.w	r2, r2, #1
1000508a:	f883 2034 	strb.w	r2, [r3, #52]	; 0x34
1000508e:	2f00      	cmp	r7, #0
10005090:	f43f ad27 	beq.w	10004ae2 <tud_task_ext+0x1e>
10005094:	6978      	ldr	r0, [r7, #20]
10005096:	f000 fa27 	bl	100054e8 <usbd_control_set_complete_callback>
1000509a:	697b      	ldr	r3, [r7, #20]
1000509c:	2101      	movs	r1, #1
1000509e:	aa08      	add	r2, sp, #32
100050a0:	4640      	mov	r0, r8
100050a2:	4798      	blx	r3
100050a4:	2000      	movs	r0, #0
100050a6:	f000 fa1f 	bl	100054e8 <usbd_control_set_complete_callback>
100050aa:	f895 3035 	ldrb.w	r3, [r5, #53]	; 0x35
100050ae:	07de      	lsls	r6, r3, #31
100050b0:	f53f ad17 	bmi.w	10004ae2 <tud_task_ext+0x1e>
100050b4:	e69a      	b.n	10004dec <tud_task_ext+0x328>
100050b6:	f7ff fc69 	bl	1000498c <tud_umount_cb>
100050ba:	4640      	mov	r0, r8
100050bc:	a908      	add	r1, sp, #32
100050be:	f000 f989 	bl	100053d4 <tud_control_status>
100050c2:	e50e      	b.n	10004ae2 <tud_task_ext+0x1e>
100050c4:	f1b8 0f01 	cmp.w	r8, #1
100050c8:	4633      	mov	r3, r6
100050ca:	463e      	mov	r6, r7
100050cc:	460f      	mov	r7, r1
100050ce:	f000 809f 	beq.w	10005210 <tud_task_ext+0x74c>
100050d2:	f1b8 0f00 	cmp.w	r8, #0
100050d6:	f000 808e 	beq.w	100051f6 <tud_task_ext+0x732>
100050da:	2300      	movs	r3, #0
100050dc:	78b9      	ldrb	r1, [r7, #2]
100050de:	e004      	b.n	100050ea <tud_task_ext+0x626>
100050e0:	7116      	strb	r6, [r2, #4]
100050e2:	b2da      	uxtb	r2, r3
100050e4:	4590      	cmp	r8, r2
100050e6:	f240 8086 	bls.w	100051f6 <tud_task_ext+0x732>
100050ea:	18ca      	adds	r2, r1, r3
100050ec:	fa55 f282 	uxtab	r2, r5, r2
100050f0:	f892 c004 	ldrb.w	ip, [r2, #4]
100050f4:	3301      	adds	r3, #1
100050f6:	f1bc 0fff 	cmp.w	ip, #255	; 0xff
100050fa:	d0f1      	beq.n	100050e0 <tud_task_ext+0x61c>
100050fc:	f04f 23e0 	mov.w	r3, #3758153728	; 0xe000e000
10005100:	f8d3 3df0 	ldr.w	r3, [r3, #3568]	; 0xdf0
10005104:	07db      	lsls	r3, r3, #31
10005106:	d500      	bpl.n	1000510a <tud_task_ext+0x646>
10005108:	be00      	bkpt	0x0000
1000510a:	f04f 23e0 	mov.w	r3, #3758153728	; 0xe000e000
1000510e:	f8d3 3df0 	ldr.w	r3, [r3, #3568]	; 0xdf0
10005112:	07df      	lsls	r7, r3, #31
10005114:	d500      	bpl.n	10005118 <tud_task_ext+0x654>
10005116:	be00      	bkpt	0x0000
10005118:	2300      	movs	r3, #0
1000511a:	706b      	strb	r3, [r5, #1]
1000511c:	e585      	b.n	10004c2a <tud_task_ext+0x166>
1000511e:	f7ff fa3b 	bl	10004598 <tud_descriptor_bos_cb>
10005122:	4602      	mov	r2, r0
10005124:	2800      	cmp	r0, #0
10005126:	f47f af56 	bne.w	10004fd6 <tud_task_ext+0x512>
1000512a:	e57e      	b.n	10004c2a <tud_task_ext+0x166>
1000512c:	f7ff f8d2 	bl	100042d4 <tud_descriptor_device_cb>
10005130:	4602      	mov	r2, r0
10005132:	2800      	cmp	r0, #0
10005134:	f43f ad72 	beq.w	10004c1c <tud_task_ext+0x158>
10005138:	4640      	mov	r0, r8
1000513a:	2312      	movs	r3, #18
1000513c:	a908      	add	r1, sp, #32
1000513e:	f000 f963 	bl	10005408 <tud_control_xfer>
10005142:	2800      	cmp	r0, #0
10005144:	f47f accd 	bne.w	10004ae2 <tud_task_ext+0x1e>
10005148:	e56f      	b.n	10004c2a <tud_task_ext+0x166>
1000514a:	f7ff fc19 	bl	10004980 <tud_descriptor_device_qualifier_cb>
1000514e:	4602      	mov	r2, r0
10005150:	2800      	cmp	r0, #0
10005152:	f43f ad6a 	beq.w	10004c2a <tud_task_ext+0x166>
10005156:	4640      	mov	r0, r8
10005158:	7813      	ldrb	r3, [r2, #0]
1000515a:	a908      	add	r1, sp, #32
1000515c:	f000 f954 	bl	10005408 <tud_control_xfer>
10005160:	2800      	cmp	r0, #0
10005162:	f47f acbe 	bne.w	10004ae2 <tud_task_ext+0x1e>
10005166:	e560      	b.n	10004c2a <tud_task_ext+0x166>
10005168:	f8bd 1024 	ldrh.w	r1, [sp, #36]	; 0x24
1000516c:	f7ff f8ba 	bl	100042e4 <tud_descriptor_string_cb>
10005170:	4602      	mov	r2, r0
10005172:	2800      	cmp	r0, #0
10005174:	d1ef      	bne.n	10005156 <tud_task_ext+0x692>
10005176:	e558      	b.n	10004c2a <tud_task_ext+0x166>
10005178:	f899 0000 	ldrb.w	r0, [r9]
1000517c:	9302      	str	r3, [sp, #8]
1000517e:	f7ff fb59 	bl	10004834 <dcd_edpt_clear_stall>
10005182:	9b01      	ldr	r3, [sp, #4]
10005184:	19aa      	adds	r2, r5, r6
10005186:	441a      	add	r2, r3
10005188:	f892 1034 	ldrb.w	r1, [r2, #52]	; 0x34
1000518c:	9b02      	ldr	r3, [sp, #8]
1000518e:	f363 0141 	bfi	r1, r3, #1, #1
10005192:	f882 1034 	strb.w	r1, [r2, #52]	; 0x34
10005196:	f892 1034 	ldrb.w	r1, [r2, #52]	; 0x34
1000519a:	f363 0100 	bfi	r1, r3, #0, #1
1000519e:	f882 1034 	strb.w	r1, [r2, #52]	; 0x34
100051a2:	e774      	b.n	1000508e <tud_task_ext+0x5ca>
100051a4:	2100      	movs	r1, #0
100051a6:	4640      	mov	r0, r8
100051a8:	f7ff fa78 	bl	1000469c <dcd_sof_enable>
100051ac:	4640      	mov	r0, r8
100051ae:	f7ff fb13 	bl	100047d8 <dcd_edpt_close_all>
100051b2:	78af      	ldrb	r7, [r5, #2]
100051b4:	4640      	mov	r0, r8
100051b6:	f7ff fb99 	bl	100048ec <configuration_reset>
100051ba:	70af      	strb	r7, [r5, #2]
100051bc:	e637      	b.n	10004e2e <tud_task_ext+0x36a>
100051be:	f8dd 800c 	ldr.w	r8, [sp, #12]
100051c2:	f7ff fbe1 	bl	10004988 <tud_mount_cb>
100051c6:	e778      	b.n	100050ba <tud_task_ext+0x5f6>
100051c8:	4640      	mov	r0, r8
100051ca:	2301      	movs	r3, #1
100051cc:	a908      	add	r1, sp, #32
100051ce:	f10d 021a 	add.w	r2, sp, #26
100051d2:	f88d 501a 	strb.w	r5, [sp, #26]
100051d6:	f000 f917 	bl	10005408 <tud_control_xfer>
100051da:	e482      	b.n	10004ae2 <tud_task_ext+0x1e>
100051dc:	783b      	ldrb	r3, [r7, #0]
100051de:	f897 8003 	ldrb.w	r8, [r7, #3]
100051e2:	441f      	add	r7, r3
100051e4:	787b      	ldrb	r3, [r7, #1]
100051e6:	e64f      	b.n	10004e88 <tud_task_ext+0x3c4>
100051e8:	f7ff f878 	bl	100042dc <tud_descriptor_configuration_cb>
100051ec:	4602      	mov	r2, r0
100051ee:	2800      	cmp	r0, #0
100051f0:	f47f aef1 	bne.w	10004fd6 <tud_task_ext+0x512>
100051f4:	e512      	b.n	10004c1c <tud_task_ext+0x158>
100051f6:	4639      	mov	r1, r7
100051f8:	4602      	mov	r2, r0
100051fa:	4633      	mov	r3, r6
100051fc:	4407      	add	r7, r0
100051fe:	480c      	ldr	r0, [pc, #48]	; (10005230 <tud_task_ext+0x76c>)
10005200:	f000 fd8c 	bl	10005d1c <tu_edpt_bind_driver>
10005204:	4b0b      	ldr	r3, [pc, #44]	; (10005234 <tud_task_ext+0x770>)
10005206:	781b      	ldrb	r3, [r3, #0]
10005208:	42b3      	cmp	r3, r6
1000520a:	f4bf ae33 	bcs.w	10004e74 <tud_task_ext+0x3b0>
1000520e:	e775      	b.n	100050fc <tud_task_ext+0x638>
10005210:	691b      	ldr	r3, [r3, #16]
10005212:	4a09      	ldr	r2, [pc, #36]	; (10005238 <tud_task_ext+0x774>)
10005214:	4293      	cmp	r3, r2
10005216:	bf08      	it	eq
10005218:	f04f 0802 	moveq.w	r8, #2
1000521c:	e75d      	b.n	100050da <tud_task_ext+0x616>
1000521e:	f04f 23e0 	mov.w	r3, #3758153728	; 0xe000e000
10005222:	f8d3 3df0 	ldr.w	r3, [r3, #3568]	; 0xdf0
10005226:	07db      	lsls	r3, r3, #31
10005228:	f57f ac5b 	bpl.w	10004ae2 <tud_task_ext+0x1e>
1000522c:	be00      	bkpt	0x0000
1000522e:	e458      	b.n	10004ae2 <tud_task_ext+0x1e>
10005230:	20001b44 	.word	0x20001b44
10005234:	20002121 	.word	0x20002121
10005238:	10005931 	.word	0x10005931

1000523c <usbd_open_edpt_pair>:
1000523c:	e92d 4ff8 	stmdb	sp!, {r3, r4, r5, r6, r7, r8, r9, sl, fp, lr}
10005240:	9f0a      	ldr	r7, [sp, #40]	; 0x28
10005242:	2a00      	cmp	r2, #0
10005244:	d040      	beq.n	100052c8 <usbd_open_edpt_pair+0x8c>
10005246:	460c      	mov	r4, r1
10005248:	461e      	mov	r6, r3
1000524a:	4615      	mov	r5, r2
1000524c:	f04f 0a00 	mov.w	sl, #0
10005250:	f8df 907c 	ldr.w	r9, [pc, #124]	; 100052d0 <usbd_open_edpt_pair+0x94>
10005254:	f8df 807c 	ldr.w	r8, [pc, #124]	; 100052d4 <usbd_open_edpt_pair+0x98>
10005258:	e018      	b.n	1000528c <usbd_open_edpt_pair+0x50>
1000525a:	4620      	mov	r0, r4
1000525c:	f898 1002 	ldrb.w	r1, [r8, #2]
10005260:	f899 b000 	ldrb.w	fp, [r9]
10005264:	f000 fd26 	bl	10005cb4 <tu_edpt_validate>
10005268:	b1e0      	cbz	r0, 100052a4 <usbd_open_edpt_pair+0x68>
1000526a:	4621      	mov	r1, r4
1000526c:	4658      	mov	r0, fp
1000526e:	f7ff fa31 	bl	100046d4 <dcd_edpt_open>
10005272:	b1f0      	cbz	r0, 100052b2 <usbd_open_edpt_pair+0x76>
10005274:	78a2      	ldrb	r2, [r4, #2]
10005276:	f10a 0a01 	add.w	sl, sl, #1
1000527a:	09d3      	lsrs	r3, r2, #7
1000527c:	bf16      	itet	ne
1000527e:	9b0b      	ldrne	r3, [sp, #44]	; 0x2c
10005280:	703a      	strbeq	r2, [r7, #0]
10005282:	701a      	strbne	r2, [r3, #0]
10005284:	7822      	ldrb	r2, [r4, #0]
10005286:	45aa      	cmp	sl, r5
10005288:	4414      	add	r4, r2
1000528a:	d01d      	beq.n	100052c8 <usbd_open_edpt_pair+0x8c>
1000528c:	7862      	ldrb	r2, [r4, #1]
1000528e:	2a05      	cmp	r2, #5
10005290:	d10f      	bne.n	100052b2 <usbd_open_edpt_pair+0x76>
10005292:	78e1      	ldrb	r1, [r4, #3]
10005294:	f001 0103 	and.w	r1, r1, #3
10005298:	42b1      	cmp	r1, r6
1000529a:	d10a      	bne.n	100052b2 <usbd_open_edpt_pair+0x76>
1000529c:	78a2      	ldrb	r2, [r4, #2]
1000529e:	f012 0f70 	tst.w	r2, #112	; 0x70
100052a2:	d0da      	beq.n	1000525a <usbd_open_edpt_pair+0x1e>
100052a4:	f04f 23e0 	mov.w	r3, #3758153728	; 0xe000e000
100052a8:	f8d3 3df0 	ldr.w	r3, [r3, #3568]	; 0xdf0
100052ac:	07da      	lsls	r2, r3, #31
100052ae:	d500      	bpl.n	100052b2 <usbd_open_edpt_pair+0x76>
100052b0:	be00      	bkpt	0x0000
100052b2:	f04f 23e0 	mov.w	r3, #3758153728	; 0xe000e000
100052b6:	f8d3 3df0 	ldr.w	r3, [r3, #3568]	; 0xdf0
100052ba:	07db      	lsls	r3, r3, #31
100052bc:	d402      	bmi.n	100052c4 <usbd_open_edpt_pair+0x88>
100052be:	2000      	movs	r0, #0
100052c0:	e8bd 8ff8 	ldmia.w	sp!, {r3, r4, r5, r6, r7, r8, r9, sl, fp, pc}
100052c4:	be00      	bkpt	0x0000
100052c6:	e7fa      	b.n	100052be <usbd_open_edpt_pair+0x82>
100052c8:	2001      	movs	r0, #1
100052ca:	e8bd 8ff8 	ldmia.w	sp!, {r3, r4, r5, r6, r7, r8, r9, sl, fp, pc}
100052ce:	bf00      	nop
100052d0:	200017cc 	.word	0x200017cc
100052d4:	20001b30 	.word	0x20001b30

100052d8 <usbd_edpt_open>:
100052d8:	b538      	push	{r3, r4, r5, lr}
100052da:	788b      	ldrb	r3, [r1, #2]
100052dc:	f013 0f70 	tst.w	r3, #112	; 0x70
100052e0:	d008      	beq.n	100052f4 <usbd_edpt_open+0x1c>
100052e2:	f04f 23e0 	mov.w	r3, #3758153728	; 0xe000e000
100052e6:	f8d3 3df0 	ldr.w	r3, [r3, #3568]	; 0xdf0
100052ea:	07db      	lsls	r3, r3, #31
100052ec:	d500      	bpl.n	100052f0 <usbd_edpt_open+0x18>
100052ee:	be00      	bkpt	0x0000
100052f0:	2000      	movs	r0, #0
100052f2:	bd38      	pop	{r3, r4, r5, pc}
100052f4:	4a07      	ldr	r2, [pc, #28]	; (10005314 <usbd_edpt_open+0x3c>)
100052f6:	4b08      	ldr	r3, [pc, #32]	; (10005318 <usbd_edpt_open+0x40>)
100052f8:	460c      	mov	r4, r1
100052fa:	4608      	mov	r0, r1
100052fc:	7891      	ldrb	r1, [r2, #2]
100052fe:	781d      	ldrb	r5, [r3, #0]
10005300:	f000 fcd8 	bl	10005cb4 <tu_edpt_validate>
10005304:	2800      	cmp	r0, #0
10005306:	d0ec      	beq.n	100052e2 <usbd_edpt_open+0xa>
10005308:	4621      	mov	r1, r4
1000530a:	4628      	mov	r0, r5
1000530c:	e8bd 4038 	ldmia.w	sp!, {r3, r4, r5, lr}
10005310:	f7ff b9e0 	b.w	100046d4 <dcd_edpt_open>
10005314:	20001b30 	.word	0x20001b30
10005318:	200017cc 	.word	0x200017cc

1000531c <usbd_edpt_claim>:
1000531c:	460b      	mov	r3, r1
1000531e:	4a06      	ldr	r2, [pc, #24]	; (10005338 <usbd_edpt_claim+0x1c>)
10005320:	4806      	ldr	r0, [pc, #24]	; (1000533c <usbd_edpt_claim+0x20>)
10005322:	6811      	ldr	r1, [r2, #0]
10005324:	09da      	lsrs	r2, r3, #7
10005326:	3234      	adds	r2, #52	; 0x34
10005328:	f003 037f 	and.w	r3, r3, #127	; 0x7f
1000532c:	eb02 0343 	add.w	r3, r2, r3, lsl #1
10005330:	4418      	add	r0, r3
10005332:	f000 bc79 	b.w	10005c28 <tu_edpt_claim>
10005336:	bf00      	nop
10005338:	20001b84 	.word	0x20001b84
1000533c:	20001b30 	.word	0x20001b30

10005340 <usbd_edpt_release>:
10005340:	460b      	mov	r3, r1
10005342:	4a06      	ldr	r2, [pc, #24]	; (1000535c <usbd_edpt_release+0x1c>)
10005344:	4806      	ldr	r0, [pc, #24]	; (10005360 <usbd_edpt_release+0x20>)
10005346:	6811      	ldr	r1, [r2, #0]
10005348:	09da      	lsrs	r2, r3, #7
1000534a:	3234      	adds	r2, #52	; 0x34
1000534c:	f003 037f 	and.w	r3, r3, #127	; 0x7f
10005350:	eb02 0343 	add.w	r3, r2, r3, lsl #1
10005354:	4418      	add	r0, r3
10005356:	f000 bc91 	b.w	10005c7c <tu_edpt_release>
1000535a:	bf00      	nop
1000535c:	20001b84 	.word	0x20001b84
10005360:	20001b30 	.word	0x20001b30

10005364 <usbd_edpt_xfer>:
10005364:	b510      	push	{r4, lr}
10005366:	4c19      	ldr	r4, [pc, #100]	; (100053cc <usbd_edpt_xfer+0x68>)
10005368:	f001 0c7f 	and.w	ip, r1, #127	; 0x7f
1000536c:	eb04 044c 	add.w	r4, r4, ip, lsl #1
10005370:	eb04 10d1 	add.w	r0, r4, r1, lsr #7
10005374:	f890 c034 	ldrb.w	ip, [r0, #52]	; 0x34
10005378:	f01c 0f01 	tst.w	ip, #1
1000537c:	d008      	beq.n	10005390 <usbd_edpt_xfer+0x2c>
1000537e:	f04f 23e0 	mov.w	r3, #3758153728	; 0xe000e000
10005382:	f8d3 3df0 	ldr.w	r3, [r3, #3568]	; 0xdf0
10005386:	07da      	lsls	r2, r3, #31
10005388:	d500      	bpl.n	1000538c <usbd_edpt_xfer+0x28>
1000538a:	be00      	bkpt	0x0000
1000538c:	2000      	movs	r0, #0
1000538e:	bd10      	pop	{r4, pc}
10005390:	f890 c034 	ldrb.w	ip, [r0, #52]	; 0x34
10005394:	f100 0430 	add.w	r4, r0, #48	; 0x30
10005398:	480d      	ldr	r0, [pc, #52]	; (100053d0 <usbd_edpt_xfer+0x6c>)
1000539a:	f04c 0c01 	orr.w	ip, ip, #1
1000539e:	7800      	ldrb	r0, [r0, #0]
100053a0:	f884 c004 	strb.w	ip, [r4, #4]
100053a4:	f7ff fa1a 	bl	100047dc <dcd_edpt_xfer>
100053a8:	2800      	cmp	r0, #0
100053aa:	d1f0      	bne.n	1000538e <usbd_edpt_xfer+0x2a>
100053ac:	f04f 22e0 	mov.w	r2, #3758153728	; 0xe000e000
100053b0:	7923      	ldrb	r3, [r4, #4]
100053b2:	f360 0300 	bfi	r3, r0, #0, #1
100053b6:	7123      	strb	r3, [r4, #4]
100053b8:	7923      	ldrb	r3, [r4, #4]
100053ba:	f360 0382 	bfi	r3, r0, #2, #1
100053be:	7123      	strb	r3, [r4, #4]
100053c0:	f8d2 3df0 	ldr.w	r3, [r2, #3568]	; 0xdf0
100053c4:	07db      	lsls	r3, r3, #31
100053c6:	d5e1      	bpl.n	1000538c <usbd_edpt_xfer+0x28>
100053c8:	be00      	bkpt	0x0000
100053ca:	bd10      	pop	{r4, pc}
100053cc:	20001b30 	.word	0x20001b30
100053d0:	200017cc 	.word	0x200017cc

100053d4 <tud_control_status>:
100053d4:	b530      	push	{r4, r5, lr}
100053d6:	4c0b      	ldr	r4, [pc, #44]	; (10005404 <tud_control_status+0x30>)
100053d8:	468c      	mov	ip, r1
100053da:	46a6      	mov	lr, r4
100053dc:	2300      	movs	r3, #0
100053de:	4605      	mov	r5, r0
100053e0:	6808      	ldr	r0, [r1, #0]
100053e2:	6849      	ldr	r1, [r1, #4]
100053e4:	461a      	mov	r2, r3
100053e6:	e8ae 0003 	stmia.w	lr!, {r0, r1}
100053ea:	f99c 1000 	ldrsb.w	r1, [ip]
100053ee:	4628      	mov	r0, r5
100053f0:	4299      	cmp	r1, r3
100053f2:	e9c4 3302 	strd	r3, r3, [r4, #8]
100053f6:	e8bd 4030 	ldmia.w	sp!, {r4, r5, lr}
100053fa:	bfac      	ite	ge
100053fc:	2180      	movge	r1, #128	; 0x80
100053fe:	4619      	movlt	r1, r3
10005400:	f7ff bfb0 	b.w	10005364 <usbd_edpt_xfer>
10005404:	20001af0 	.word	0x20001af0

10005408 <tud_control_xfer>:
10005408:	e92d 41f0 	stmdb	sp!, {r4, r5, r6, r7, r8, lr}
1000540c:	4f2f      	ldr	r7, [pc, #188]	; (100054cc <tud_control_xfer+0xc4>)
1000540e:	f04f 0800 	mov.w	r8, #0
10005412:	46be      	mov	lr, r7
10005414:	468c      	mov	ip, r1
10005416:	4606      	mov	r6, r0
10005418:	6808      	ldr	r0, [r1, #0]
1000541a:	6849      	ldr	r1, [r1, #4]
1000541c:	60ba      	str	r2, [r7, #8]
1000541e:	e8ae 0003 	stmia.w	lr!, {r0, r1}
10005422:	f8a7 800e 	strh.w	r8, [r7, #14]
10005426:	f8bc 5006 	ldrh.w	r5, [ip, #6]
1000542a:	b082      	sub	sp, #8
1000542c:	42ab      	cmp	r3, r5
1000542e:	bf28      	it	cs
10005430:	462b      	movcs	r3, r5
10005432:	81bb      	strh	r3, [r7, #12]
10005434:	b19d      	cbz	r5, 1000545e <tud_control_xfer+0x56>
10005436:	b34b      	cbz	r3, 1000548c <tud_control_xfer+0x84>
10005438:	4614      	mov	r4, r2
1000543a:	b37a      	cbz	r2, 1000549c <tud_control_xfer+0x94>
1000543c:	f997 2000 	ldrsb.w	r2, [r7]
10005440:	2b40      	cmp	r3, #64	; 0x40
10005442:	bf28      	it	cs
10005444:	2340      	movcs	r3, #64	; 0x40
10005446:	2a00      	cmp	r2, #0
10005448:	db32      	blt.n	100054b0 <tud_control_xfer+0xa8>
1000544a:	4641      	mov	r1, r8
1000544c:	4a20      	ldr	r2, [pc, #128]	; (100054d0 <tud_control_xfer+0xc8>)
1000544e:	4630      	mov	r0, r6
10005450:	f7ff ff88 	bl	10005364 <usbd_edpt_xfer>
10005454:	b180      	cbz	r0, 10005478 <tud_control_xfer+0x70>
10005456:	2001      	movs	r0, #1
10005458:	b002      	add	sp, #8
1000545a:	e8bd 81f0 	ldmia.w	sp!, {r4, r5, r6, r7, r8, pc}
1000545e:	f99c 2000 	ldrsb.w	r2, [ip]
10005462:	462b      	mov	r3, r5
10005464:	2a00      	cmp	r2, #0
10005466:	bfac      	ite	ge
10005468:	2180      	movge	r1, #128	; 0x80
1000546a:	2100      	movlt	r1, #0
1000546c:	462a      	mov	r2, r5
1000546e:	4630      	mov	r0, r6
10005470:	f7ff ff78 	bl	10005364 <usbd_edpt_xfer>
10005474:	2800      	cmp	r0, #0
10005476:	d1ee      	bne.n	10005456 <tud_control_xfer+0x4e>
10005478:	f04f 23e0 	mov.w	r3, #3758153728	; 0xe000e000
1000547c:	f8d3 3df0 	ldr.w	r3, [r3, #3568]	; 0xdf0
10005480:	07db      	lsls	r3, r3, #31
10005482:	d511      	bpl.n	100054a8 <tud_control_xfer+0xa0>
10005484:	be00      	bkpt	0x0000
10005486:	b002      	add	sp, #8
10005488:	e8bd 81f0 	ldmia.w	sp!, {r4, r5, r6, r7, r8, pc}
1000548c:	f997 1000 	ldrsb.w	r1, [r7]
10005490:	461a      	mov	r2, r3
10005492:	2900      	cmp	r1, #0
10005494:	bfac      	ite	ge
10005496:	4619      	movge	r1, r3
10005498:	2180      	movlt	r1, #128	; 0x80
1000549a:	e7d8      	b.n	1000544e <tud_control_xfer+0x46>
1000549c:	f04f 23e0 	mov.w	r3, #3758153728	; 0xe000e000
100054a0:	f8d3 3df0 	ldr.w	r3, [r3, #3568]	; 0xdf0
100054a4:	07da      	lsls	r2, r3, #31
100054a6:	d40d      	bmi.n	100054c4 <tud_control_xfer+0xbc>
100054a8:	2000      	movs	r0, #0
100054aa:	b002      	add	sp, #8
100054ac:	e8bd 81f0 	ldmia.w	sp!, {r4, r5, r6, r7, r8, pc}
100054b0:	461a      	mov	r2, r3
100054b2:	4621      	mov	r1, r4
100054b4:	4806      	ldr	r0, [pc, #24]	; (100054d0 <tud_control_xfer+0xc8>)
100054b6:	9301      	str	r3, [sp, #4]
100054b8:	f000 ff92 	bl	100063e0 <__memcpy_veneer>
100054bc:	2180      	movs	r1, #128	; 0x80
100054be:	4a04      	ldr	r2, [pc, #16]	; (100054d0 <tud_control_xfer+0xc8>)
100054c0:	9b01      	ldr	r3, [sp, #4]
100054c2:	e7c4      	b.n	1000544e <tud_control_xfer+0x46>
100054c4:	be00      	bkpt	0x0000
100054c6:	4620      	mov	r0, r4
100054c8:	e7c6      	b.n	10005458 <tud_control_xfer+0x50>
100054ca:	bf00      	nop
100054cc:	20001af0 	.word	0x20001af0
100054d0:	20001ab0 	.word	0x20001ab0

100054d4 <usbd_control_reset>:
100054d4:	2200      	movs	r2, #0
100054d6:	4b03      	ldr	r3, [pc, #12]	; (100054e4 <usbd_control_reset+0x10>)
100054d8:	e9c3 2200 	strd	r2, r2, [r3]
100054dc:	e9c3 2202 	strd	r2, r2, [r3, #8]
100054e0:	611a      	str	r2, [r3, #16]
100054e2:	4770      	bx	lr
100054e4:	20001af0 	.word	0x20001af0

100054e8 <usbd_control_set_complete_callback>:
100054e8:	4b01      	ldr	r3, [pc, #4]	; (100054f0 <usbd_control_set_complete_callback+0x8>)
100054ea:	6118      	str	r0, [r3, #16]
100054ec:	4770      	bx	lr
100054ee:	bf00      	nop
100054f0:	20001af0 	.word	0x20001af0

100054f4 <usbd_control_set_request>:
100054f4:	b430      	push	{r4, r5}
100054f6:	4602      	mov	r2, r0
100054f8:	4c04      	ldr	r4, [pc, #16]	; (1000550c <usbd_control_set_request+0x18>)
100054fa:	2500      	movs	r5, #0
100054fc:	4623      	mov	r3, r4
100054fe:	6800      	ldr	r0, [r0, #0]
10005500:	6851      	ldr	r1, [r2, #4]
10005502:	e9c4 5502 	strd	r5, r5, [r4, #8]
10005506:	bc30      	pop	{r4, r5}
10005508:	c303      	stmia	r3!, {r0, r1}
1000550a:	4770      	bx	lr
1000550c:	20001af0 	.word	0x20001af0

10005510 <usbd_control_xfer_cb>:
10005510:	b570      	push	{r4, r5, r6, lr}
10005512:	4c41      	ldr	r4, [pc, #260]	; (10005618 <usbd_control_xfer_cb+0x108>)
10005514:	09c9      	lsrs	r1, r1, #7
10005516:	7822      	ldrb	r2, [r4, #0]
10005518:	4605      	mov	r5, r0
1000551a:	ebb1 1fd2 	cmp.w	r1, r2, lsr #7
1000551e:	461e      	mov	r6, r3
10005520:	b082      	sub	sp, #8
10005522:	d021      	beq.n	10005568 <usbd_control_xfer_cb+0x58>
10005524:	b14b      	cbz	r3, 1000553a <usbd_control_xfer_cb+0x2a>
10005526:	f04f 23e0 	mov.w	r3, #3758153728	; 0xe000e000
1000552a:	f8d3 3df0 	ldr.w	r3, [r3, #3568]	; 0xdf0
1000552e:	07da      	lsls	r2, r3, #31
10005530:	d500      	bpl.n	10005534 <usbd_control_xfer_cb+0x24>
10005532:	be00      	bkpt	0x0000
10005534:	2000      	movs	r0, #0
10005536:	b002      	add	sp, #8
10005538:	bd70      	pop	{r4, r5, r6, pc}
1000553a:	4621      	mov	r1, r4
1000553c:	f7ff f8bc 	bl	100046b8 <dcd_edpt0_status_complete>
10005540:	6923      	ldr	r3, [r4, #16]
10005542:	b173      	cbz	r3, 10005562 <usbd_control_xfer_cb+0x52>
10005544:	4622      	mov	r2, r4
10005546:	2103      	movs	r1, #3
10005548:	4628      	mov	r0, r5
1000554a:	4798      	blx	r3
1000554c:	2001      	movs	r0, #1
1000554e:	b002      	add	sp, #8
10005550:	bd70      	pop	{r4, r5, r6, pc}
10005552:	4601      	mov	r1, r0
10005554:	4628      	mov	r0, r5
10005556:	f7ff f955 	bl	10004804 <dcd_edpt_stall>
1000555a:	2180      	movs	r1, #128	; 0x80
1000555c:	4628      	mov	r0, r5
1000555e:	f7ff f951 	bl	10004804 <dcd_edpt_stall>
10005562:	2001      	movs	r0, #1
10005564:	b002      	add	sp, #8
10005566:	bd70      	pop	{r4, r5, r6, pc}
10005568:	f994 2000 	ldrsb.w	r2, [r4]
1000556c:	2a00      	cmp	r2, #0
1000556e:	db06      	blt.n	1000557e <usbd_control_xfer_cb+0x6e>
10005570:	68a0      	ldr	r0, [r4, #8]
10005572:	2800      	cmp	r0, #0
10005574:	d0de      	beq.n	10005534 <usbd_control_xfer_cb+0x24>
10005576:	461a      	mov	r2, r3
10005578:	4928      	ldr	r1, [pc, #160]	; (1000561c <usbd_control_xfer_cb+0x10c>)
1000557a:	f000 ff31 	bl	100063e0 <__memcpy_veneer>
1000557e:	89e0      	ldrh	r0, [r4, #14]
10005580:	68a1      	ldr	r1, [r4, #8]
10005582:	88e2      	ldrh	r2, [r4, #6]
10005584:	4430      	add	r0, r6
10005586:	b280      	uxth	r0, r0
10005588:	4431      	add	r1, r6
1000558a:	4282      	cmp	r2, r0
1000558c:	81e0      	strh	r0, [r4, #14]
1000558e:	60a1      	str	r1, [r4, #8]
10005590:	d016      	beq.n	100055c0 <usbd_control_xfer_cb+0xb0>
10005592:	2e3f      	cmp	r6, #63	; 0x3f
10005594:	d914      	bls.n	100055c0 <usbd_control_xfer_cb+0xb0>
10005596:	89a2      	ldrh	r2, [r4, #12]
10005598:	f994 4000 	ldrsb.w	r4, [r4]
1000559c:	1a13      	subs	r3, r2, r0
1000559e:	b29b      	uxth	r3, r3
100055a0:	2b40      	cmp	r3, #64	; 0x40
100055a2:	bf28      	it	cs
100055a4:	2340      	movcs	r3, #64	; 0x40
100055a6:	2c00      	cmp	r4, #0
100055a8:	db27      	blt.n	100055fa <usbd_control_xfer_cb+0xea>
100055aa:	4290      	cmp	r0, r2
100055ac:	f04f 0100 	mov.w	r1, #0
100055b0:	d02f      	beq.n	10005612 <usbd_control_xfer_cb+0x102>
100055b2:	4a1a      	ldr	r2, [pc, #104]	; (1000561c <usbd_control_xfer_cb+0x10c>)
100055b4:	4628      	mov	r0, r5
100055b6:	f7ff fed5 	bl	10005364 <usbd_edpt_xfer>
100055ba:	2800      	cmp	r0, #0
100055bc:	d1d1      	bne.n	10005562 <usbd_control_xfer_cb+0x52>
100055be:	e014      	b.n	100055ea <usbd_control_xfer_cb+0xda>
100055c0:	6923      	ldr	r3, [r4, #16]
100055c2:	b12b      	cbz	r3, 100055d0 <usbd_control_xfer_cb+0xc0>
100055c4:	2102      	movs	r1, #2
100055c6:	4628      	mov	r0, r5
100055c8:	4a13      	ldr	r2, [pc, #76]	; (10005618 <usbd_control_xfer_cb+0x108>)
100055ca:	4798      	blx	r3
100055cc:	2800      	cmp	r0, #0
100055ce:	d0c0      	beq.n	10005552 <usbd_control_xfer_cb+0x42>
100055d0:	2300      	movs	r3, #0
100055d2:	f994 2000 	ldrsb.w	r2, [r4]
100055d6:	4628      	mov	r0, r5
100055d8:	429a      	cmp	r2, r3
100055da:	bfac      	ite	ge
100055dc:	2180      	movge	r1, #128	; 0x80
100055de:	4619      	movlt	r1, r3
100055e0:	461a      	mov	r2, r3
100055e2:	f7ff febf 	bl	10005364 <usbd_edpt_xfer>
100055e6:	2800      	cmp	r0, #0
100055e8:	d1bb      	bne.n	10005562 <usbd_control_xfer_cb+0x52>
100055ea:	f04f 23e0 	mov.w	r3, #3758153728	; 0xe000e000
100055ee:	f8d3 3df0 	ldr.w	r3, [r3, #3568]	; 0xdf0
100055f2:	07db      	lsls	r3, r3, #31
100055f4:	d59e      	bpl.n	10005534 <usbd_control_xfer_cb+0x24>
100055f6:	be00      	bkpt	0x0000
100055f8:	e79d      	b.n	10005536 <usbd_control_xfer_cb+0x26>
100055fa:	4290      	cmp	r0, r2
100055fc:	d008      	beq.n	10005610 <usbd_control_xfer_cb+0x100>
100055fe:	461a      	mov	r2, r3
10005600:	4806      	ldr	r0, [pc, #24]	; (1000561c <usbd_control_xfer_cb+0x10c>)
10005602:	9301      	str	r3, [sp, #4]
10005604:	f000 feec 	bl	100063e0 <__memcpy_veneer>
10005608:	2180      	movs	r1, #128	; 0x80
1000560a:	4a04      	ldr	r2, [pc, #16]	; (1000561c <usbd_control_xfer_cb+0x10c>)
1000560c:	9b01      	ldr	r3, [sp, #4]
1000560e:	e7d1      	b.n	100055b4 <usbd_control_xfer_cb+0xa4>
10005610:	2180      	movs	r1, #128	; 0x80
10005612:	2200      	movs	r2, #0
10005614:	e7ce      	b.n	100055b4 <usbd_control_xfer_cb+0xa4>
10005616:	bf00      	nop
10005618:	20001af0 	.word	0x20001af0
1000561c:	20001ab0 	.word	0x20001ab0

10005620 <_prep_out_transaction.isra.0>:
10005620:	e92d 41f0 	stmdb	sp!, {r4, r5, r6, r7, r8, lr}
10005624:	4604      	mov	r4, r0
10005626:	f7ff f9b7 	bl	10004998 <tud_mounted>
1000562a:	b908      	cbnz	r0, 10005630 <_prep_out_transaction.isra.0+0x10>
1000562c:	e8bd 81f0 	ldmia.w	sp!, {r4, r5, r6, r7, r8, pc}
10005630:	f7ff f9ba 	bl	100049a8 <tud_suspended>
10005634:	4607      	mov	r7, r0
10005636:	2800      	cmp	r0, #0
10005638:	d1f8      	bne.n	1000562c <_prep_out_transaction.isra.0+0xc>
1000563a:	25c8      	movs	r5, #200	; 0xc8
1000563c:	4b14      	ldr	r3, [pc, #80]	; (10005690 <_prep_out_transaction.isra.0+0x70>)
1000563e:	fb05 3604 	mla	r6, r5, r4, r3
10005642:	78f2      	ldrb	r2, [r6, #3]
10005644:	2a00      	cmp	r2, #0
10005646:	d0f1      	beq.n	1000562c <_prep_out_transaction.isra.0+0xc>
10005648:	fb05 3304 	mla	r3, r5, r4, r3
1000564c:	f103 0510 	add.w	r5, r3, #16
10005650:	4628      	mov	r0, r5
10005652:	f000 fbdb 	bl	10005e0c <tu_fifo_remaining>
10005656:	283f      	cmp	r0, #63	; 0x3f
10005658:	d9e8      	bls.n	1000562c <_prep_out_transaction.isra.0+0xc>
1000565a:	4638      	mov	r0, r7
1000565c:	78f1      	ldrb	r1, [r6, #3]
1000565e:	f7ff fe5d 	bl	1000531c <usbd_edpt_claim>
10005662:	2800      	cmp	r0, #0
10005664:	d0e2      	beq.n	1000562c <_prep_out_transaction.isra.0+0xc>
10005666:	4628      	mov	r0, r5
10005668:	f000 fbd0 	bl	10005e0c <tu_fifo_remaining>
1000566c:	283f      	cmp	r0, #63	; 0x3f
1000566e:	d909      	bls.n	10005684 <_prep_out_transaction.isra.0+0x64>
10005670:	4a08      	ldr	r2, [pc, #32]	; (10005694 <_prep_out_transaction.isra.0+0x74>)
10005672:	4638      	mov	r0, r7
10005674:	78f1      	ldrb	r1, [r6, #3]
10005676:	eb02 12c4 	add.w	r2, r2, r4, lsl #7
1000567a:	2340      	movs	r3, #64	; 0x40
1000567c:	e8bd 41f0 	ldmia.w	sp!, {r4, r5, r6, r7, r8, lr}
10005680:	f7ff be70 	b.w	10005364 <usbd_edpt_xfer>
10005684:	4638      	mov	r0, r7
10005686:	78f1      	ldrb	r1, [r6, #3]
10005688:	e8bd 41f0 	ldmia.w	sp!, {r4, r5, r6, r7, r8, lr}
1000568c:	f7ff be58 	b.w	10005340 <usbd_edpt_release>
10005690:	200019e8 	.word	0x200019e8
10005694:	20001964 	.word	0x20001964

10005698 <tud_cdc_n_connected>:
10005698:	b510      	push	{r4, lr}
1000569a:	4604      	mov	r4, r0
1000569c:	f7ff f97c 	bl	10004998 <tud_mounted>
100056a0:	b908      	cbnz	r0, 100056a6 <tud_cdc_n_connected+0xe>
100056a2:	2000      	movs	r0, #0
100056a4:	bd10      	pop	{r4, pc}
100056a6:	f7ff f97f 	bl	100049a8 <tud_suspended>
100056aa:	2800      	cmp	r0, #0
100056ac:	d1f9      	bne.n	100056a2 <tud_cdc_n_connected+0xa>
100056ae:	23c8      	movs	r3, #200	; 0xc8
100056b0:	4803      	ldr	r0, [pc, #12]	; (100056c0 <tud_cdc_n_connected+0x28>)
100056b2:	fb03 0004 	mla	r0, r3, r4, r0
100056b6:	7900      	ldrb	r0, [r0, #4]
100056b8:	f000 0001 	and.w	r0, r0, #1
100056bc:	bd10      	pop	{r4, pc}
100056be:	bf00      	nop
100056c0:	200019e8 	.word	0x200019e8

100056c4 <tud_cdc_n_available>:
100056c4:	22c8      	movs	r2, #200	; 0xc8
100056c6:	b508      	push	{r3, lr}
100056c8:	4b03      	ldr	r3, [pc, #12]	; (100056d8 <tud_cdc_n_available+0x14>)
100056ca:	fb02 3000 	mla	r0, r2, r0, r3
100056ce:	3010      	adds	r0, #16
100056d0:	f000 fb82 	bl	10005dd8 <tu_fifo_count>
100056d4:	bd08      	pop	{r3, pc}
100056d6:	bf00      	nop
100056d8:	200019e8 	.word	0x200019e8

100056dc <tud_cdc_n_read>:
100056dc:	e92d 43f8 	stmdb	sp!, {r3, r4, r5, r6, r7, r8, r9, lr}
100056e0:	f64f 74fe 	movw	r4, #65534	; 0xfffe
100056e4:	f64f 73ff 	movw	r3, #65535	; 0xffff
100056e8:	f04f 08c8 	mov.w	r8, #200	; 0xc8
100056ec:	42a2      	cmp	r2, r4
100056ee:	bf98      	it	ls
100056f0:	4613      	movls	r3, r2
100056f2:	4e1c      	ldr	r6, [pc, #112]	; (10005764 <tud_cdc_n_read+0x88>)
100056f4:	4604      	mov	r4, r0
100056f6:	fb08 6500 	mla	r5, r8, r0, r6
100056fa:	3510      	adds	r5, #16
100056fc:	4628      	mov	r0, r5
100056fe:	b29a      	uxth	r2, r3
10005700:	f000 fbe0 	bl	10005ec4 <tu_fifo_read_n>
10005704:	4607      	mov	r7, r0
10005706:	f7ff f947 	bl	10004998 <tud_mounted>
1000570a:	b910      	cbnz	r0, 10005712 <tud_cdc_n_read+0x36>
1000570c:	4638      	mov	r0, r7
1000570e:	e8bd 83f8 	ldmia.w	sp!, {r3, r4, r5, r6, r7, r8, r9, pc}
10005712:	f7ff f949 	bl	100049a8 <tud_suspended>
10005716:	4681      	mov	r9, r0
10005718:	2800      	cmp	r0, #0
1000571a:	d1f7      	bne.n	1000570c <tud_cdc_n_read+0x30>
1000571c:	fb08 6604 	mla	r6, r8, r4, r6
10005720:	78f3      	ldrb	r3, [r6, #3]
10005722:	2b00      	cmp	r3, #0
10005724:	d0f2      	beq.n	1000570c <tud_cdc_n_read+0x30>
10005726:	4628      	mov	r0, r5
10005728:	f000 fb70 	bl	10005e0c <tu_fifo_remaining>
1000572c:	283f      	cmp	r0, #63	; 0x3f
1000572e:	d9ed      	bls.n	1000570c <tud_cdc_n_read+0x30>
10005730:	4648      	mov	r0, r9
10005732:	78f1      	ldrb	r1, [r6, #3]
10005734:	f7ff fdf2 	bl	1000531c <usbd_edpt_claim>
10005738:	2800      	cmp	r0, #0
1000573a:	d0e7      	beq.n	1000570c <tud_cdc_n_read+0x30>
1000573c:	4628      	mov	r0, r5
1000573e:	f000 fb65 	bl	10005e0c <tu_fifo_remaining>
10005742:	283f      	cmp	r0, #63	; 0x3f
10005744:	d908      	bls.n	10005758 <tud_cdc_n_read+0x7c>
10005746:	4a08      	ldr	r2, [pc, #32]	; (10005768 <tud_cdc_n_read+0x8c>)
10005748:	4648      	mov	r0, r9
1000574a:	2340      	movs	r3, #64	; 0x40
1000574c:	78f1      	ldrb	r1, [r6, #3]
1000574e:	eb02 12c4 	add.w	r2, r2, r4, lsl #7
10005752:	f7ff fe07 	bl	10005364 <usbd_edpt_xfer>
10005756:	e7d9      	b.n	1000570c <tud_cdc_n_read+0x30>
10005758:	4648      	mov	r0, r9
1000575a:	78f1      	ldrb	r1, [r6, #3]
1000575c:	f7ff fdf0 	bl	10005340 <usbd_edpt_release>
10005760:	e7d4      	b.n	1000570c <tud_cdc_n_read+0x30>
10005762:	bf00      	nop
10005764:	200019e8 	.word	0x200019e8
10005768:	20001964 	.word	0x20001964

1000576c <tud_cdc_n_write_flush>:
1000576c:	e92d 41f0 	stmdb	sp!, {r4, r5, r6, r7, r8, lr}
10005770:	4605      	mov	r5, r0
10005772:	f7ff f911 	bl	10004998 <tud_mounted>
10005776:	b910      	cbnz	r0, 1000577e <tud_cdc_n_write_flush+0x12>
10005778:	2000      	movs	r0, #0
1000577a:	e8bd 81f0 	ldmia.w	sp!, {r4, r5, r6, r7, r8, pc}
1000577e:	f7ff f913 	bl	100049a8 <tud_suspended>
10005782:	4607      	mov	r7, r0
10005784:	2800      	cmp	r0, #0
10005786:	d1f7      	bne.n	10005778 <tud_cdc_n_write_flush+0xc>
10005788:	f04f 08c8 	mov.w	r8, #200	; 0xc8
1000578c:	4e17      	ldr	r6, [pc, #92]	; (100057ec <tud_cdc_n_write_flush+0x80>)
1000578e:	fb08 6405 	mla	r4, r8, r5, r6
10005792:	3424      	adds	r4, #36	; 0x24
10005794:	4620      	mov	r0, r4
10005796:	f000 fb1f 	bl	10005dd8 <tu_fifo_count>
1000579a:	2800      	cmp	r0, #0
1000579c:	d0ec      	beq.n	10005778 <tud_cdc_n_write_flush+0xc>
1000579e:	fb08 6605 	mla	r6, r8, r5, r6
100057a2:	4638      	mov	r0, r7
100057a4:	78b1      	ldrb	r1, [r6, #2]
100057a6:	f7ff fdb9 	bl	1000531c <usbd_edpt_claim>
100057aa:	2800      	cmp	r0, #0
100057ac:	d0e4      	beq.n	10005778 <tud_cdc_n_write_flush+0xc>
100057ae:	2240      	movs	r2, #64	; 0x40
100057b0:	490f      	ldr	r1, [pc, #60]	; (100057f0 <tud_cdc_n_write_flush+0x84>)
100057b2:	eb02 15c5 	add.w	r5, r2, r5, lsl #7
100057b6:	440d      	add	r5, r1
100057b8:	4620      	mov	r0, r4
100057ba:	4629      	mov	r1, r5
100057bc:	f000 fb82 	bl	10005ec4 <tu_fifo_read_n>
100057c0:	4604      	mov	r4, r0
100057c2:	b170      	cbz	r0, 100057e2 <tud_cdc_n_write_flush+0x76>
100057c4:	4603      	mov	r3, r0
100057c6:	462a      	mov	r2, r5
100057c8:	4638      	mov	r0, r7
100057ca:	78b1      	ldrb	r1, [r6, #2]
100057cc:	f7ff fdca 	bl	10005364 <usbd_edpt_xfer>
100057d0:	b950      	cbnz	r0, 100057e8 <tud_cdc_n_write_flush+0x7c>
100057d2:	f04f 23e0 	mov.w	r3, #3758153728	; 0xe000e000
100057d6:	f8d3 3df0 	ldr.w	r3, [r3, #3568]	; 0xdf0
100057da:	07db      	lsls	r3, r3, #31
100057dc:	d5cc      	bpl.n	10005778 <tud_cdc_n_write_flush+0xc>
100057de:	be00      	bkpt	0x0000
100057e0:	e7cb      	b.n	1000577a <tud_cdc_n_write_flush+0xe>
100057e2:	78b1      	ldrb	r1, [r6, #2]
100057e4:	f7ff fdac 	bl	10005340 <usbd_edpt_release>
100057e8:	4620      	mov	r0, r4
100057ea:	e7c6      	b.n	1000577a <tud_cdc_n_write_flush+0xe>
100057ec:	200019e8 	.word	0x200019e8
100057f0:	20001964 	.word	0x20001964

100057f4 <tud_cdc_n_write>:
100057f4:	b538      	push	{r3, r4, r5, lr}
100057f6:	f64f 75fe 	movw	r5, #65534	; 0xfffe
100057fa:	f64f 73ff 	movw	r3, #65535	; 0xffff
100057fe:	f04f 0cc8 	mov.w	ip, #200	; 0xc8
10005802:	42aa      	cmp	r2, r5
10005804:	bf98      	it	ls
10005806:	4613      	movls	r3, r2
10005808:	4c0b      	ldr	r4, [pc, #44]	; (10005838 <tud_cdc_n_write+0x44>)
1000580a:	b29a      	uxth	r2, r3
1000580c:	fb0c 4400 	mla	r4, ip, r0, r4
10005810:	3424      	adds	r4, #36	; 0x24
10005812:	4605      	mov	r5, r0
10005814:	4620      	mov	r0, r4
10005816:	f000 fc01 	bl	1000601c <tu_fifo_write_n>
1000581a:	4603      	mov	r3, r0
1000581c:	4620      	mov	r0, r4
1000581e:	461c      	mov	r4, r3
10005820:	f000 fada 	bl	10005dd8 <tu_fifo_count>
10005824:	283f      	cmp	r0, #63	; 0x3f
10005826:	d801      	bhi.n	1000582c <tud_cdc_n_write+0x38>
10005828:	4620      	mov	r0, r4
1000582a:	bd38      	pop	{r3, r4, r5, pc}
1000582c:	4628      	mov	r0, r5
1000582e:	f7ff ff9d 	bl	1000576c <tud_cdc_n_write_flush>
10005832:	4620      	mov	r0, r4
10005834:	bd38      	pop	{r3, r4, r5, pc}
10005836:	bf00      	nop
10005838:	200019e8 	.word	0x200019e8

1000583c <tud_cdc_n_write_available>:
1000583c:	22c8      	movs	r2, #200	; 0xc8
1000583e:	b508      	push	{r3, lr}
10005840:	4b03      	ldr	r3, [pc, #12]	; (10005850 <tud_cdc_n_write_available+0x14>)
10005842:	fb02 3000 	mla	r0, r2, r0, r3
10005846:	3024      	adds	r0, #36	; 0x24
10005848:	f000 fae0 	bl	10005e0c <tu_fifo_remaining>
1000584c:	bd08      	pop	{r3, pc}
1000584e:	bf00      	nop
10005850:	200019e8 	.word	0x200019e8

10005854 <cdcd_init>:
10005854:	b5f0      	push	{r4, r5, r6, r7, lr}
10005856:	2500      	movs	r5, #0
10005858:	4c18      	ldr	r4, [pc, #96]	; (100058bc <cdcd_init+0x68>)
1000585a:	b083      	sub	sp, #12
1000585c:	4629      	mov	r1, r5
1000585e:	22c8      	movs	r2, #200	; 0xc8
10005860:	4620      	mov	r0, r4
10005862:	f000 fd7d 	bl	10006360 <__memset_veneer>
10005866:	23ff      	movs	r3, #255	; 0xff
10005868:	f44f 31e1 	mov.w	r1, #115200	; 0x1c200
1000586c:	2208      	movs	r2, #8
1000586e:	4814      	ldr	r0, [pc, #80]	; (100058c0 <cdcd_init+0x6c>)
10005870:	7163      	strb	r3, [r4, #5]
10005872:	7005      	strb	r5, [r0, #0]
10005874:	60a1      	str	r1, [r4, #8]
10005876:	73a2      	strb	r2, [r4, #14]
10005878:	f104 0138 	add.w	r1, r4, #56	; 0x38
1000587c:	2301      	movs	r3, #1
1000587e:	2240      	movs	r2, #64	; 0x40
10005880:	9500      	str	r5, [sp, #0]
10005882:	f104 0010 	add.w	r0, r4, #16
10005886:	f000 fa75 	bl	10005d74 <tu_fifo_config>
1000588a:	2301      	movs	r3, #1
1000588c:	2240      	movs	r2, #64	; 0x40
1000588e:	f104 0178 	add.w	r1, r4, #120	; 0x78
10005892:	9300      	str	r3, [sp, #0]
10005894:	f104 07b8 	add.w	r7, r4, #184	; 0xb8
10005898:	f104 0024 	add.w	r0, r4, #36	; 0x24
1000589c:	f000 fa6a 	bl	10005d74 <tu_fifo_config>
100058a0:	f104 06c0 	add.w	r6, r4, #192	; 0xc0
100058a4:	4638      	mov	r0, r7
100058a6:	f7fb fc6b 	bl	10001180 <mutex_init>
100058aa:	4630      	mov	r0, r6
100058ac:	f7fb fc68 	bl	10001180 <mutex_init>
100058b0:	e9c4 5707 	strd	r5, r7, [r4, #28]
100058b4:	e9c4 650c 	strd	r6, r5, [r4, #48]	; 0x30
100058b8:	b003      	add	sp, #12
100058ba:	bdf0      	pop	{r4, r5, r6, r7, pc}
100058bc:	200019e8 	.word	0x200019e8
100058c0:	200019e4 	.word	0x200019e4

100058c4 <cdcd_deinit>:
100058c4:	4b06      	ldr	r3, [pc, #24]	; (100058e0 <cdcd_deinit+0x1c>)
100058c6:	6a1a      	ldr	r2, [r3, #32]
100058c8:	6b19      	ldr	r1, [r3, #48]	; 0x30
100058ca:	b112      	cbz	r2, 100058d2 <cdcd_deinit+0xe>
100058cc:	2200      	movs	r2, #0
100058ce:	e9c3 2207 	strd	r2, r2, [r3, #28]
100058d2:	b111      	cbz	r1, 100058da <cdcd_deinit+0x16>
100058d4:	2200      	movs	r2, #0
100058d6:	e9c3 220c 	strd	r2, r2, [r3, #48]	; 0x30
100058da:	2001      	movs	r0, #1
100058dc:	4770      	bx	lr
100058de:	bf00      	nop
100058e0:	200019e8 	.word	0x200019e8

100058e4 <cdcd_reset>:
100058e4:	2200      	movs	r2, #0
100058e6:	b510      	push	{r4, lr}
100058e8:	4c0e      	ldr	r4, [pc, #56]	; (10005924 <cdcd_reset+0x40>)
100058ea:	480f      	ldr	r0, [pc, #60]	; (10005928 <cdcd_reset+0x44>)
100058ec:	7823      	ldrb	r3, [r4, #0]
100058ee:	6002      	str	r2, [r0, #0]
100058f0:	7102      	strb	r2, [r0, #4]
100058f2:	07da      	lsls	r2, r3, #31
100058f4:	d507      	bpl.n	10005906 <cdcd_reset+0x22>
100058f6:	079b      	lsls	r3, r3, #30
100058f8:	d50b      	bpl.n	10005912 <cdcd_reset+0x2e>
100058fa:	e8bd 4010 	ldmia.w	sp!, {r4, lr}
100058fe:	2101      	movs	r1, #1
10005900:	480a      	ldr	r0, [pc, #40]	; (1000592c <cdcd_reset+0x48>)
10005902:	f000 bc55 	b.w	100061b0 <tu_fifo_set_overwritable>
10005906:	3010      	adds	r0, #16
10005908:	f000 fc36 	bl	10006178 <tu_fifo_clear>
1000590c:	7823      	ldrb	r3, [r4, #0]
1000590e:	079b      	lsls	r3, r3, #30
10005910:	d4f3      	bmi.n	100058fa <cdcd_reset+0x16>
10005912:	4806      	ldr	r0, [pc, #24]	; (1000592c <cdcd_reset+0x48>)
10005914:	f000 fc30 	bl	10006178 <tu_fifo_clear>
10005918:	e8bd 4010 	ldmia.w	sp!, {r4, lr}
1000591c:	2101      	movs	r1, #1
1000591e:	4803      	ldr	r0, [pc, #12]	; (1000592c <cdcd_reset+0x48>)
10005920:	f000 bc46 	b.w	100061b0 <tu_fifo_set_overwritable>
10005924:	200019e4 	.word	0x200019e4
10005928:	200019e8 	.word	0x200019e8
1000592c:	20001a0c 	.word	0x20001a0c

10005930 <cdcd_open>:
10005930:	b5f0      	push	{r4, r5, r6, r7, lr}
10005932:	794b      	ldrb	r3, [r1, #5]
10005934:	b083      	sub	sp, #12
10005936:	2b02      	cmp	r3, #2
10005938:	d102      	bne.n	10005940 <cdcd_open+0x10>
1000593a:	798b      	ldrb	r3, [r1, #6]
1000593c:	2b02      	cmp	r3, #2
1000593e:	d003      	beq.n	10005948 <cdcd_open+0x18>
10005940:	2500      	movs	r5, #0
10005942:	4628      	mov	r0, r5
10005944:	b003      	add	sp, #12
10005946:	bdf0      	pop	{r4, r5, r6, r7, pc}
10005948:	4f26      	ldr	r7, [pc, #152]	; (100059e4 <cdcd_open+0xb4>)
1000594a:	78bb      	ldrb	r3, [r7, #2]
1000594c:	b13b      	cbz	r3, 1000595e <cdcd_open+0x2e>
1000594e:	f04f 23e0 	mov.w	r3, #3758153728	; 0xe000e000
10005952:	f8d3 3df0 	ldr.w	r3, [r3, #3568]	; 0xdf0
10005956:	07db      	lsls	r3, r3, #31
10005958:	d5f2      	bpl.n	10005940 <cdcd_open+0x10>
1000595a:	be00      	bkpt	0x0000
1000595c:	e7f0      	b.n	10005940 <cdcd_open+0x10>
1000595e:	788b      	ldrb	r3, [r1, #2]
10005960:	4606      	mov	r6, r0
10005962:	703b      	strb	r3, [r7, #0]
10005964:	780c      	ldrb	r4, [r1, #0]
10005966:	2509      	movs	r5, #9
10005968:	440c      	add	r4, r1
1000596a:	7861      	ldrb	r1, [r4, #1]
1000596c:	2924      	cmp	r1, #36	; 0x24
1000596e:	d10b      	bne.n	10005988 <cdcd_open+0x58>
10005970:	2a08      	cmp	r2, #8
10005972:	d802      	bhi.n	1000597a <cdcd_open+0x4a>
10005974:	e00f      	b.n	10005996 <cdcd_open+0x66>
10005976:	42aa      	cmp	r2, r5
10005978:	d30d      	bcc.n	10005996 <cdcd_open+0x66>
1000597a:	7823      	ldrb	r3, [r4, #0]
1000597c:	441c      	add	r4, r3
1000597e:	7861      	ldrb	r1, [r4, #1]
10005980:	442b      	add	r3, r5
10005982:	2924      	cmp	r1, #36	; 0x24
10005984:	b29d      	uxth	r5, r3
10005986:	d0f6      	beq.n	10005976 <cdcd_open+0x46>
10005988:	2905      	cmp	r1, #5
1000598a:	d00a      	beq.n	100059a2 <cdcd_open+0x72>
1000598c:	2904      	cmp	r1, #4
1000598e:	d102      	bne.n	10005996 <cdcd_open+0x66>
10005990:	7963      	ldrb	r3, [r4, #5]
10005992:	2b0a      	cmp	r3, #10
10005994:	d013      	beq.n	100059be <cdcd_open+0x8e>
10005996:	2000      	movs	r0, #0
10005998:	f7ff fe42 	bl	10005620 <_prep_out_transaction.isra.0>
1000599c:	4628      	mov	r0, r5
1000599e:	b003      	add	sp, #12
100059a0:	bdf0      	pop	{r4, r5, r6, r7, pc}
100059a2:	4621      	mov	r1, r4
100059a4:	4630      	mov	r0, r6
100059a6:	f7ff fc97 	bl	100052d8 <usbd_edpt_open>
100059aa:	2800      	cmp	r0, #0
100059ac:	d0cf      	beq.n	1000594e <cdcd_open+0x1e>
100059ae:	78a3      	ldrb	r3, [r4, #2]
100059b0:	707b      	strb	r3, [r7, #1]
100059b2:	7823      	ldrb	r3, [r4, #0]
100059b4:	441c      	add	r4, r3
100059b6:	442b      	add	r3, r5
100059b8:	7861      	ldrb	r1, [r4, #1]
100059ba:	b29d      	uxth	r5, r3
100059bc:	e7e6      	b.n	1000598c <cdcd_open+0x5c>
100059be:	4b0a      	ldr	r3, [pc, #40]	; (100059e8 <cdcd_open+0xb8>)
100059c0:	7827      	ldrb	r7, [r4, #0]
100059c2:	9301      	str	r3, [sp, #4]
100059c4:	3301      	adds	r3, #1
100059c6:	9300      	str	r3, [sp, #0]
100059c8:	2302      	movs	r3, #2
100059ca:	4630      	mov	r0, r6
100059cc:	461a      	mov	r2, r3
100059ce:	19e1      	adds	r1, r4, r7
100059d0:	f7ff fc34 	bl	1000523c <usbd_open_edpt_pair>
100059d4:	2800      	cmp	r0, #0
100059d6:	d0ba      	beq.n	1000594e <cdcd_open+0x1e>
100059d8:	f105 030e 	add.w	r3, r5, #14
100059dc:	fa17 f383 	uxtah	r3, r7, r3
100059e0:	b29d      	uxth	r5, r3
100059e2:	e7d8      	b.n	10005996 <cdcd_open+0x66>
100059e4:	200019e8 	.word	0x200019e8
100059e8:	200019ea 	.word	0x200019ea

100059ec <cdcd_control_xfer_cb>:
100059ec:	7813      	ldrb	r3, [r2, #0]
100059ee:	f003 0360 	and.w	r3, r3, #96	; 0x60
100059f2:	2b20      	cmp	r3, #32
100059f4:	d108      	bne.n	10005a08 <cdcd_control_xfer_cb+0x1c>
100059f6:	b570      	push	{r4, r5, r6, lr}
100059f8:	4c28      	ldr	r4, [pc, #160]	; (10005a9c <cdcd_control_xfer_cb+0xb0>)
100059fa:	8893      	ldrh	r3, [r2, #4]
100059fc:	f894 c000 	ldrb.w	ip, [r4]
10005a00:	459c      	cmp	ip, r3
10005a02:	d003      	beq.n	10005a0c <cdcd_control_xfer_cb+0x20>
10005a04:	2000      	movs	r0, #0
10005a06:	bd70      	pop	{r4, r5, r6, pc}
10005a08:	2000      	movs	r0, #0
10005a0a:	4770      	bx	lr
10005a0c:	7853      	ldrb	r3, [r2, #1]
10005a0e:	3b20      	subs	r3, #32
10005a10:	2b03      	cmp	r3, #3
10005a12:	d8f7      	bhi.n	10005a04 <cdcd_control_xfer_cb+0x18>
10005a14:	e8df f003 	tbb	[pc, r3]
10005a18:	020d2428 	.word	0x020d2428
10005a1c:	2901      	cmp	r1, #1
10005a1e:	d030      	beq.n	10005a82 <cdcd_control_xfer_cb+0x96>
10005a20:	2903      	cmp	r1, #3
10005a22:	d11f      	bne.n	10005a64 <cdcd_control_xfer_cb+0x78>
10005a24:	4b1e      	ldr	r3, [pc, #120]	; (10005aa0 <cdcd_control_xfer_cb+0xb4>)
10005a26:	b1eb      	cbz	r3, 10005a64 <cdcd_control_xfer_cb+0x78>
10005a28:	2000      	movs	r0, #0
10005a2a:	8851      	ldrh	r1, [r2, #2]
10005a2c:	e000      	b.n	10005a30 <cdcd_control_xfer_cb+0x44>
10005a2e:	bf00      	nop
10005a30:	e018      	b.n	10005a64 <cdcd_control_xfer_cb+0x78>
10005a32:	2901      	cmp	r1, #1
10005a34:	d025      	beq.n	10005a82 <cdcd_control_xfer_cb+0x96>
10005a36:	2903      	cmp	r1, #3
10005a38:	d114      	bne.n	10005a64 <cdcd_control_xfer_cb+0x78>
10005a3a:	8855      	ldrh	r5, [r2, #2]
10005a3c:	4819      	ldr	r0, [pc, #100]	; (10005aa4 <cdcd_control_xfer_cb+0xb8>)
10005a3e:	f005 0601 	and.w	r6, r5, #1
10005a42:	f086 0101 	eor.w	r1, r6, #1
10005a46:	7125      	strb	r5, [r4, #4]
10005a48:	f000 fbb2 	bl	100061b0 <tu_fifo_set_overwritable>
10005a4c:	4b16      	ldr	r3, [pc, #88]	; (10005aa8 <cdcd_control_xfer_cb+0xbc>)
10005a4e:	b14b      	cbz	r3, 10005a64 <cdcd_control_xfer_cb+0x78>
10005a50:	4631      	mov	r1, r6
10005a52:	2000      	movs	r0, #0
10005a54:	f3c5 0240 	ubfx	r2, r5, #1, #1
10005a58:	e000      	b.n	10005a5c <cdcd_control_xfer_cb+0x70>
10005a5a:	bf00      	nop
10005a5c:	2001      	movs	r0, #1
10005a5e:	bd70      	pop	{r4, r5, r6, pc}
10005a60:	2901      	cmp	r1, #1
10005a62:	d013      	beq.n	10005a8c <cdcd_control_xfer_cb+0xa0>
10005a64:	2001      	movs	r0, #1
10005a66:	bd70      	pop	{r4, r5, r6, pc}
10005a68:	2901      	cmp	r1, #1
10005a6a:	d00f      	beq.n	10005a8c <cdcd_control_xfer_cb+0xa0>
10005a6c:	2903      	cmp	r1, #3
10005a6e:	d1f9      	bne.n	10005a64 <cdcd_control_xfer_cb+0x78>
10005a70:	4b0e      	ldr	r3, [pc, #56]	; (10005aac <cdcd_control_xfer_cb+0xc0>)
10005a72:	2b00      	cmp	r3, #0
10005a74:	d0f6      	beq.n	10005a64 <cdcd_control_xfer_cb+0x78>
10005a76:	2000      	movs	r0, #0
10005a78:	490d      	ldr	r1, [pc, #52]	; (10005ab0 <cdcd_control_xfer_cb+0xc4>)
10005a7a:	f7fe fdad 	bl	100045d8 <tud_cdc_line_coding_cb>
10005a7e:	2001      	movs	r0, #1
10005a80:	bd70      	pop	{r4, r5, r6, pc}
10005a82:	4611      	mov	r1, r2
10005a84:	f7ff fca6 	bl	100053d4 <tud_control_status>
10005a88:	2001      	movs	r0, #1
10005a8a:	bd70      	pop	{r4, r5, r6, pc}
10005a8c:	4611      	mov	r1, r2
10005a8e:	2307      	movs	r3, #7
10005a90:	4a07      	ldr	r2, [pc, #28]	; (10005ab0 <cdcd_control_xfer_cb+0xc4>)
10005a92:	f7ff fcb9 	bl	10005408 <tud_control_xfer>
10005a96:	2001      	movs	r0, #1
10005a98:	bd70      	pop	{r4, r5, r6, pc}
10005a9a:	bf00      	nop
10005a9c:	200019e8 	.word	0x200019e8
10005aa0:	00000000 	.word	0x00000000
10005aa4:	20001a0c 	.word	0x20001a0c
10005aa8:	00000000 	.word	0x00000000
10005aac:	100045d9 	.word	0x100045d9
10005ab0:	200019f0 	.word	0x200019f0

10005ab4 <cdcd_xfer_cb>:
10005ab4:	e92d 47f0 	stmdb	sp!, {r4, r5, r6, r7, r8, r9, sl, lr}
10005ab8:	4d37      	ldr	r5, [pc, #220]	; (10005b98 <cdcd_xfer_cb+0xe4>)
10005aba:	460c      	mov	r4, r1
10005abc:	78ea      	ldrb	r2, [r5, #3]
10005abe:	4607      	mov	r7, r0
10005ac0:	428a      	cmp	r2, r1
10005ac2:	461e      	mov	r6, r3
10005ac4:	d155      	bne.n	10005b72 <cdcd_xfer_cb+0xbe>
10005ac6:	f8df 80e8 	ldr.w	r8, [pc, #232]	; 10005bb0 <cdcd_xfer_cb+0xfc>
10005aca:	b29a      	uxth	r2, r3
10005acc:	4641      	mov	r1, r8
10005ace:	f105 0010 	add.w	r0, r5, #16
10005ad2:	f000 faa3 	bl	1000601c <tu_fifo_write_n>
10005ad6:	4b31      	ldr	r3, [pc, #196]	; (10005b9c <cdcd_xfer_cb+0xe8>)
10005ad8:	b1c3      	cbz	r3, 10005b0c <cdcd_xfer_cb+0x58>
10005ada:	796b      	ldrb	r3, [r5, #5]
10005adc:	2bff      	cmp	r3, #255	; 0xff
10005ade:	d015      	beq.n	10005b0c <cdcd_xfer_cb+0x58>
10005ae0:	b1a6      	cbz	r6, 10005b0c <cdcd_xfer_cb+0x58>
10005ae2:	f105 0910 	add.w	r9, r5, #16
10005ae6:	eb08 0a06 	add.w	sl, r8, r6
10005aea:	e002      	b.n	10005af2 <cdcd_xfer_cb+0x3e>
10005aec:	45d0      	cmp	r8, sl
10005aee:	d00d      	beq.n	10005b0c <cdcd_xfer_cb+0x58>
10005af0:	796b      	ldrb	r3, [r5, #5]
10005af2:	f818 2b01 	ldrb.w	r2, [r8], #1
10005af6:	429a      	cmp	r2, r3
10005af8:	d1f8      	bne.n	10005aec <cdcd_xfer_cb+0x38>
10005afa:	4648      	mov	r0, r9
10005afc:	f000 f97c 	bl	10005df8 <tu_fifo_empty>
10005b00:	2800      	cmp	r0, #0
10005b02:	d1f3      	bne.n	10005aec <cdcd_xfer_cb+0x38>
10005b04:	7969      	ldrb	r1, [r5, #5]
10005b06:	e000      	b.n	10005b0a <cdcd_xfer_cb+0x56>
10005b08:	bf00      	nop
10005b0a:	e7ef      	b.n	10005aec <cdcd_xfer_cb+0x38>
10005b0c:	4b24      	ldr	r3, [pc, #144]	; (10005ba0 <cdcd_xfer_cb+0xec>)
10005b0e:	b123      	cbz	r3, 10005b1a <cdcd_xfer_cb+0x66>
10005b10:	4824      	ldr	r0, [pc, #144]	; (10005ba4 <cdcd_xfer_cb+0xf0>)
10005b12:	f000 f971 	bl	10005df8 <tu_fifo_empty>
10005b16:	2800      	cmp	r0, #0
10005b18:	d03a      	beq.n	10005b90 <cdcd_xfer_cb+0xdc>
10005b1a:	2000      	movs	r0, #0
10005b1c:	f7ff fd80 	bl	10005620 <_prep_out_transaction.isra.0>
10005b20:	78ab      	ldrb	r3, [r5, #2]
10005b22:	42a3      	cmp	r3, r4
10005b24:	d003      	beq.n	10005b2e <cdcd_xfer_cb+0x7a>
10005b26:	2401      	movs	r4, #1
10005b28:	4620      	mov	r0, r4
10005b2a:	e8bd 87f0 	ldmia.w	sp!, {r4, r5, r6, r7, r8, r9, sl, pc}
10005b2e:	4b1e      	ldr	r3, [pc, #120]	; (10005ba8 <cdcd_xfer_cb+0xf4>)
10005b30:	b113      	cbz	r3, 10005b38 <cdcd_xfer_cb+0x84>
10005b32:	2000      	movs	r0, #0
10005b34:	e000      	b.n	10005b38 <cdcd_xfer_cb+0x84>
10005b36:	bf00      	nop
10005b38:	2000      	movs	r0, #0
10005b3a:	f7ff fe17 	bl	1000576c <tud_cdc_n_write_flush>
10005b3e:	2800      	cmp	r0, #0
10005b40:	d1f1      	bne.n	10005b26 <cdcd_xfer_cb+0x72>
10005b42:	481a      	ldr	r0, [pc, #104]	; (10005bac <cdcd_xfer_cb+0xf8>)
10005b44:	f000 f948 	bl	10005dd8 <tu_fifo_count>
10005b48:	2800      	cmp	r0, #0
10005b4a:	d1ec      	bne.n	10005b26 <cdcd_xfer_cb+0x72>
10005b4c:	2e00      	cmp	r6, #0
10005b4e:	d0ea      	beq.n	10005b26 <cdcd_xfer_cb+0x72>
10005b50:	f016 063f 	ands.w	r6, r6, #63	; 0x3f
10005b54:	d1e7      	bne.n	10005b26 <cdcd_xfer_cb+0x72>
10005b56:	4638      	mov	r0, r7
10005b58:	78a9      	ldrb	r1, [r5, #2]
10005b5a:	f7ff fbdf 	bl	1000531c <usbd_edpt_claim>
10005b5e:	4604      	mov	r4, r0
10005b60:	2800      	cmp	r0, #0
10005b62:	d0e0      	beq.n	10005b26 <cdcd_xfer_cb+0x72>
10005b64:	4633      	mov	r3, r6
10005b66:	4632      	mov	r2, r6
10005b68:	4638      	mov	r0, r7
10005b6a:	78a9      	ldrb	r1, [r5, #2]
10005b6c:	f7ff fbfa 	bl	10005364 <usbd_edpt_xfer>
10005b70:	e7da      	b.n	10005b28 <cdcd_xfer_cb+0x74>
10005b72:	78ab      	ldrb	r3, [r5, #2]
10005b74:	428b      	cmp	r3, r1
10005b76:	d0da      	beq.n	10005b2e <cdcd_xfer_cb+0x7a>
10005b78:	f04f 23e0 	mov.w	r3, #3758153728	; 0xe000e000
10005b7c:	f8d3 4df0 	ldr.w	r4, [r3, #3568]	; 0xdf0
10005b80:	f014 0401 	ands.w	r4, r4, #1
10005b84:	d0d0      	beq.n	10005b28 <cdcd_xfer_cb+0x74>
10005b86:	be00      	bkpt	0x0000
10005b88:	2400      	movs	r4, #0
10005b8a:	4620      	mov	r0, r4
10005b8c:	e8bd 87f0 	ldmia.w	sp!, {r4, r5, r6, r7, r8, r9, sl, pc}
10005b90:	e000      	b.n	10005b94 <cdcd_xfer_cb+0xe0>
10005b92:	bf00      	nop
10005b94:	e7c1      	b.n	10005b1a <cdcd_xfer_cb+0x66>
10005b96:	bf00      	nop
10005b98:	200019e8 	.word	0x200019e8
	...
10005ba4:	200019f8 	.word	0x200019f8
10005ba8:	00000000 	.word	0x00000000
10005bac:	20001a0c 	.word	0x20001a0c
10005bb0:	20001964 	.word	0x20001964

10005bb4 <tusb_rhport_init>:
10005bb4:	b510      	push	{r4, lr}
10005bb6:	b082      	sub	sp, #8
10005bb8:	b1a9      	cbz	r1, 10005be6 <tusb_rhport_init+0x32>
10005bba:	2801      	cmp	r0, #1
10005bbc:	d808      	bhi.n	10005bd0 <tusb_rhport_init+0x1c>
10005bbe:	780b      	ldrb	r3, [r1, #0]
10005bc0:	b133      	cbz	r3, 10005bd0 <tusb_rhport_init+0x1c>
10005bc2:	4c18      	ldr	r4, [pc, #96]	; (10005c24 <tusb_rhport_init+0x70>)
10005bc4:	2b01      	cmp	r3, #1
10005bc6:	5423      	strb	r3, [r4, r0]
10005bc8:	d020      	beq.n	10005c0c <tusb_rhport_init+0x58>
10005bca:	2001      	movs	r0, #1
10005bcc:	b002      	add	sp, #8
10005bce:	bd10      	pop	{r4, pc}
10005bd0:	f04f 23e0 	mov.w	r3, #3758153728	; 0xe000e000
10005bd4:	f8d3 3df0 	ldr.w	r3, [r3, #3568]	; 0xdf0
10005bd8:	07da      	lsls	r2, r3, #31
10005bda:	d402      	bmi.n	10005be2 <tusb_rhport_init+0x2e>
10005bdc:	2000      	movs	r0, #0
10005bde:	b002      	add	sp, #8
10005be0:	bd10      	pop	{r4, pc}
10005be2:	be00      	bkpt	0x0000
10005be4:	e7fa      	b.n	10005bdc <tusb_rhport_init+0x28>
10005be6:	2401      	movs	r4, #1
10005be8:	4608      	mov	r0, r1
10005bea:	a901      	add	r1, sp, #4
10005bec:	f8ad 4004 	strh.w	r4, [sp, #4]
10005bf0:	f7fe fee2 	bl	100049b8 <tud_rhport_init>
10005bf4:	b938      	cbnz	r0, 10005c06 <tusb_rhport_init+0x52>
10005bf6:	f04f 23e0 	mov.w	r3, #3758153728	; 0xe000e000
10005bfa:	f8d3 3df0 	ldr.w	r3, [r3, #3568]	; 0xdf0
10005bfe:	07d9      	lsls	r1, r3, #31
10005c00:	d5ed      	bpl.n	10005bde <tusb_rhport_init+0x2a>
10005c02:	be00      	bkpt	0x0000
10005c04:	e7eb      	b.n	10005bde <tusb_rhport_init+0x2a>
10005c06:	4b07      	ldr	r3, [pc, #28]	; (10005c24 <tusb_rhport_init+0x70>)
10005c08:	701c      	strb	r4, [r3, #0]
10005c0a:	e7e8      	b.n	10005bde <tusb_rhport_init+0x2a>
10005c0c:	f7fe fed4 	bl	100049b8 <tud_rhport_init>
10005c10:	2800      	cmp	r0, #0
10005c12:	d1da      	bne.n	10005bca <tusb_rhport_init+0x16>
10005c14:	f04f 23e0 	mov.w	r3, #3758153728	; 0xe000e000
10005c18:	f8d3 3df0 	ldr.w	r3, [r3, #3568]	; 0xdf0
10005c1c:	07db      	lsls	r3, r3, #31
10005c1e:	d5dd      	bpl.n	10005bdc <tusb_rhport_init+0x28>
10005c20:	e7ef      	b.n	10005c02 <tusb_rhport_init+0x4e>
10005c22:	bf00      	nop
10005c24:	20001b24 	.word	0x20001b24

10005c28 <tu_edpt_claim>:
10005c28:	b5f8      	push	{r3, r4, r5, r6, r7, lr}
10005c2a:	7803      	ldrb	r3, [r0, #0]
10005c2c:	f013 0401 	ands.w	r4, r3, #1
10005c30:	d11a      	bne.n	10005c68 <tu_edpt_claim+0x40>
10005c32:	7803      	ldrb	r3, [r0, #0]
10005c34:	4605      	mov	r5, r0
10005c36:	075a      	lsls	r2, r3, #29
10005c38:	f3c3 0780 	ubfx	r7, r3, #2, #1
10005c3c:	d501      	bpl.n	10005c42 <tu_edpt_claim+0x1a>
10005c3e:	4620      	mov	r0, r4
10005c40:	bdf8      	pop	{r3, r4, r5, r6, r7, pc}
10005c42:	460e      	mov	r6, r1
10005c44:	f04f 31ff 	mov.w	r1, #4294967295
10005c48:	4630      	mov	r0, r6
10005c4a:	f000 fb99 	bl	10006380 <__mutex_enter_timeout_ms_veneer>
10005c4e:	782b      	ldrb	r3, [r5, #0]
10005c50:	f013 0401 	ands.w	r4, r3, #1
10005c54:	d10b      	bne.n	10005c6e <tu_edpt_claim+0x46>
10005c56:	782b      	ldrb	r3, [r5, #0]
10005c58:	075b      	lsls	r3, r3, #29
10005c5a:	d409      	bmi.n	10005c70 <tu_edpt_claim+0x48>
10005c5c:	782b      	ldrb	r3, [r5, #0]
10005c5e:	2401      	movs	r4, #1
10005c60:	f043 0304 	orr.w	r3, r3, #4
10005c64:	702b      	strb	r3, [r5, #0]
10005c66:	e003      	b.n	10005c70 <tu_edpt_claim+0x48>
10005c68:	2400      	movs	r4, #0
10005c6a:	4620      	mov	r0, r4
10005c6c:	bdf8      	pop	{r3, r4, r5, r6, r7, pc}
10005c6e:	463c      	mov	r4, r7
10005c70:	4630      	mov	r0, r6
10005c72:	f000 fb65 	bl	10006340 <__mutex_exit_veneer>
10005c76:	4620      	mov	r0, r4
10005c78:	bdf8      	pop	{r3, r4, r5, r6, r7, pc}
10005c7a:	bf00      	nop

10005c7c <tu_edpt_release>:
10005c7c:	b570      	push	{r4, r5, r6, lr}
10005c7e:	460d      	mov	r5, r1
10005c80:	4604      	mov	r4, r0
10005c82:	f04f 31ff 	mov.w	r1, #4294967295
10005c86:	4628      	mov	r0, r5
10005c88:	f000 fb7a 	bl	10006380 <__mutex_enter_timeout_ms_veneer>
10005c8c:	7823      	ldrb	r3, [r4, #0]
10005c8e:	f3c3 0680 	ubfx	r6, r3, #2, #1
10005c92:	075b      	lsls	r3, r3, #29
10005c94:	d508      	bpl.n	10005ca8 <tu_edpt_release+0x2c>
10005c96:	7823      	ldrb	r3, [r4, #0]
10005c98:	f013 0201 	ands.w	r2, r3, #1
10005c9c:	bf11      	iteee	ne
10005c9e:	2600      	movne	r6, #0
10005ca0:	7823      	ldrbeq	r3, [r4, #0]
10005ca2:	f362 0382 	bfieq	r3, r2, #2, #1
10005ca6:	7023      	strbeq	r3, [r4, #0]
10005ca8:	4628      	mov	r0, r5
10005caa:	f000 fb49 	bl	10006340 <__mutex_exit_veneer>
10005cae:	4630      	mov	r0, r6
10005cb0:	bd70      	pop	{r4, r5, r6, pc}
10005cb2:	bf00      	nop

10005cb4 <tu_edpt_validate>:
10005cb4:	78c3      	ldrb	r3, [r0, #3]
10005cb6:	8882      	ldrh	r2, [r0, #4]
10005cb8:	f003 0003 	and.w	r0, r3, #3
10005cbc:	2802      	cmp	r0, #2
10005cbe:	f3c2 020a 	ubfx	r2, r2, #0, #11
10005cc2:	d005      	beq.n	10005cd0 <tu_edpt_validate+0x1c>
10005cc4:	2803      	cmp	r0, #3
10005cc6:	d01b      	beq.n	10005d00 <tu_edpt_validate+0x4c>
10005cc8:	2801      	cmp	r0, #1
10005cca:	d007      	beq.n	10005cdc <tu_edpt_validate+0x28>
10005ccc:	2000      	movs	r0, #0
10005cce:	4770      	bx	lr
10005cd0:	2902      	cmp	r1, #2
10005cd2:	d01e      	beq.n	10005d12 <tu_edpt_validate+0x5e>
10005cd4:	2a40      	cmp	r2, #64	; 0x40
10005cd6:	d809      	bhi.n	10005cec <tu_edpt_validate+0x38>
10005cd8:	2001      	movs	r0, #1
10005cda:	4770      	bx	lr
10005cdc:	2902      	cmp	r1, #2
10005cde:	f240 33ff 	movw	r3, #1023	; 0x3ff
10005ce2:	bf08      	it	eq
10005ce4:	f44f 6380 	moveq.w	r3, #1024	; 0x400
10005ce8:	4293      	cmp	r3, r2
10005cea:	d2f6      	bcs.n	10005cda <tu_edpt_validate+0x26>
10005cec:	f04f 23e0 	mov.w	r3, #3758153728	; 0xe000e000
10005cf0:	f8d3 0df0 	ldr.w	r0, [r3, #3568]	; 0xdf0
10005cf4:	f010 0001 	ands.w	r0, r0, #1
10005cf8:	d0ef      	beq.n	10005cda <tu_edpt_validate+0x26>
10005cfa:	be00      	bkpt	0x0000
10005cfc:	2000      	movs	r0, #0
10005cfe:	4770      	bx	lr
10005d00:	2902      	cmp	r1, #2
10005d02:	bf0c      	ite	eq
10005d04:	f44f 6380 	moveq.w	r3, #1024	; 0x400
10005d08:	2340      	movne	r3, #64	; 0x40
10005d0a:	4293      	cmp	r3, r2
10005d0c:	d3ee      	bcc.n	10005cec <tu_edpt_validate+0x38>
10005d0e:	2001      	movs	r0, #1
10005d10:	e7e3      	b.n	10005cda <tu_edpt_validate+0x26>
10005d12:	f5b2 7f00 	cmp.w	r2, #512	; 0x200
10005d16:	d0df      	beq.n	10005cd8 <tu_edpt_validate+0x24>
10005d18:	e7e8      	b.n	10005cec <tu_edpt_validate+0x38>
10005d1a:	bf00      	nop

10005d1c <tu_edpt_bind_driver>:
10005d1c:	440a      	add	r2, r1
10005d1e:	4291      	cmp	r1, r2
10005d20:	d226      	bcs.n	10005d70 <tu_edpt_bind_driver+0x54>
10005d22:	f891 c001 	ldrb.w	ip, [r1, #1]
10005d26:	f1bc 0f05 	cmp.w	ip, #5
10005d2a:	d005      	beq.n	10005d38 <tu_edpt_bind_driver+0x1c>
10005d2c:	f891 c000 	ldrb.w	ip, [r1]
10005d30:	4461      	add	r1, ip
10005d32:	428a      	cmp	r2, r1
10005d34:	d8f5      	bhi.n	10005d22 <tu_edpt_bind_driver+0x6>
10005d36:	4770      	bx	lr
10005d38:	b500      	push	{lr}
10005d3a:	f891 c002 	ldrb.w	ip, [r1, #2]
10005d3e:	f00c 0e7f 	and.w	lr, ip, #127	; 0x7f
10005d42:	eb00 0e4e 	add.w	lr, r0, lr, lsl #1
10005d46:	ea4f 1cdc 	mov.w	ip, ip, lsr #7
10005d4a:	f80e 300c 	strb.w	r3, [lr, ip]
10005d4e:	f891 c000 	ldrb.w	ip, [r1]
10005d52:	4461      	add	r1, ip
10005d54:	428a      	cmp	r2, r1
10005d56:	d909      	bls.n	10005d6c <tu_edpt_bind_driver+0x50>
10005d58:	f891 c001 	ldrb.w	ip, [r1, #1]
10005d5c:	f1bc 0f05 	cmp.w	ip, #5
10005d60:	d0eb      	beq.n	10005d3a <tu_edpt_bind_driver+0x1e>
10005d62:	f891 c000 	ldrb.w	ip, [r1]
10005d66:	4461      	add	r1, ip
10005d68:	428a      	cmp	r2, r1
10005d6a:	d8f5      	bhi.n	10005d58 <tu_edpt_bind_driver+0x3c>
10005d6c:	f85d fb04 	ldr.w	pc, [sp], #4
10005d70:	4770      	bx	lr
10005d72:	bf00      	nop

10005d74 <tu_fifo_config>:
10005d74:	e92d 41f0 	stmdb	sp!, {r4, r5, r6, r7, r8, lr}
10005d78:	f5b2 4f00 	cmp.w	r2, #32768	; 0x8000
10005d7c:	f89d 8018 	ldrb.w	r8, [sp, #24]
10005d80:	d827      	bhi.n	10005dd2 <tu_fifo_config+0x5e>
10005d82:	4604      	mov	r4, r0
10005d84:	68c0      	ldr	r0, [r0, #12]
10005d86:	4617      	mov	r7, r2
10005d88:	460e      	mov	r6, r1
10005d8a:	461d      	mov	r5, r3
10005d8c:	b118      	cbz	r0, 10005d96 <tu_fifo_config+0x22>
10005d8e:	f04f 31ff 	mov.w	r1, #4294967295
10005d92:	f000 faf5 	bl	10006380 <__mutex_enter_timeout_ms_veneer>
10005d96:	6920      	ldr	r0, [r4, #16]
10005d98:	b118      	cbz	r0, 10005da2 <tu_fifo_config+0x2e>
10005d9a:	f04f 31ff 	mov.w	r1, #4294967295
10005d9e:	f000 faef 	bl	10006380 <__mutex_enter_timeout_ms_veneer>
10005da2:	2200      	movs	r2, #0
10005da4:	f3c5 030e 	ubfx	r3, r5, #0, #15
10005da8:	68e0      	ldr	r0, [r4, #12]
10005daa:	ea43 33c8 	orr.w	r3, r3, r8, lsl #15
10005dae:	8162      	strh	r2, [r4, #10]
10005db0:	6026      	str	r6, [r4, #0]
10005db2:	80a7      	strh	r7, [r4, #4]
10005db4:	80e3      	strh	r3, [r4, #6]
10005db6:	8122      	strh	r2, [r4, #8]
10005db8:	b108      	cbz	r0, 10005dbe <tu_fifo_config+0x4a>
10005dba:	f000 fac1 	bl	10006340 <__mutex_exit_veneer>
10005dbe:	6920      	ldr	r0, [r4, #16]
10005dc0:	b120      	cbz	r0, 10005dcc <tu_fifo_config+0x58>
10005dc2:	f000 fabd 	bl	10006340 <__mutex_exit_veneer>
10005dc6:	2001      	movs	r0, #1
10005dc8:	e8bd 81f0 	ldmia.w	sp!, {r4, r5, r6, r7, r8, pc}
10005dcc:	2001      	movs	r0, #1
10005dce:	e8bd 81f0 	ldmia.w	sp!, {r4, r5, r6, r7, r8, pc}
10005dd2:	2000      	movs	r0, #0
10005dd4:	e8bd 81f0 	ldmia.w	sp!, {r4, r5, r6, r7, r8, pc}

10005dd8 <tu_fifo_count>:
10005dd8:	8903      	ldrh	r3, [r0, #8]
10005dda:	8942      	ldrh	r2, [r0, #10]
10005ddc:	b29b      	uxth	r3, r3
10005dde:	b292      	uxth	r2, r2
10005de0:	8880      	ldrh	r0, [r0, #4]
10005de2:	4293      	cmp	r3, r2
10005de4:	bf36      	itet	cc
10005de6:	ebc2 0240 	rsbcc	r2, r2, r0, lsl #1
10005dea:	1a9b      	subcs	r3, r3, r2
10005dec:	189b      	addcc	r3, r3, r2
10005dee:	b29b      	uxth	r3, r3
10005df0:	4298      	cmp	r0, r3
10005df2:	bf28      	it	cs
10005df4:	4618      	movcs	r0, r3
10005df6:	4770      	bx	lr

10005df8 <tu_fifo_empty>:
10005df8:	8902      	ldrh	r2, [r0, #8]
10005dfa:	8943      	ldrh	r3, [r0, #10]
10005dfc:	b290      	uxth	r0, r2
10005dfe:	b29b      	uxth	r3, r3
10005e00:	1ac0      	subs	r0, r0, r3
10005e02:	fab0 f080 	clz	r0, r0
10005e06:	0940      	lsrs	r0, r0, #5
10005e08:	4770      	bx	lr
10005e0a:	bf00      	nop

10005e0c <tu_fifo_remaining>:
10005e0c:	8903      	ldrh	r3, [r0, #8]
10005e0e:	8942      	ldrh	r2, [r0, #10]
10005e10:	b29b      	uxth	r3, r3
10005e12:	8880      	ldrh	r0, [r0, #4]
10005e14:	b292      	uxth	r2, r2
10005e16:	4293      	cmp	r3, r2
10005e18:	bf36      	itet	cc
10005e1a:	ebc2 0240 	rsbcc	r2, r2, r0, lsl #1
10005e1e:	1a9b      	subcs	r3, r3, r2
10005e20:	189b      	addcc	r3, r3, r2
10005e22:	b29b      	uxth	r3, r3
10005e24:	4298      	cmp	r0, r3
10005e26:	bf86      	itte	hi
10005e28:	1ac0      	subhi	r0, r0, r3
10005e2a:	b280      	uxthhi	r0, r0
10005e2c:	2000      	movls	r0, #0
10005e2e:	4770      	bx	lr

10005e30 <tu_fifo_read>:
10005e30:	b538      	push	{r3, r4, r5, lr}
10005e32:	4604      	mov	r4, r0
10005e34:	6900      	ldr	r0, [r0, #16]
10005e36:	460d      	mov	r5, r1
10005e38:	b118      	cbz	r0, 10005e42 <tu_fifo_read+0x12>
10005e3a:	f04f 31ff 	mov.w	r1, #4294967295
10005e3e:	f000 fa9f 	bl	10006380 <__mutex_enter_timeout_ms_veneer>
10005e42:	8921      	ldrh	r1, [r4, #8]
10005e44:	8963      	ldrh	r3, [r4, #10]
10005e46:	b289      	uxth	r1, r1
10005e48:	b29b      	uxth	r3, r3
10005e4a:	88a2      	ldrh	r2, [r4, #4]
10005e4c:	4299      	cmp	r1, r3
10005e4e:	bf36      	itet	cc
10005e50:	ebc3 0042 	rsbcc	r0, r3, r2, lsl #1
10005e54:	1ac8      	subcs	r0, r1, r3
10005e56:	1840      	addcc	r0, r0, r1
10005e58:	b280      	uxth	r0, r0
10005e5a:	b350      	cbz	r0, 10005eb2 <tu_fifo_read+0x82>
10005e5c:	4282      	cmp	r2, r0
10005e5e:	d209      	bcs.n	10005e74 <tu_fifo_read+0x44>
10005e60:	4291      	cmp	r1, r2
10005e62:	bf2c      	ite	cs
10005e64:	1a89      	subcs	r1, r1, r2
10005e66:	1889      	addcc	r1, r1, r2
10005e68:	b28b      	uxth	r3, r1
10005e6a:	429a      	cmp	r2, r3
10005e6c:	8163      	strh	r3, [r4, #10]
10005e6e:	d803      	bhi.n	10005e78 <tu_fifo_read+0x48>
10005e70:	1a9b      	subs	r3, r3, r2
10005e72:	b29b      	uxth	r3, r3
10005e74:	429a      	cmp	r2, r3
10005e76:	d9fb      	bls.n	10005e70 <tu_fifo_read+0x40>
10005e78:	88e2      	ldrh	r2, [r4, #6]
10005e7a:	6821      	ldr	r1, [r4, #0]
10005e7c:	f3c2 020e 	ubfx	r2, r2, #0, #15
10005e80:	fb02 1103 	mla	r1, r2, r3, r1
10005e84:	4628      	mov	r0, r5
10005e86:	f000 faab 	bl	100063e0 <__memcpy_veneer>
10005e8a:	8961      	ldrh	r1, [r4, #10]
10005e8c:	2501      	movs	r5, #1
10005e8e:	b289      	uxth	r1, r1
10005e90:	1c4b      	adds	r3, r1, #1
10005e92:	b29b      	uxth	r3, r3
10005e94:	4299      	cmp	r1, r3
10005e96:	88a2      	ldrh	r2, [r4, #4]
10005e98:	d90e      	bls.n	10005eb8 <tu_fifo_read+0x88>
10005e9a:	2300      	movs	r3, #0
10005e9c:	fa02 f105 	lsl.w	r1, r2, r5
10005ea0:	1a5b      	subs	r3, r3, r1
10005ea2:	b29b      	uxth	r3, r3
10005ea4:	6920      	ldr	r0, [r4, #16]
10005ea6:	8163      	strh	r3, [r4, #10]
10005ea8:	b108      	cbz	r0, 10005eae <tu_fifo_read+0x7e>
10005eaa:	f000 fa49 	bl	10006340 <__mutex_exit_veneer>
10005eae:	4628      	mov	r0, r5
10005eb0:	bd38      	pop	{r3, r4, r5, pc}
10005eb2:	4605      	mov	r5, r0
10005eb4:	8963      	ldrh	r3, [r4, #10]
10005eb6:	b29b      	uxth	r3, r3
10005eb8:	ebb3 0f42 	cmp.w	r3, r2, lsl #1
10005ebc:	ea4f 0142 	mov.w	r1, r2, lsl #1
10005ec0:	dbf0      	blt.n	10005ea4 <tu_fifo_read+0x74>
10005ec2:	e7ed      	b.n	10005ea0 <tu_fifo_read+0x70>

10005ec4 <tu_fifo_read_n>:
10005ec4:	e92d 47f0 	stmdb	sp!, {r4, r5, r6, r7, r8, r9, sl, lr}
10005ec8:	4606      	mov	r6, r0
10005eca:	6900      	ldr	r0, [r0, #16]
10005ecc:	4688      	mov	r8, r1
10005ece:	4691      	mov	r9, r2
10005ed0:	b118      	cbz	r0, 10005eda <tu_fifo_read_n+0x16>
10005ed2:	f04f 31ff 	mov.w	r1, #4294967295
10005ed6:	f000 fa53 	bl	10006380 <__mutex_enter_timeout_ms_veneer>
10005eda:	8933      	ldrh	r3, [r6, #8]
10005edc:	8974      	ldrh	r4, [r6, #10]
10005ede:	b29b      	uxth	r3, r3
10005ee0:	b2a4      	uxth	r4, r4
10005ee2:	88b5      	ldrh	r5, [r6, #4]
10005ee4:	42a3      	cmp	r3, r4
10005ee6:	bf36      	itet	cc
10005ee8:	ebc4 0745 	rsbcc	r7, r4, r5, lsl #1
10005eec:	1b1f      	subcs	r7, r3, r4
10005eee:	18ff      	addcc	r7, r7, r3
10005ef0:	b2bf      	uxth	r7, r7
10005ef2:	2f00      	cmp	r7, #0
10005ef4:	d048      	beq.n	10005f88 <tu_fifo_read_n+0xc4>
10005ef6:	42bd      	cmp	r5, r7
10005ef8:	d33e      	bcc.n	10005f78 <tu_fifo_read_n+0xb4>
10005efa:	454f      	cmp	r7, r9
10005efc:	bf28      	it	cs
10005efe:	464f      	movcs	r7, r9
10005f00:	42a5      	cmp	r5, r4
10005f02:	b2bf      	uxth	r7, r7
10005f04:	d803      	bhi.n	10005f0e <tu_fifo_read_n+0x4a>
10005f06:	1b64      	subs	r4, r4, r5
10005f08:	b2a4      	uxth	r4, r4
10005f0a:	42a5      	cmp	r5, r4
10005f0c:	d9fb      	bls.n	10005f06 <tu_fifo_read_n+0x42>
10005f0e:	88f2      	ldrh	r2, [r6, #6]
10005f10:	1b2b      	subs	r3, r5, r4
10005f12:	6831      	ldr	r1, [r6, #0]
10005f14:	b29b      	uxth	r3, r3
10005f16:	f3c2 0c0e 	ubfx	ip, r2, #0, #15
10005f1a:	429f      	cmp	r7, r3
10005f1c:	46e2      	mov	sl, ip
10005f1e:	fb0c 1104 	mla	r1, ip, r4, r1
10005f22:	d923      	bls.n	10005f6c <tu_fifo_read_n+0xa8>
10005f24:	fb13 f30c 	smulbb	r3, r3, ip
10005f28:	fa1f f983 	uxth.w	r9, r3
10005f2c:	464a      	mov	r2, r9
10005f2e:	4640      	mov	r0, r8
10005f30:	f000 fa56 	bl	100063e0 <__memcpy_veneer>
10005f34:	1b7a      	subs	r2, r7, r5
10005f36:	4422      	add	r2, r4
10005f38:	fb12 f20a 	smulbb	r2, r2, sl
10005f3c:	6831      	ldr	r1, [r6, #0]
10005f3e:	eb08 0009 	add.w	r0, r8, r9
10005f42:	b292      	uxth	r2, r2
10005f44:	f000 fa4c 	bl	100063e0 <__memcpy_veneer>
10005f48:	8972      	ldrh	r2, [r6, #10]
10005f4a:	88b5      	ldrh	r5, [r6, #4]
10005f4c:	b292      	uxth	r2, r2
10005f4e:	19d3      	adds	r3, r2, r7
10005f50:	b29b      	uxth	r3, r3
10005f52:	429a      	cmp	r2, r3
10005f54:	d91a      	bls.n	10005f8c <tu_fifo_read_n+0xc8>
10005f56:	006a      	lsls	r2, r5, #1
10005f58:	1a9b      	subs	r3, r3, r2
10005f5a:	b29b      	uxth	r3, r3
10005f5c:	6930      	ldr	r0, [r6, #16]
10005f5e:	8173      	strh	r3, [r6, #10]
10005f60:	b108      	cbz	r0, 10005f66 <tu_fifo_read_n+0xa2>
10005f62:	f000 f9ed 	bl	10006340 <__mutex_exit_veneer>
10005f66:	4638      	mov	r0, r7
10005f68:	e8bd 87f0 	ldmia.w	sp!, {r4, r5, r6, r7, r8, r9, sl, pc}
10005f6c:	4640      	mov	r0, r8
10005f6e:	fb0c f207 	mul.w	r2, ip, r7
10005f72:	f000 fa35 	bl	100063e0 <__memcpy_veneer>
10005f76:	e7e7      	b.n	10005f48 <tu_fifo_read_n+0x84>
10005f78:	42ab      	cmp	r3, r5
10005f7a:	bf2c      	ite	cs
10005f7c:	1b5b      	subcs	r3, r3, r5
10005f7e:	195b      	addcc	r3, r3, r5
10005f80:	b29c      	uxth	r4, r3
10005f82:	462f      	mov	r7, r5
10005f84:	8174      	strh	r4, [r6, #10]
10005f86:	e7b8      	b.n	10005efa <tu_fifo_read_n+0x36>
10005f88:	8973      	ldrh	r3, [r6, #10]
10005f8a:	b29b      	uxth	r3, r3
10005f8c:	ebb3 0f45 	cmp.w	r3, r5, lsl #1
10005f90:	ea4f 0245 	mov.w	r2, r5, lsl #1
10005f94:	dbe2      	blt.n	10005f5c <tu_fifo_read_n+0x98>
10005f96:	e7df      	b.n	10005f58 <tu_fifo_read_n+0x94>

10005f98 <tu_fifo_write>:
10005f98:	b5f8      	push	{r3, r4, r5, r6, r7, lr}
10005f9a:	4604      	mov	r4, r0
10005f9c:	68c0      	ldr	r0, [r0, #12]
10005f9e:	460e      	mov	r6, r1
10005fa0:	b118      	cbz	r0, 10005faa <tu_fifo_write+0x12>
10005fa2:	f04f 31ff 	mov.w	r1, #4294967295
10005fa6:	f000 f9eb 	bl	10006380 <__mutex_enter_timeout_ms_veneer>
10005faa:	8925      	ldrh	r5, [r4, #8]
10005fac:	8923      	ldrh	r3, [r4, #8]
10005fae:	8961      	ldrh	r1, [r4, #10]
10005fb0:	b29b      	uxth	r3, r3
10005fb2:	b289      	uxth	r1, r1
10005fb4:	88a2      	ldrh	r2, [r4, #4]
10005fb6:	428b      	cmp	r3, r1
10005fb8:	bf36      	itet	cc
10005fba:	ebc1 0142 	rsbcc	r1, r1, r2, lsl #1
10005fbe:	1a5b      	subcs	r3, r3, r1
10005fc0:	185b      	addcc	r3, r3, r1
10005fc2:	b29b      	uxth	r3, r3
10005fc4:	429a      	cmp	r2, r3
10005fc6:	b2ad      	uxth	r5, r5
10005fc8:	d808      	bhi.n	10005fdc <tu_fifo_write+0x44>
10005fca:	79e7      	ldrb	r7, [r4, #7]
10005fcc:	09ff      	lsrs	r7, r7, #7
10005fce:	d105      	bne.n	10005fdc <tu_fifo_write+0x44>
10005fd0:	68e0      	ldr	r0, [r4, #12]
10005fd2:	b108      	cbz	r0, 10005fd8 <tu_fifo_write+0x40>
10005fd4:	f000 f9b4 	bl	10006340 <__mutex_exit_veneer>
10005fd8:	4638      	mov	r0, r7
10005fda:	bdf8      	pop	{r3, r4, r5, r6, r7, pc}
10005fdc:	4295      	cmp	r5, r2
10005fde:	462b      	mov	r3, r5
10005fe0:	d303      	bcc.n	10005fea <tu_fifo_write+0x52>
10005fe2:	1a9b      	subs	r3, r3, r2
10005fe4:	b29b      	uxth	r3, r3
10005fe6:	4293      	cmp	r3, r2
10005fe8:	d2fb      	bcs.n	10005fe2 <tu_fifo_write+0x4a>
10005fea:	88e2      	ldrh	r2, [r4, #6]
10005fec:	6820      	ldr	r0, [r4, #0]
10005fee:	f3c2 020e 	ubfx	r2, r2, #0, #15
10005ff2:	fb02 0003 	mla	r0, r2, r3, r0
10005ff6:	4631      	mov	r1, r6
10005ff8:	f000 f9f2 	bl	100063e0 <__memcpy_veneer>
10005ffc:	1c6b      	adds	r3, r5, #1
10005ffe:	88a2      	ldrh	r2, [r4, #4]
10006000:	b29b      	uxth	r3, r3
10006002:	429d      	cmp	r5, r3
10006004:	ea4f 0142 	mov.w	r1, r2, lsl #1
10006008:	d904      	bls.n	10006014 <tu_fifo_write+0x7c>
1000600a:	1a5b      	subs	r3, r3, r1
1000600c:	b29b      	uxth	r3, r3
1000600e:	2701      	movs	r7, #1
10006010:	8123      	strh	r3, [r4, #8]
10006012:	e7dd      	b.n	10005fd0 <tu_fifo_write+0x38>
10006014:	ebb3 0f42 	cmp.w	r3, r2, lsl #1
10006018:	dbf9      	blt.n	1000600e <tu_fifo_write+0x76>
1000601a:	e7f6      	b.n	1000600a <tu_fifo_write+0x72>

1000601c <tu_fifo_write_n>:
1000601c:	e92d 4ff0 	stmdb	sp!, {r4, r5, r6, r7, r8, r9, sl, fp, lr}
10006020:	4614      	mov	r4, r2
10006022:	b083      	sub	sp, #12
10006024:	2a00      	cmp	r2, #0
10006026:	d05c      	beq.n	100060e2 <tu_fifo_write_n+0xc6>
10006028:	4605      	mov	r5, r0
1000602a:	68c0      	ldr	r0, [r0, #12]
1000602c:	468b      	mov	fp, r1
1000602e:	b118      	cbz	r0, 10006038 <tu_fifo_write_n+0x1c>
10006030:	f04f 31ff 	mov.w	r1, #4294967295
10006034:	f000 f9a4 	bl	10006380 <__mutex_enter_timeout_ms_veneer>
10006038:	79ea      	ldrb	r2, [r5, #7]
1000603a:	892f      	ldrh	r7, [r5, #8]
1000603c:	896b      	ldrh	r3, [r5, #10]
1000603e:	09d2      	lsrs	r2, r2, #7
10006040:	b2bf      	uxth	r7, r7
10006042:	b29b      	uxth	r3, r3
10006044:	d13b      	bne.n	100060be <tu_fifo_write_n+0xa2>
10006046:	88ae      	ldrh	r6, [r5, #4]
10006048:	429f      	cmp	r7, r3
1000604a:	bf36      	itet	cc
1000604c:	ebc3 0346 	rsbcc	r3, r3, r6, lsl #1
10006050:	1afb      	subcs	r3, r7, r3
10006052:	19db      	addcc	r3, r3, r7
10006054:	b29b      	uxth	r3, r3
10006056:	429e      	cmp	r6, r3
10006058:	d948      	bls.n	100060ec <tu_fifo_write_n+0xd0>
1000605a:	eba6 0803 	sub.w	r8, r6, r3
1000605e:	fa1f f888 	uxth.w	r8, r8
10006062:	45a0      	cmp	r8, r4
10006064:	bf28      	it	cs
10006066:	46a0      	movcs	r8, r4
10006068:	f8b5 a006 	ldrh.w	sl, [r5, #6]
1000606c:	eb08 0907 	add.w	r9, r8, r7
10006070:	fa1f f989 	uxth.w	r9, r9
10006074:	42be      	cmp	r6, r7
10006076:	463c      	mov	r4, r7
10006078:	d803      	bhi.n	10006082 <tu_fifo_write_n+0x66>
1000607a:	1ba4      	subs	r4, r4, r6
1000607c:	b2a4      	uxth	r4, r4
1000607e:	42b4      	cmp	r4, r6
10006080:	d2fb      	bcs.n	1000607a <tu_fifo_write_n+0x5e>
10006082:	1b33      	subs	r3, r6, r4
10006084:	6828      	ldr	r0, [r5, #0]
10006086:	b29b      	uxth	r3, r3
10006088:	f3ca 020e 	ubfx	r2, sl, #0, #15
1000608c:	4543      	cmp	r3, r8
1000608e:	4692      	mov	sl, r2
10006090:	fb02 0004 	mla	r0, r2, r4, r0
10006094:	d355      	bcc.n	10006142 <tu_fifo_write_n+0x126>
10006096:	4659      	mov	r1, fp
10006098:	fb02 f208 	mul.w	r2, r2, r8
1000609c:	f000 f9a0 	bl	100063e0 <__memcpy_veneer>
100060a0:	88aa      	ldrh	r2, [r5, #4]
100060a2:	45b9      	cmp	r9, r7
100060a4:	ea4f 0342 	mov.w	r3, r2, lsl #1
100060a8:	d302      	bcc.n	100060b0 <tu_fifo_write_n+0x94>
100060aa:	ebb9 0f42 	cmp.w	r9, r2, lsl #1
100060ae:	db03      	blt.n	100060b8 <tu_fifo_write_n+0x9c>
100060b0:	eba9 0903 	sub.w	r9, r9, r3
100060b4:	fa1f f989 	uxth.w	r9, r9
100060b8:	f8a5 9008 	strh.w	r9, [r5, #8]
100060bc:	e018      	b.n	100060f0 <tu_fifo_write_n+0xd4>
100060be:	f8b5 8004 	ldrh.w	r8, [r5, #4]
100060c2:	4544      	cmp	r4, r8
100060c4:	d31d      	bcc.n	10006102 <tu_fifo_write_n+0xe6>
100060c6:	f8b5 a006 	ldrh.w	sl, [r5, #6]
100060ca:	eba4 0408 	sub.w	r4, r4, r8
100060ce:	f3ca 020e 	ubfx	r2, sl, #0, #15
100060d2:	fb02 bb04 	mla	fp, r2, r4, fp
100060d6:	f1b8 0f00 	cmp.w	r8, #0
100060da:	d009      	beq.n	100060f0 <tu_fifo_write_n+0xd4>
100060dc:	461f      	mov	r7, r3
100060de:	4646      	mov	r6, r8
100060e0:	e7c4      	b.n	1000606c <tu_fifo_write_n+0x50>
100060e2:	4690      	mov	r8, r2
100060e4:	4640      	mov	r0, r8
100060e6:	b003      	add	sp, #12
100060e8:	e8bd 8ff0 	ldmia.w	sp!, {r4, r5, r6, r7, r8, r9, sl, fp, pc}
100060ec:	f04f 0800 	mov.w	r8, #0
100060f0:	68e8      	ldr	r0, [r5, #12]
100060f2:	2800      	cmp	r0, #0
100060f4:	d0f6      	beq.n	100060e4 <tu_fifo_write_n+0xc8>
100060f6:	f000 f923 	bl	10006340 <__mutex_exit_veneer>
100060fa:	4640      	mov	r0, r8
100060fc:	b003      	add	sp, #12
100060fe:	e8bd 8ff0 	ldmia.w	sp!, {r4, r5, r6, r7, r8, r9, sl, fp, pc}
10006102:	429f      	cmp	r7, r3
10006104:	bf36      	itet	cc
10006106:	ebc3 0248 	rsbcc	r2, r3, r8, lsl #1
1000610a:	1afa      	subcs	r2, r7, r3
1000610c:	19d2      	addcc	r2, r2, r7
1000610e:	b292      	uxth	r2, r2
10006110:	ea4f 0148 	mov.w	r1, r8, lsl #1
10006114:	4422      	add	r2, r4
10006116:	428a      	cmp	r2, r1
10006118:	db0a      	blt.n	10006130 <tu_fifo_write_n+0x114>
1000611a:	eb03 0908 	add.w	r9, r3, r8
1000611e:	fa1f f989 	uxth.w	r9, r9
10006122:	eba9 0704 	sub.w	r7, r9, r4
10006126:	b2bf      	uxth	r7, r7
10006128:	42bb      	cmp	r3, r7
1000612a:	d91e      	bls.n	1000616a <tu_fifo_write_n+0x14e>
1000612c:	1a7f      	subs	r7, r7, r1
1000612e:	b2bf      	uxth	r7, r7
10006130:	eb04 0907 	add.w	r9, r4, r7
10006134:	4646      	mov	r6, r8
10006136:	f8b5 a006 	ldrh.w	sl, [r5, #6]
1000613a:	46a0      	mov	r8, r4
1000613c:	fa1f f989 	uxth.w	r9, r9
10006140:	e798      	b.n	10006074 <tu_fifo_write_n+0x58>
10006142:	fb13 f302 	smulbb	r3, r3, r2
10006146:	4659      	mov	r1, fp
10006148:	b29a      	uxth	r2, r3
1000614a:	9201      	str	r2, [sp, #4]
1000614c:	f000 f948 	bl	100063e0 <__memcpy_veneer>
10006150:	9a01      	ldr	r2, [sp, #4]
10006152:	6828      	ldr	r0, [r5, #0]
10006154:	eb0b 0102 	add.w	r1, fp, r2
10006158:	eba8 0206 	sub.w	r2, r8, r6
1000615c:	4422      	add	r2, r4
1000615e:	fb12 f20a 	smulbb	r2, r2, sl
10006162:	b292      	uxth	r2, r2
10006164:	f000 f93c 	bl	100063e0 <__memcpy_veneer>
10006168:	e79a      	b.n	100060a0 <tu_fifo_write_n+0x84>
1000616a:	42b9      	cmp	r1, r7
1000616c:	ddde      	ble.n	1000612c <tu_fifo_write_n+0x110>
1000616e:	4646      	mov	r6, r8
10006170:	f8b5 a006 	ldrh.w	sl, [r5, #6]
10006174:	46a0      	mov	r8, r4
10006176:	e77d      	b.n	10006074 <tu_fifo_write_n+0x58>

10006178 <tu_fifo_clear>:
10006178:	b510      	push	{r4, lr}
1000617a:	4604      	mov	r4, r0
1000617c:	68c0      	ldr	r0, [r0, #12]
1000617e:	b118      	cbz	r0, 10006188 <tu_fifo_clear+0x10>
10006180:	f04f 31ff 	mov.w	r1, #4294967295
10006184:	f000 f8fc 	bl	10006380 <__mutex_enter_timeout_ms_veneer>
10006188:	6920      	ldr	r0, [r4, #16]
1000618a:	b118      	cbz	r0, 10006194 <tu_fifo_clear+0x1c>
1000618c:	f04f 31ff 	mov.w	r1, #4294967295
10006190:	f000 f8f6 	bl	10006380 <__mutex_enter_timeout_ms_veneer>
10006194:	2300      	movs	r3, #0
10006196:	68e0      	ldr	r0, [r4, #12]
10006198:	8163      	strh	r3, [r4, #10]
1000619a:	8123      	strh	r3, [r4, #8]
1000619c:	b108      	cbz	r0, 100061a2 <tu_fifo_clear+0x2a>
1000619e:	f000 f8cf 	bl	10006340 <__mutex_exit_veneer>
100061a2:	6920      	ldr	r0, [r4, #16]
100061a4:	b108      	cbz	r0, 100061aa <tu_fifo_clear+0x32>
100061a6:	f000 f8cb 	bl	10006340 <__mutex_exit_veneer>
100061aa:	2001      	movs	r0, #1
100061ac:	bd10      	pop	{r4, pc}
100061ae:	bf00      	nop

100061b0 <tu_fifo_set_overwritable>:
100061b0:	b538      	push	{r3, r4, r5, lr}
100061b2:	4604      	mov	r4, r0
100061b4:	68c0      	ldr	r0, [r0, #12]
100061b6:	460d      	mov	r5, r1
100061b8:	b118      	cbz	r0, 100061c2 <tu_fifo_set_overwritable+0x12>
100061ba:	f04f 31ff 	mov.w	r1, #4294967295
100061be:	f000 f8df 	bl	10006380 <__mutex_enter_timeout_ms_veneer>
100061c2:	6920      	ldr	r0, [r4, #16]
100061c4:	b118      	cbz	r0, 100061ce <tu_fifo_set_overwritable+0x1e>
100061c6:	f04f 31ff 	mov.w	r1, #4294967295
100061ca:	f000 f8d9 	bl	10006380 <__mutex_enter_timeout_ms_veneer>
100061ce:	79e3      	ldrb	r3, [r4, #7]
100061d0:	68e0      	ldr	r0, [r4, #12]
100061d2:	f365 13c7 	bfi	r3, r5, #7, #1
100061d6:	71e3      	strb	r3, [r4, #7]
100061d8:	b108      	cbz	r0, 100061de <tu_fifo_set_overwritable+0x2e>
100061da:	f000 f8b1 	bl	10006340 <__mutex_exit_veneer>
100061de:	6920      	ldr	r0, [r4, #16]
100061e0:	b108      	cbz	r0, 100061e6 <tu_fifo_set_overwritable+0x36>
100061e2:	f000 f8ad 	bl	10006340 <__mutex_exit_veneer>
100061e6:	2001      	movs	r0, #1
100061e8:	bd38      	pop	{r3, r4, r5, pc}
100061ea:	bf00      	nop

100061ec <spi_init>:
100061ec:	4b38      	ldr	r3, [pc, #224]	; (100062d0 <spi_init+0xe4>)
100061ee:	e92d 47f0 	stmdb	sp!, {r4, r5, r6, r7, r8, r9, sl, lr}
100061f2:	4298      	cmp	r0, r3
100061f4:	bf0c      	ite	eq
100061f6:	f44f 2300 	moveq.w	r3, #524288	; 0x80000
100061fa:	f44f 2380 	movne.w	r3, #262144	; 0x40000
100061fe:	4607      	mov	r7, r0
10006200:	460e      	mov	r6, r1
10006202:	4d34      	ldr	r5, [pc, #208]	; (100062d4 <spi_init+0xe8>)
10006204:	4c34      	ldr	r4, [pc, #208]	; (100062d8 <spi_init+0xec>)
10006206:	4a35      	ldr	r2, [pc, #212]	; (100062dc <spi_init+0xf0>)
10006208:	602b      	str	r3, [r5, #0]
1000620a:	6023      	str	r3, [r4, #0]
1000620c:	6895      	ldr	r5, [r2, #8]
1000620e:	ea33 0505 	bics.w	r5, r3, r5
10006212:	d1fb      	bne.n	1000620c <spi_init+0x20>
10006214:	2006      	movs	r0, #6
10006216:	f7fb fd4f 	bl	10001cb8 <clock_get_hz>
1000621a:	4639      	mov	r1, r7
1000621c:	f04f 0a02 	mov.w	sl, #2
10006220:	f851 4f04 	ldr.w	r4, [r1, #4]!
10006224:	ea4f 59d6 	mov.w	r9, r6, lsr #23
10006228:	ea4f 2c46 	mov.w	ip, r6, lsl #9
1000622c:	f501 5840 	add.w	r8, r1, #12288	; 0x3000
10006230:	ea04 0e0a 	and.w	lr, r4, sl
10006234:	4663      	mov	r3, ip
10006236:	464a      	mov	r2, r9
10006238:	4654      	mov	r4, sl
1000623a:	f8c8 a000 	str.w	sl, [r8]
1000623e:	e008      	b.n	10006252 <spi_init+0x66>
10006240:	eb13 030c 	adds.w	r3, r3, ip
10006244:	f104 0402 	add.w	r4, r4, #2
10006248:	eb42 0209 	adc.w	r2, r2, r9
1000624c:	f5b4 7f80 	cmp.w	r4, #256	; 0x100
10006250:	d003      	beq.n	1000625a <spi_init+0x6e>
10006252:	4298      	cmp	r0, r3
10006254:	eb75 0a02 	sbcs.w	sl, r5, r2
10006258:	d2f2      	bcs.n	10006240 <spi_init+0x54>
1000625a:	f44f 7380 	mov.w	r3, #256	; 0x100
1000625e:	ebc4 2204 	rsb	r2, r4, r4, lsl #8
10006262:	e001      	b.n	10006268 <spi_init+0x7c>
10006264:	2b01      	cmp	r3, #1
10006266:	d030      	beq.n	100062ca <spi_init+0xde>
10006268:	fbb0 fcf2 	udiv	ip, r0, r2
1000626c:	4566      	cmp	r6, ip
1000626e:	4699      	mov	r9, r3
10006270:	eba2 0204 	sub.w	r2, r2, r4
10006274:	f103 33ff 	add.w	r3, r3, #4294967295
10006278:	d2f4      	bcs.n	10006264 <spi_init+0x78>
1000627a:	fb09 f904 	mul.w	r9, r9, r4
1000627e:	021d      	lsls	r5, r3, #8
10006280:	613c      	str	r4, [r7, #16]
10006282:	2402      	movs	r4, #2
10006284:	463b      	mov	r3, r7
10006286:	2603      	movs	r6, #3
10006288:	683a      	ldr	r2, [r7, #0]
1000628a:	f501 5100 	add.w	r1, r1, #8192	; 0x2000
1000628e:	4055      	eors	r5, r2
10006290:	f507 5c80 	add.w	ip, r7, #4096	; 0x1000
10006294:	f405 457f 	and.w	r5, r5, #65280	; 0xff00
10006298:	f8cc 5000 	str.w	r5, [ip]
1000629c:	f8c1 e000 	str.w	lr, [r1]
100062a0:	687d      	ldr	r5, [r7, #4]
100062a2:	f8c8 4000 	str.w	r4, [r8]
100062a6:	f853 2b24 	ldr.w	r2, [r3], #36
100062aa:	4025      	ands	r5, r4
100062ac:	f082 0207 	eor.w	r2, r2, #7
100062b0:	f002 02cf 	and.w	r2, r2, #207	; 0xcf
100062b4:	f503 5300 	add.w	r3, r3, #8192	; 0x2000
100062b8:	f8cc 2000 	str.w	r2, [ip]
100062bc:	fbb0 f0f9 	udiv	r0, r0, r9
100062c0:	600d      	str	r5, [r1, #0]
100062c2:	601e      	str	r6, [r3, #0]
100062c4:	600c      	str	r4, [r1, #0]
100062c6:	e8bd 87f0 	ldmia.w	sp!, {r4, r5, r6, r7, r8, r9, sl, pc}
100062ca:	46a1      	mov	r9, r4
100062cc:	e7d8      	b.n	10006280 <spi_init+0x94>
100062ce:	bf00      	nop
100062d0:	40088000 	.word	0x40088000
100062d4:	40022000 	.word	0x40022000
100062d8:	40023000 	.word	0x40023000
100062dc:	40020000 	.word	0x40020000

100062e0 <strlen>:
100062e0:	f020 0103 	bic.w	r1, r0, #3
100062e4:	f010 0003 	ands.w	r0, r0, #3
100062e8:	f1c0 0000 	rsb	r0, r0, #0
100062ec:	f851 3b04 	ldr.w	r3, [r1], #4
100062f0:	f100 0c04 	add.w	ip, r0, #4
100062f4:	ea4f 0ccc 	mov.w	ip, ip, lsl #3
100062f8:	f06f 0200 	mvn.w	r2, #0
100062fc:	bf1c      	itt	ne
100062fe:	fa22 f20c 	lsrne.w	r2, r2, ip
10006302:	4313      	orrne	r3, r2
10006304:	f04f 0c01 	mov.w	ip, #1
10006308:	ea4c 2c0c 	orr.w	ip, ip, ip, lsl #8
1000630c:	ea4c 4c0c 	orr.w	ip, ip, ip, lsl #16
10006310:	eba3 020c 	sub.w	r2, r3, ip
10006314:	ea22 0203 	bic.w	r2, r2, r3
10006318:	ea12 12cc 	ands.w	r2, r2, ip, lsl #7
1000631c:	bf04      	itt	eq
1000631e:	f851 3b04 	ldreq.w	r3, [r1], #4
10006322:	3004      	addeq	r0, #4
10006324:	d0f4      	beq.n	10006310 <strlen+0x30>
10006326:	f1c2 0100 	rsb	r1, r2, #0
1000632a:	ea02 0201 	and.w	r2, r2, r1
1000632e:	fab2 f282 	clz	r2, r2
10006332:	f1c2 021f 	rsb	r2, r2, #31
10006336:	eb00 00d2 	add.w	r0, r0, r2, lsr #3
1000633a:	4770      	bx	lr
1000633c:	0000      	movs	r0, r0
	...

10006340 <__mutex_exit_veneer>:
10006340:	b401      	push	{r0}
10006342:	4802      	ldr	r0, [pc, #8]	; (1000634c <__mutex_exit_veneer+0xc>)
10006344:	4684      	mov	ip, r0
10006346:	bc01      	pop	{r0}
10006348:	4760      	bx	ip
1000634a:	bf00      	nop
1000634c:	20000259 	.word	0x20000259

10006350 <__e15_is_bulkin_ep_veneer>:
10006350:	b401      	push	{r0}
10006352:	4802      	ldr	r0, [pc, #8]	; (1000635c <__e15_is_bulkin_ep_veneer+0xc>)
10006354:	4684      	mov	ip, r0
10006356:	bc01      	pop	{r0}
10006358:	4760      	bx	ip
1000635a:	bf00      	nop
1000635c:	20000a49 	.word	0x20000a49

10006360 <__memset_veneer>:
10006360:	b401      	push	{r0}
10006362:	4802      	ldr	r0, [pc, #8]	; (1000636c <__memset_veneer+0xc>)
10006364:	4684      	mov	ip, r0
10006366:	bc01      	pop	{r0}
10006368:	4760      	bx	ip
1000636a:	bf00      	nop
1000636c:	20001605 	.word	0x20001605

10006370 <___hw_endpoint_buffer_control_update32_veneer>:
10006370:	b401      	push	{r0}
10006372:	4802      	ldr	r0, [pc, #8]	; (1000637c <___hw_endpoint_buffer_control_update32_veneer+0xc>)
10006374:	4684      	mov	ip, r0
10006376:	bc01      	pop	{r0}
10006378:	4760      	bx	ip
1000637a:	bf00      	nop
1000637c:	20000aa5 	.word	0x20000aa5

10006380 <__mutex_enter_timeout_ms_veneer>:
10006380:	b401      	push	{r0}
10006382:	4802      	ldr	r0, [pc, #8]	; (1000638c <__mutex_enter_timeout_ms_veneer+0xc>)
10006384:	4684      	mov	ip, r0
10006386:	bc01      	pop	{r0}
10006388:	4760      	bx	ip
1000638a:	bf00      	nop
1000638c:	2000022d 	.word	0x2000022d

10006390 <__mutex_try_enter_veneer>:
10006390:	b401      	push	{r0}
10006392:	4802      	ldr	r0, [pc, #8]	; (1000639c <__mutex_try_enter_veneer+0xc>)
10006394:	4684      	mov	ip, r0
10006396:	bc01      	pop	{r0}
10006398:	4760      	bx	ip
1000639a:	bf00      	nop
1000639c:	20000111 	.word	0x20000111

100063a0 <__hw_endpoint_start_next_buffer_veneer>:
100063a0:	b401      	push	{r0}
100063a2:	4802      	ldr	r0, [pc, #8]	; (100063ac <__hw_endpoint_start_next_buffer_veneer+0xc>)
100063a4:	4684      	mov	ip, r0
100063a6:	bc01      	pop	{r0}
100063a8:	4760      	bx	ip
100063aa:	bf00      	nop
100063ac:	20000ae9 	.word	0x20000ae9

100063b0 <__spi_read_blocking_veneer>:
100063b0:	b401      	push	{r0}
100063b2:	4802      	ldr	r0, [pc, #8]	; (100063bc <__spi_read_blocking_veneer+0xc>)
100063b4:	4684      	mov	ip, r0
100063b6:	bc01      	pop	{r0}
100063b8:	4760      	bx	ip
100063ba:	bf00      	nop
100063bc:	20000e31 	.word	0x20000e31

100063c0 <__spi_write_blocking_veneer>:
100063c0:	b401      	push	{r0}
100063c2:	4802      	ldr	r0, [pc, #8]	; (100063cc <__spi_write_blocking_veneer+0xc>)
100063c4:	4684      	mov	ip, r0
100063c6:	bc01      	pop	{r0}
100063c8:	4760      	bx	ip
100063ca:	bf00      	nop
100063cc:	20000da1 	.word	0x20000da1

100063d0 <____aeabi_f2d_veneer>:
100063d0:	b401      	push	{r0}
100063d2:	4802      	ldr	r0, [pc, #8]	; (100063dc <____aeabi_f2d_veneer+0xc>)
100063d4:	4684      	mov	ip, r0
100063d6:	bc01      	pop	{r0}
100063d8:	4760      	bx	ip
100063da:	bf00      	nop
100063dc:	20001149 	.word	0x20001149

100063e0 <__memcpy_veneer>:
100063e0:	b401      	push	{r0}
100063e2:	4802      	ldr	r0, [pc, #8]	; (100063ec <__memcpy_veneer+0xc>)
100063e4:	4684      	mov	ip, r0
100063e6:	bc01      	pop	{r0}
100063e8:	4760      	bx	ip
100063ea:	bf00      	nop
100063ec:	20001519 	.word	0x20001519

100063f0 <____aeabi_uldivmod_veneer>:
100063f0:	b401      	push	{r0}
100063f2:	4802      	ldr	r0, [pc, #8]	; (100063fc <____aeabi_uldivmod_veneer+0xc>)
100063f4:	4684      	mov	ip, r0
100063f6:	bc01      	pop	{r0}
100063f8:	4760      	bx	ip
100063fa:	bf00      	nop
100063fc:	200011f9 	.word	0x200011f9

10006400 <__mutex_try_enter_block_until_veneer>:
10006400:	b401      	push	{r0}
10006402:	4802      	ldr	r0, [pc, #8]	; (1000640c <__mutex_try_enter_block_until_veneer+0xc>)
10006404:	4684      	mov	ip, r0
10006406:	bc01      	pop	{r0}
10006408:	4760      	bx	ip
1000640a:	bf00      	nop
1000640c:	200001f9 	.word	0x200001f9

10006410 <__e15_is_critical_frame_period_veneer>:
10006410:	b401      	push	{r0}
10006412:	4802      	ldr	r0, [pc, #8]	; (1000641c <__e15_is_critical_frame_period_veneer+0xc>)
10006414:	4684      	mov	ip, r0
10006416:	bc01      	pop	{r0}
10006418:	4760      	bx	ip
1000641a:	bf00      	nop
1000641c:	20000a71 	.word	0x20000a71

10006420 <__reset_non_control_endpoints_veneer>:
10006420:	b401      	push	{r0}
10006422:	4802      	ldr	r0, [pc, #8]	; (1000642c <__reset_non_control_endpoints_veneer+0xc>)
10006424:	4684      	mov	ip, r0
10006426:	bc01      	pop	{r0}
10006428:	4760      	bx	ip
1000642a:	bf00      	nop
1000642c:	200002a1 	.word	0x200002a1

10006430 <__hw_endpoint_reset_transfer_veneer>:
10006430:	b401      	push	{r0}
10006432:	4802      	ldr	r0, [pc, #8]	; (1000643c <__hw_endpoint_reset_transfer_veneer+0xc>)
10006434:	4684      	mov	ip, r0
10006436:	bc01      	pop	{r0}
10006438:	4760      	bx	ip
1000643a:	bf00      	nop
1000643c:	20000a99 	.word	0x20000a99

10006440 <__pre_init_runtime_init_bootrom_reset>:
10006440:	10001fa9                                ....

10006444 <__pre_init_runtime_init_early_resets>:
10006444:	10001f1d                                ....

10006448 <__pre_init_runtime_init_usb_power_down>:
10006448:	10001f51                                Q...

1000644c <__pre_init_runtime_init_clocks>:
1000644c:	10002099                                . ..

10006450 <__pre_init_runtime_init_post_clock_resets>:
10006450:	10001f89                                ....

10006454 <__pre_init_runtime_init_boot_locks_reset>:
10006454:	10001ea1                                ....

10006458 <__pre_init_runtime_init_spin_locks_reset>:
10006458:	10001fd1                                ....

1000645c <__pre_init_runtime_init_bootrom_locking_enable>:
1000645c:	10001e8d                                ....

10006460 <__pre_init_runtime_init_mutex>:
10006460:	1000112d                                -...

10006464 <__pre_init_runtime_init_install_ram_vector_table>:
10006464:	10001fd5                                ....

10006468 <__pre_init_runtime_init_default_alarm_pool>:
10006468:	10001519                                ....

1000646c <__pre_init_first_per_core_initializer>:
1000646c:	10001eed                                ....

10006470 <__pre_init_runtime_init_per_core_bootrom_reset>:
10006470:	10001fbd                                ....

10006474 <__pre_init_runtime_init_per_core_enable_coprocessors>:
10006474:	10001f6d                                m...

10006478 <__pre_init_spinlock_set_extexclall>:
10006478:	10000b21                                !...

1000647c <__pre_init_runtime_init_per_core_irq_priorities>:
1000647c:	10000b49                                I...

10006480 <__init_array_start>:
10006480:	1000435d 	.word	0x1000435d

Disassembly of section .data:

20000110 <mutex_try_enter>:
20000110:	4603      	mov	r3, r0
20000112:	b500      	push	{lr}
20000114:	6802      	ldr	r2, [r0, #0]
20000116:	f3ef 8c10 	mrs	ip, PRIMASK
2000011a:	b672      	cpsid	i
2000011c:	e8d2 efcf 	ldaexb	lr, [r2]
20000120:	2001      	movs	r0, #1
20000122:	f1be 0f00 	cmp.w	lr, #0
20000126:	d1f9      	bne.n	2000011c <mutex_try_enter+0xc>
20000128:	e8c2 0f4e 	strexb	lr, r0, [r2]
2000012c:	f1be 0f00 	cmp.w	lr, #0
20000130:	d1f4      	bne.n	2000011c <mutex_try_enter+0xc>
20000132:	f3bf 8f5f 	dmb	sy
20000136:	f993 2004 	ldrsb.w	r2, [r3, #4]
2000013a:	2a00      	cmp	r2, #0
2000013c:	db0a      	blt.n	20000154 <mutex_try_enter+0x44>
2000013e:	b179      	cbz	r1, 20000160 <mutex_try_enter+0x50>
20000140:	2000      	movs	r0, #0
20000142:	600a      	str	r2, [r1, #0]
20000144:	2200      	movs	r2, #0
20000146:	681b      	ldr	r3, [r3, #0]
20000148:	e8c3 2f8f 	stlb	r2, [r3]
2000014c:	f38c 8810 	msr	PRIMASK, ip
20000150:	f85d fb04 	ldr.w	pc, [sp], #4
20000154:	f04f 4250 	mov.w	r2, #3489660928	; 0xd0000000
20000158:	6812      	ldr	r2, [r2, #0]
2000015a:	2001      	movs	r0, #1
2000015c:	711a      	strb	r2, [r3, #4]
2000015e:	e7f1      	b.n	20000144 <mutex_try_enter+0x34>
20000160:	4608      	mov	r0, r1
20000162:	e7ef      	b.n	20000144 <mutex_try_enter+0x34>

20000164 <mutex_enter_block_until>:
20000164:	f04f 4150 	mov.w	r1, #3489660928	; 0xd0000000
20000168:	e92d 47f0 	stmdb	sp!, {r4, r5, r6, r7, r8, r9, sl, lr}
2000016c:	2700      	movs	r7, #0
2000016e:	4604      	mov	r4, r0
20000170:	4616      	mov	r6, r2
20000172:	4699      	mov	r9, r3
20000174:	f8df a07c 	ldr.w	sl, [pc, #124]	; 200001f4 <mutex_enter_block_until+0x90>
20000178:	f8d1 8000 	ldr.w	r8, [r1]
2000017c:	6825      	ldr	r5, [r4, #0]
2000017e:	f3ef 8310 	mrs	r3, PRIMASK
20000182:	b672      	cpsid	i
20000184:	e8d5 1fcf 	ldaexb	r1, [r5]
20000188:	2201      	movs	r2, #1
2000018a:	2900      	cmp	r1, #0
2000018c:	d1fa      	bne.n	20000184 <mutex_enter_block_until+0x20>
2000018e:	e8c5 2f41 	strexb	r1, r2, [r5]
20000192:	2900      	cmp	r1, #0
20000194:	d1f6      	bne.n	20000184 <mutex_enter_block_until+0x20>
20000196:	f3bf 8f5f 	dmb	sy
2000019a:	f994 2004 	ldrsb.w	r2, [r4, #4]
2000019e:	2a00      	cmp	r2, #0
200001a0:	db1d      	blt.n	200001de <mutex_enter_block_until+0x7a>
200001a2:	f89a c000 	ldrb.w	ip, [sl]
200001a6:	6825      	ldr	r5, [r4, #0]
200001a8:	fa5f fc8c 	uxtb.w	ip, ip
200001ac:	e8c5 7f8f 	stlb	r7, [r5]
200001b0:	f383 8810 	msr	PRIMASK, r3
200001b4:	f89a 3000 	ldrb.w	r3, [sl]
200001b8:	4563      	cmp	r3, ip
200001ba:	d008      	beq.n	200001ce <mutex_enter_block_until+0x6a>
200001bc:	4630      	mov	r0, r6
200001be:	4649      	mov	r1, r9
200001c0:	f001 fa7a 	bl	200016b8 <__best_effort_wfe_or_timeout_veneer>
200001c4:	2800      	cmp	r0, #0
200001c6:	d0d9      	beq.n	2000017c <mutex_enter_block_until+0x18>
200001c8:	2000      	movs	r0, #0
200001ca:	e8bd 87f0 	ldmia.w	sp!, {r4, r5, r6, r7, r8, r9, sl, pc}
200001ce:	bf20      	wfe
200001d0:	4630      	mov	r0, r6
200001d2:	4649      	mov	r1, r9
200001d4:	f001 fa70 	bl	200016b8 <__best_effort_wfe_or_timeout_veneer>
200001d8:	2800      	cmp	r0, #0
200001da:	d0cf      	beq.n	2000017c <mutex_enter_block_until+0x18>
200001dc:	e7f4      	b.n	200001c8 <mutex_enter_block_until+0x64>
200001de:	2200      	movs	r2, #0
200001e0:	6821      	ldr	r1, [r4, #0]
200001e2:	f884 8004 	strb.w	r8, [r4, #4]
200001e6:	e8c1 2f8f 	stlb	r2, [r1]
200001ea:	f383 8810 	msr	PRIMASK, r3
200001ee:	2001      	movs	r0, #1
200001f0:	e8bd 87f0 	ldmia.w	sp!, {r4, r5, r6, r7, r8, r9, sl, pc}
200001f4:	20002126 	.word	0x20002126

200001f8 <mutex_try_enter_block_until>:
200001f8:	b570      	push	{r4, r5, r6, lr}
200001fa:	b082      	sub	sp, #8
200001fc:	a901      	add	r1, sp, #4
200001fe:	4606      	mov	r6, r0
20000200:	4615      	mov	r5, r2
20000202:	461c      	mov	r4, r3
20000204:	f7ff ff84 	bl	20000110 <mutex_try_enter>
20000208:	b938      	cbnz	r0, 2000021a <mutex_try_enter_block_until+0x22>
2000020a:	f04f 4350 	mov.w	r3, #3489660928	; 0xd0000000
2000020e:	f99d 2004 	ldrsb.w	r2, [sp, #4]
20000212:	f993 3000 	ldrsb.w	r3, [r3]
20000216:	429a      	cmp	r2, r3
20000218:	d101      	bne.n	2000021e <mutex_try_enter_block_until+0x26>
2000021a:	b002      	add	sp, #8
2000021c:	bd70      	pop	{r4, r5, r6, pc}
2000021e:	462a      	mov	r2, r5
20000220:	4623      	mov	r3, r4
20000222:	4630      	mov	r0, r6
20000224:	f7ff ff9e 	bl	20000164 <mutex_enter_block_until>
20000228:	b002      	add	sp, #8
2000022a:	bd70      	pop	{r4, r5, r6, pc}

2000022c <mutex_enter_timeout_ms>:
2000022c:	b570      	push	{r4, r5, r6, lr}
2000022e:	4605      	mov	r5, r0
20000230:	460c      	mov	r4, r1
20000232:	f001 fa39 	bl	200016a8 <__time_us_64_veneer>
20000236:	f44f 7c7a 	mov.w	ip, #1000	; 0x3e8
2000023a:	4602      	mov	r2, r0
2000023c:	460b      	mov	r3, r1
2000023e:	fbe4 230c 	umlal	r2, r3, r4, ip
20000242:	2b00      	cmp	r3, #0
20000244:	4628      	mov	r0, r5
20000246:	e8bd 4070 	ldmia.w	sp!, {r4, r5, r6, lr}
2000024a:	bfbc      	itt	lt
2000024c:	f04f 32ff 	movlt.w	r2, #4294967295
20000250:	f06f 4300 	mvnlt.w	r3, #2147483648	; 0x80000000
20000254:	f7ff bf86 	b.w	20000164 <mutex_enter_block_until>

20000258 <mutex_exit>:
20000258:	6803      	ldr	r3, [r0, #0]
2000025a:	f3ef 8110 	mrs	r1, PRIMASK
2000025e:	b672      	cpsid	i
20000260:	e8d3 cfcf 	ldaexb	ip, [r3]
20000264:	2201      	movs	r2, #1
20000266:	f1bc 0f00 	cmp.w	ip, #0
2000026a:	d1f9      	bne.n	20000260 <mutex_exit+0x8>
2000026c:	e8c3 2f4c 	strexb	ip, r2, [r3]
20000270:	f1bc 0f00 	cmp.w	ip, #0
20000274:	d1f4      	bne.n	20000260 <mutex_exit+0x8>
20000276:	f3bf 8f5f 	dmb	sy
2000027a:	f04f 0cff 	mov.w	ip, #255	; 0xff
2000027e:	4a07      	ldr	r2, [pc, #28]	; (2000029c <mutex_exit+0x44>)
20000280:	f880 c004 	strb.w	ip, [r0, #4]
20000284:	7813      	ldrb	r3, [r2, #0]
20000286:	3301      	adds	r3, #1
20000288:	b2db      	uxtb	r3, r3
2000028a:	7013      	strb	r3, [r2, #0]
2000028c:	6802      	ldr	r2, [r0, #0]
2000028e:	2300      	movs	r3, #0
20000290:	e8c2 3f8f 	stlb	r3, [r2]
20000294:	f381 8810 	msr	PRIMASK, r1
20000298:	bf40      	sev
2000029a:	4770      	bx	lr
2000029c:	20002126 	.word	0x20002126

200002a0 <reset_non_control_endpoints>:
200002a0:	2100      	movs	r1, #0
200002a2:	b508      	push	{r3, lr}
200002a4:	4b13      	ldr	r3, [pc, #76]	; (200002f4 <reset_non_control_endpoints+0x54>)
200002a6:	f44f 7270 	mov.w	r2, #960	; 0x3c0
200002aa:	6099      	str	r1, [r3, #8]
200002ac:	4812      	ldr	r0, [pc, #72]	; (200002f8 <reset_non_control_endpoints+0x58>)
200002ae:	60d9      	str	r1, [r3, #12]
200002b0:	6119      	str	r1, [r3, #16]
200002b2:	6159      	str	r1, [r3, #20]
200002b4:	6199      	str	r1, [r3, #24]
200002b6:	61d9      	str	r1, [r3, #28]
200002b8:	6219      	str	r1, [r3, #32]
200002ba:	6259      	str	r1, [r3, #36]	; 0x24
200002bc:	6299      	str	r1, [r3, #40]	; 0x28
200002be:	62d9      	str	r1, [r3, #44]	; 0x2c
200002c0:	6319      	str	r1, [r3, #48]	; 0x30
200002c2:	6359      	str	r1, [r3, #52]	; 0x34
200002c4:	6399      	str	r1, [r3, #56]	; 0x38
200002c6:	63d9      	str	r1, [r3, #60]	; 0x3c
200002c8:	6419      	str	r1, [r3, #64]	; 0x40
200002ca:	6459      	str	r1, [r3, #68]	; 0x44
200002cc:	6499      	str	r1, [r3, #72]	; 0x48
200002ce:	64d9      	str	r1, [r3, #76]	; 0x4c
200002d0:	6519      	str	r1, [r3, #80]	; 0x50
200002d2:	6559      	str	r1, [r3, #84]	; 0x54
200002d4:	6599      	str	r1, [r3, #88]	; 0x58
200002d6:	65d9      	str	r1, [r3, #92]	; 0x5c
200002d8:	6619      	str	r1, [r3, #96]	; 0x60
200002da:	6659      	str	r1, [r3, #100]	; 0x64
200002dc:	6699      	str	r1, [r3, #104]	; 0x68
200002de:	66d9      	str	r1, [r3, #108]	; 0x6c
200002e0:	6719      	str	r1, [r3, #112]	; 0x70
200002e2:	6759      	str	r1, [r3, #116]	; 0x74
200002e4:	6799      	str	r1, [r3, #120]	; 0x78
200002e6:	67d9      	str	r1, [r3, #124]	; 0x7c
200002e8:	f001 f98c 	bl	20001604 <memset>
200002ec:	4b03      	ldr	r3, [pc, #12]	; (200002fc <reset_non_control_endpoints+0x5c>)
200002ee:	4a04      	ldr	r2, [pc, #16]	; (20000300 <reset_non_control_endpoints+0x60>)
200002f0:	601a      	str	r2, [r3, #0]
200002f2:	bd08      	pop	{r3, pc}
200002f4:	50100000 	.word	0x50100000
200002f8:	20001d00 	.word	0x20001d00
200002fc:	200020c8 	.word	0x200020c8
20000300:	50100180 	.word	0x50100180

20000304 <hw_handle_buff_status>:
20000304:	e92d 4ff0 	stmdb	sp!, {r4, r5, r6, r7, r8, r9, sl, fp, lr}
20000308:	4b23      	ldr	r3, [pc, #140]	; (20000398 <hw_handle_buff_status+0x94>)
2000030a:	b085      	sub	sp, #20
2000030c:	f8d3 a058 	ldr.w	sl, [r3, #88]	; 0x58
20000310:	f1ba 0f00 	cmp.w	sl, #0
20000314:	d025      	beq.n	20000362 <hw_handle_buff_status+0x5e>
20000316:	2400      	movs	r4, #0
20000318:	2501      	movs	r5, #1
2000031a:	f04f 0802 	mov.w	r8, #2
2000031e:	4f1f      	ldr	r7, [pc, #124]	; (2000039c <hw_handle_buff_status+0x98>)
20000320:	e003      	b.n	2000032a <hw_handle_buff_status+0x26>
20000322:	006d      	lsls	r5, r5, #1
20000324:	b2dc      	uxtb	r4, r3
20000326:	2c20      	cmp	r4, #32
20000328:	d01b      	beq.n	20000362 <hw_handle_buff_status+0x5e>
2000032a:	ea1a 0f05 	tst.w	sl, r5
2000032e:	f104 0301 	add.w	r3, r4, #1
20000332:	d0f6      	beq.n	20000322 <hw_handle_buff_status+0x1e>
20000334:	43e6      	mvns	r6, r4
20000336:	ea4f 0954 	mov.w	r9, r4, lsr #1
2000033a:	f006 0601 	and.w	r6, r6, #1
2000033e:	fb18 6b09 	smlabb	fp, r8, r9, r6
20000342:	4b17      	ldr	r3, [pc, #92]	; (200003a0 <hw_handle_buff_status+0x9c>)
20000344:	eb07 1b4b 	add.w	fp, r7, fp, lsl #5
20000348:	659d      	str	r5, [r3, #88]	; 0x58
2000034a:	4658      	mov	r0, fp
2000034c:	ea2a 0a05 	bic.w	sl, sl, r5
20000350:	006d      	lsls	r5, r5, #1
20000352:	f000 fbfb 	bl	20000b4c <hw_endpoint_xfer_continue>
20000356:	b938      	cbnz	r0, 20000368 <hw_handle_buff_status+0x64>
20000358:	3401      	adds	r4, #1
2000035a:	b2e4      	uxtb	r4, r4
2000035c:	f1ba 0f00 	cmp.w	sl, #0
20000360:	d1e1      	bne.n	20000326 <hw_handle_buff_status+0x22>
20000362:	b005      	add	sp, #20
20000364:	e8bd 8ff0 	ldmia.w	sp!, {r4, r5, r6, r7, r8, r9, sl, fp, pc}
20000368:	f44f 63e0 	mov.w	r3, #1792	; 0x700
2000036c:	f8ad 3004 	strh.w	r3, [sp, #4]
20000370:	2300      	movs	r3, #0
20000372:	eb06 0649 	add.w	r6, r6, r9, lsl #1
20000376:	eb07 1646 	add.w	r6, r7, r6, lsl #5
2000037a:	78b2      	ldrb	r2, [r6, #2]
2000037c:	f88d 3009 	strb.w	r3, [sp, #9]
20000380:	8af3      	ldrh	r3, [r6, #22]
20000382:	a801      	add	r0, sp, #4
20000384:	2101      	movs	r1, #1
20000386:	f88d 2008 	strb.w	r2, [sp, #8]
2000038a:	9303      	str	r3, [sp, #12]
2000038c:	f000 fbfe 	bl	20000b8c <dcd_event_handler>
20000390:	4658      	mov	r0, fp
20000392:	f000 fb81 	bl	20000a98 <hw_endpoint_reset_transfer>
20000396:	e7df      	b.n	20000358 <hw_handle_buff_status+0x54>
20000398:	50110000 	.word	0x50110000
2000039c:	20001cc0 	.word	0x20001cc0
200003a0:	50113000 	.word	0x50113000

200003a4 <dcd_rp2040_irq>:
200003a4:	b570      	push	{r4, r5, r6, lr}
200003a6:	4bb2      	ldr	r3, [pc, #712]	; (20000670 <dcd_rp2040_irq+0x2cc>)
200003a8:	b084      	sub	sp, #16
200003aa:	f8d3 5098 	ldr.w	r5, [r3, #152]	; 0x98
200003ae:	f415 3600 	ands.w	r6, r5, #131072	; 0x20000
200003b2:	d074      	beq.n	2000049e <dcd_rp2040_irq+0xfa>
200003b4:	4baf      	ldr	r3, [pc, #700]	; (20000674 <dcd_rp2040_irq+0x2d0>)
200003b6:	4cb0      	ldr	r4, [pc, #704]	; (20000678 <dcd_rp2040_irq+0x2d4>)
200003b8:	6a99      	ldr	r1, [r3, #40]	; 0x28
200003ba:	f894 303b 	ldrb.w	r3, [r4, #59]	; 0x3b
200003be:	4aaf      	ldr	r2, [pc, #700]	; (2000067c <dcd_rp2040_irq+0x2d8>)
200003c0:	2b02      	cmp	r3, #2
200003c2:	6011      	str	r1, [r2, #0]
200003c4:	f000 80f9 	beq.w	200005ba <dcd_rp2040_irq+0x216>
200003c8:	2600      	movs	r6, #0
200003ca:	f894 307b 	ldrb.w	r3, [r4, #123]	; 0x7b
200003ce:	2b02      	cmp	r3, #2
200003d0:	f000 81c8 	beq.w	20000764 <dcd_rp2040_irq+0x3c0>
200003d4:	f894 30bb 	ldrb.w	r3, [r4, #187]	; 0xbb
200003d8:	2b02      	cmp	r3, #2
200003da:	f000 81b9 	beq.w	20000750 <dcd_rp2040_irq+0x3ac>
200003de:	f894 30fb 	ldrb.w	r3, [r4, #251]	; 0xfb
200003e2:	2b02      	cmp	r3, #2
200003e4:	f000 81aa 	beq.w	2000073c <dcd_rp2040_irq+0x398>
200003e8:	f894 313b 	ldrb.w	r3, [r4, #315]	; 0x13b
200003ec:	2b02      	cmp	r3, #2
200003ee:	f000 819a 	beq.w	20000726 <dcd_rp2040_irq+0x382>
200003f2:	f894 317b 	ldrb.w	r3, [r4, #379]	; 0x17b
200003f6:	2b02      	cmp	r3, #2
200003f8:	f000 818a 	beq.w	20000710 <dcd_rp2040_irq+0x36c>
200003fc:	f894 31bb 	ldrb.w	r3, [r4, #443]	; 0x1bb
20000400:	2b02      	cmp	r3, #2
20000402:	f000 817a 	beq.w	200006fa <dcd_rp2040_irq+0x356>
20000406:	f894 31fb 	ldrb.w	r3, [r4, #507]	; 0x1fb
2000040a:	2b02      	cmp	r3, #2
2000040c:	f000 816a 	beq.w	200006e4 <dcd_rp2040_irq+0x340>
20000410:	f894 323b 	ldrb.w	r3, [r4, #571]	; 0x23b
20000414:	2b02      	cmp	r3, #2
20000416:	f000 8159 	beq.w	200006cc <dcd_rp2040_irq+0x328>
2000041a:	f894 327b 	ldrb.w	r3, [r4, #635]	; 0x27b
2000041e:	2b02      	cmp	r3, #2
20000420:	f000 8148 	beq.w	200006b4 <dcd_rp2040_irq+0x310>
20000424:	f894 32bb 	ldrb.w	r3, [r4, #699]	; 0x2bb
20000428:	2b02      	cmp	r3, #2
2000042a:	f000 8137 	beq.w	2000069c <dcd_rp2040_irq+0x2f8>
2000042e:	f894 32fb 	ldrb.w	r3, [r4, #763]	; 0x2fb
20000432:	2b02      	cmp	r3, #2
20000434:	f000 8110 	beq.w	20000658 <dcd_rp2040_irq+0x2b4>
20000438:	f894 333b 	ldrb.w	r3, [r4, #827]	; 0x33b
2000043c:	2b02      	cmp	r3, #2
2000043e:	f000 80ff 	beq.w	20000640 <dcd_rp2040_irq+0x29c>
20000442:	f894 337b 	ldrb.w	r3, [r4, #891]	; 0x37b
20000446:	2b02      	cmp	r3, #2
20000448:	f000 80ee 	beq.w	20000628 <dcd_rp2040_irq+0x284>
2000044c:	f894 33bb 	ldrb.w	r3, [r4, #955]	; 0x3bb
20000450:	2b02      	cmp	r3, #2
20000452:	f000 80d5 	beq.w	20000600 <dcd_rp2040_irq+0x25c>
20000456:	f894 33fb 	ldrb.w	r3, [r4, #1019]	; 0x3fb
2000045a:	2b02      	cmp	r3, #2
2000045c:	f000 80bf 	beq.w	200005de <dcd_rp2040_irq+0x23a>
20000460:	b93e      	cbnz	r6, 20000472 <dcd_rp2040_irq+0xce>
20000462:	4b87      	ldr	r3, [pc, #540]	; (20000680 <dcd_rp2040_irq+0x2dc>)
20000464:	781b      	ldrb	r3, [r3, #0]
20000466:	b923      	cbnz	r3, 20000472 <dcd_rp2040_irq+0xce>
20000468:	f44f 3200 	mov.w	r2, #131072	; 0x20000
2000046c:	4b85      	ldr	r3, [pc, #532]	; (20000684 <dcd_rp2040_irq+0x2e0>)
2000046e:	f8c3 2090 	str.w	r2, [r3, #144]	; 0x90
20000472:	f44f 7240 	mov.w	r2, #768	; 0x300
20000476:	4b7e      	ldr	r3, [pc, #504]	; (20000670 <dcd_rp2040_irq+0x2cc>)
20000478:	2101      	movs	r1, #1
2000047a:	6c9b      	ldr	r3, [r3, #72]	; 0x48
2000047c:	a801      	add	r0, sp, #4
2000047e:	f3c3 030a 	ubfx	r3, r3, #0, #11
20000482:	9302      	str	r3, [sp, #8]
20000484:	f8ad 2004 	strh.w	r2, [sp, #4]
20000488:	f000 fb80 	bl	20000b8c <dcd_event_handler>
2000048c:	06e9      	lsls	r1, r5, #27
2000048e:	f44f 3600 	mov.w	r6, #131072	; 0x20000
20000492:	4c7d      	ldr	r4, [pc, #500]	; (20000688 <dcd_rp2040_irq+0x2e4>)
20000494:	d507      	bpl.n	200004a6 <dcd_rp2040_irq+0x102>
20000496:	f7ff ff35 	bl	20000304 <hw_handle_buff_status>
2000049a:	4626      	mov	r6, r4
2000049c:	e003      	b.n	200004a6 <dcd_rp2040_irq+0x102>
2000049e:	06e9      	lsls	r1, r5, #27
200004a0:	f04f 0410 	mov.w	r4, #16
200004a4:	d4f7      	bmi.n	20000496 <dcd_rp2040_irq+0xf2>
200004a6:	03ea      	lsls	r2, r5, #15
200004a8:	d532      	bpl.n	20000510 <dcd_rp2040_irq+0x16c>
200004aa:	4c73      	ldr	r4, [pc, #460]	; (20000678 <dcd_rp2040_irq+0x2d4>)
200004ac:	f446 3680 	orr.w	r6, r6, #65536	; 0x10000
200004b0:	7ea3      	ldrb	r3, [r4, #26]
200004b2:	b19b      	cbz	r3, 200004dc <dcd_rp2040_irq+0x138>
200004b4:	2102      	movs	r1, #2
200004b6:	4b75      	ldr	r3, [pc, #468]	; (2000068c <dcd_rp2040_irq+0x2e8>)
200004b8:	4a6d      	ldr	r2, [pc, #436]	; (20000670 <dcd_rp2040_irq+0x2cc>)
200004ba:	6619      	str	r1, [r3, #96]	; 0x60
200004bc:	6e53      	ldr	r3, [r2, #100]	; 0x64
200004be:	079b      	lsls	r3, r3, #30
200004c0:	d5fc      	bpl.n	200004bc <dcd_rp2040_irq+0x118>
200004c2:	f44f 5240 	mov.w	r2, #12288	; 0x3000
200004c6:	2100      	movs	r1, #0
200004c8:	486b      	ldr	r0, [pc, #428]	; (20000678 <dcd_rp2040_irq+0x2d4>)
200004ca:	f000 faeb 	bl	20000aa4 <_hw_endpoint_buffer_control_update32>
200004ce:	486a      	ldr	r0, [pc, #424]	; (20000678 <dcd_rp2040_irq+0x2d4>)
200004d0:	f000 fae2 	bl	20000a98 <hw_endpoint_reset_transfer>
200004d4:	2202      	movs	r2, #2
200004d6:	4b6b      	ldr	r3, [pc, #428]	; (20000684 <dcd_rp2040_irq+0x2e0>)
200004d8:	665a      	str	r2, [r3, #100]	; 0x64
200004da:	661a      	str	r2, [r3, #96]	; 0x60
200004dc:	2301      	movs	r3, #1
200004de:	f894 203a 	ldrb.w	r2, [r4, #58]	; 0x3a
200004e2:	70e3      	strb	r3, [r4, #3]
200004e4:	b9fa      	cbnz	r2, 20000526 <dcd_rp2040_irq+0x182>
200004e6:	2301      	movs	r3, #1
200004e8:	f44f 61c0 	mov.w	r1, #1536	; 0x600
200004ec:	4a68      	ldr	r2, [pc, #416]	; (20000690 <dcd_rp2040_irq+0x2ec>)
200004ee:	f884 3023 	strb.w	r3, [r4, #35]	; 0x23
200004f2:	f8ad 1004 	strh.w	r1, [sp, #4]
200004f6:	e892 0003 	ldmia.w	r2, {r0, r1}
200004fa:	aa04      	add	r2, sp, #16
200004fc:	e902 0003 	stmdb	r2, {r0, r1}
20000500:	4619      	mov	r1, r3
20000502:	a801      	add	r0, sp, #4
20000504:	f000 fb42 	bl	20000b8c <dcd_event_handler>
20000508:	f44f 3200 	mov.w	r2, #131072	; 0x20000
2000050c:	4b5d      	ldr	r3, [pc, #372]	; (20000684 <dcd_rp2040_irq+0x2e0>)
2000050e:	651a      	str	r2, [r3, #80]	; 0x50
20000510:	04e9      	lsls	r1, r5, #19
20000512:	d41d      	bmi.n	20000550 <dcd_rp2040_irq+0x1ac>
20000514:	046a      	lsls	r2, r5, #17
20000516:	d432      	bmi.n	2000057e <dcd_rp2040_irq+0x1da>
20000518:	042b      	lsls	r3, r5, #16
2000051a:	d43f      	bmi.n	2000059c <dcd_rp2040_irq+0x1f8>
2000051c:	42ae      	cmp	r6, r5
2000051e:	f040 819a 	bne.w	20000856 <dcd_rp2040_irq+0x4b2>
20000522:	b004      	add	sp, #16
20000524:	bd70      	pop	{r4, r5, r6, pc}
20000526:	4a59      	ldr	r2, [pc, #356]	; (2000068c <dcd_rp2040_irq+0x2e8>)
20000528:	6613      	str	r3, [r2, #96]	; 0x60
2000052a:	f5a2 5200 	sub.w	r2, r2, #8192	; 0x2000
2000052e:	6e53      	ldr	r3, [r2, #100]	; 0x64
20000530:	07d8      	lsls	r0, r3, #31
20000532:	d5fc      	bpl.n	2000052e <dcd_rp2040_irq+0x18a>
20000534:	f44f 5240 	mov.w	r2, #12288	; 0x3000
20000538:	2100      	movs	r1, #0
2000053a:	4856      	ldr	r0, [pc, #344]	; (20000694 <dcd_rp2040_irq+0x2f0>)
2000053c:	f000 fab2 	bl	20000aa4 <_hw_endpoint_buffer_control_update32>
20000540:	4854      	ldr	r0, [pc, #336]	; (20000694 <dcd_rp2040_irq+0x2f0>)
20000542:	f000 faa9 	bl	20000a98 <hw_endpoint_reset_transfer>
20000546:	2201      	movs	r2, #1
20000548:	4b4e      	ldr	r3, [pc, #312]	; (20000684 <dcd_rp2040_irq+0x2e0>)
2000054a:	665a      	str	r2, [r3, #100]	; 0x64
2000054c:	661a      	str	r2, [r3, #96]	; 0x60
2000054e:	e7ca      	b.n	200004e6 <dcd_rp2040_irq+0x142>
20000550:	2400      	movs	r4, #0
20000552:	4b47      	ldr	r3, [pc, #284]	; (20000670 <dcd_rp2040_irq+0x2cc>)
20000554:	f446 5680 	orr.w	r6, r6, #4096	; 0x1000
20000558:	601c      	str	r4, [r3, #0]
2000055a:	f7ff fea1 	bl	200002a0 <reset_non_control_endpoints>
2000055e:	f44f 7380 	mov.w	r3, #256	; 0x100
20000562:	2101      	movs	r1, #1
20000564:	a801      	add	r0, sp, #4
20000566:	f8ad 3004 	strh.w	r3, [sp, #4]
2000056a:	f88d 4008 	strb.w	r4, [sp, #8]
2000056e:	f000 fb0d 	bl	20000b8c <dcd_event_handler>
20000572:	f44f 2200 	mov.w	r2, #524288	; 0x80000
20000576:	4b43      	ldr	r3, [pc, #268]	; (20000684 <dcd_rp2040_irq+0x2e0>)
20000578:	651a      	str	r2, [r3, #80]	; 0x50
2000057a:	046a      	lsls	r2, r5, #17
2000057c:	d5cc      	bpl.n	20000518 <dcd_rp2040_irq+0x174>
2000057e:	f44f 6380 	mov.w	r3, #1024	; 0x400
20000582:	2101      	movs	r1, #1
20000584:	a801      	add	r0, sp, #4
20000586:	f8ad 3004 	strh.w	r3, [sp, #4]
2000058a:	f000 faff 	bl	20000b8c <dcd_event_handler>
2000058e:	2210      	movs	r2, #16
20000590:	4b3c      	ldr	r3, [pc, #240]	; (20000684 <dcd_rp2040_irq+0x2e0>)
20000592:	f446 4680 	orr.w	r6, r6, #16384	; 0x4000
20000596:	651a      	str	r2, [r3, #80]	; 0x50
20000598:	042b      	lsls	r3, r5, #16
2000059a:	d5bf      	bpl.n	2000051c <dcd_rp2040_irq+0x178>
2000059c:	f44f 63a0 	mov.w	r3, #1280	; 0x500
200005a0:	2101      	movs	r1, #1
200005a2:	a801      	add	r0, sp, #4
200005a4:	f8ad 3004 	strh.w	r3, [sp, #4]
200005a8:	f000 faf0 	bl	20000b8c <dcd_event_handler>
200005ac:	f44f 6200 	mov.w	r2, #2048	; 0x800
200005b0:	4b34      	ldr	r3, [pc, #208]	; (20000684 <dcd_rp2040_irq+0x2e0>)
200005b2:	f446 4600 	orr.w	r6, r6, #32768	; 0x8000
200005b6:	651a      	str	r2, [r3, #80]	; 0x50
200005b8:	e7b0      	b.n	2000051c <dcd_rp2040_irq+0x178>
200005ba:	f894 603a 	ldrb.w	r6, [r4, #58]	; 0x3a
200005be:	2e00      	cmp	r6, #0
200005c0:	f43f af03 	beq.w	200003ca <dcd_rp2040_irq+0x26>
200005c4:	f894 303c 	ldrb.w	r3, [r4, #60]	; 0x3c
200005c8:	2b00      	cmp	r3, #0
200005ca:	f43f aefe 	beq.w	200003ca <dcd_rp2040_irq+0x26>
200005ce:	2300      	movs	r3, #0
200005d0:	f104 0020 	add.w	r0, r4, #32
200005d4:	f884 303c 	strb.w	r3, [r4, #60]	; 0x3c
200005d8:	f000 fa86 	bl	20000ae8 <hw_endpoint_start_next_buffer>
200005dc:	e6f5      	b.n	200003ca <dcd_rp2040_irq+0x26>
200005de:	f894 33fa 	ldrb.w	r3, [r4, #1018]	; 0x3fa
200005e2:	2b00      	cmp	r3, #0
200005e4:	f43f af3c 	beq.w	20000460 <dcd_rp2040_irq+0xbc>
200005e8:	f894 33fc 	ldrb.w	r3, [r4, #1020]	; 0x3fc
200005ec:	2b00      	cmp	r3, #0
200005ee:	f43f af40 	beq.w	20000472 <dcd_rp2040_irq+0xce>
200005f2:	2300      	movs	r3, #0
200005f4:	4828      	ldr	r0, [pc, #160]	; (20000698 <dcd_rp2040_irq+0x2f4>)
200005f6:	f884 33fc 	strb.w	r3, [r4, #1020]	; 0x3fc
200005fa:	f000 fa75 	bl	20000ae8 <hw_endpoint_start_next_buffer>
200005fe:	e738      	b.n	20000472 <dcd_rp2040_irq+0xce>
20000600:	f894 33ba 	ldrb.w	r3, [r4, #954]	; 0x3ba
20000604:	2b00      	cmp	r3, #0
20000606:	f43f af26 	beq.w	20000456 <dcd_rp2040_irq+0xb2>
2000060a:	f894 33bc 	ldrb.w	r3, [r4, #956]	; 0x3bc
2000060e:	2b00      	cmp	r3, #0
20000610:	f040 80b2 	bne.w	20000778 <dcd_rp2040_irq+0x3d4>
20000614:	f894 33fb 	ldrb.w	r3, [r4, #1019]	; 0x3fb
20000618:	2b02      	cmp	r3, #2
2000061a:	f47f af2a 	bne.w	20000472 <dcd_rp2040_irq+0xce>
2000061e:	f894 33fa 	ldrb.w	r3, [r4, #1018]	; 0x3fa
20000622:	2b00      	cmp	r3, #0
20000624:	d1e0      	bne.n	200005e8 <dcd_rp2040_irq+0x244>
20000626:	e724      	b.n	20000472 <dcd_rp2040_irq+0xce>
20000628:	f894 337a 	ldrb.w	r3, [r4, #890]	; 0x37a
2000062c:	2b00      	cmp	r3, #0
2000062e:	f43f af0d 	beq.w	2000044c <dcd_rp2040_irq+0xa8>
20000632:	f894 237c 	ldrb.w	r2, [r4, #892]	; 0x37c
20000636:	2a00      	cmp	r2, #0
20000638:	f040 8105 	bne.w	20000846 <dcd_rp2040_irq+0x4a2>
2000063c:	461e      	mov	r6, r3
2000063e:	e705      	b.n	2000044c <dcd_rp2040_irq+0xa8>
20000640:	f894 333a 	ldrb.w	r3, [r4, #826]	; 0x33a
20000644:	2b00      	cmp	r3, #0
20000646:	f43f aefc 	beq.w	20000442 <dcd_rp2040_irq+0x9e>
2000064a:	f894 233c 	ldrb.w	r2, [r4, #828]	; 0x33c
2000064e:	2a00      	cmp	r2, #0
20000650:	f040 80f1 	bne.w	20000836 <dcd_rp2040_irq+0x492>
20000654:	461e      	mov	r6, r3
20000656:	e6f4      	b.n	20000442 <dcd_rp2040_irq+0x9e>
20000658:	f894 32fa 	ldrb.w	r3, [r4, #762]	; 0x2fa
2000065c:	2b00      	cmp	r3, #0
2000065e:	f43f aeeb 	beq.w	20000438 <dcd_rp2040_irq+0x94>
20000662:	f894 22fc 	ldrb.w	r2, [r4, #764]	; 0x2fc
20000666:	2a00      	cmp	r2, #0
20000668:	f040 80dd 	bne.w	20000826 <dcd_rp2040_irq+0x482>
2000066c:	461e      	mov	r6, r3
2000066e:	e6e3      	b.n	20000438 <dcd_rp2040_irq+0x94>
20000670:	50110000 	.word	0x50110000
20000674:	400b0000 	.word	0x400b0000
20000678:	20001cc0 	.word	0x20001cc0
2000067c:	20001cb8 	.word	0x20001cb8
20000680:	20002122 	.word	0x20002122
20000684:	50113000 	.word	0x50113000
20000688:	00020010 	.word	0x00020010
2000068c:	50112000 	.word	0x50112000
20000690:	50100000 	.word	0x50100000
20000694:	20001ce0 	.word	0x20001ce0
20000698:	200020a0 	.word	0x200020a0
2000069c:	f894 32ba 	ldrb.w	r3, [r4, #698]	; 0x2ba
200006a0:	2b00      	cmp	r3, #0
200006a2:	f43f aec4 	beq.w	2000042e <dcd_rp2040_irq+0x8a>
200006a6:	f894 22bc 	ldrb.w	r2, [r4, #700]	; 0x2bc
200006aa:	2a00      	cmp	r2, #0
200006ac:	f040 80b3 	bne.w	20000816 <dcd_rp2040_irq+0x472>
200006b0:	461e      	mov	r6, r3
200006b2:	e6bc      	b.n	2000042e <dcd_rp2040_irq+0x8a>
200006b4:	f894 327a 	ldrb.w	r3, [r4, #634]	; 0x27a
200006b8:	2b00      	cmp	r3, #0
200006ba:	f43f aeb3 	beq.w	20000424 <dcd_rp2040_irq+0x80>
200006be:	f894 227c 	ldrb.w	r2, [r4, #636]	; 0x27c
200006c2:	2a00      	cmp	r2, #0
200006c4:	f040 809f 	bne.w	20000806 <dcd_rp2040_irq+0x462>
200006c8:	461e      	mov	r6, r3
200006ca:	e6ab      	b.n	20000424 <dcd_rp2040_irq+0x80>
200006cc:	f894 323a 	ldrb.w	r3, [r4, #570]	; 0x23a
200006d0:	2b00      	cmp	r3, #0
200006d2:	f43f aea2 	beq.w	2000041a <dcd_rp2040_irq+0x76>
200006d6:	f894 223c 	ldrb.w	r2, [r4, #572]	; 0x23c
200006da:	2a00      	cmp	r2, #0
200006dc:	f040 808b 	bne.w	200007f6 <dcd_rp2040_irq+0x452>
200006e0:	461e      	mov	r6, r3
200006e2:	e69a      	b.n	2000041a <dcd_rp2040_irq+0x76>
200006e4:	f894 31fa 	ldrb.w	r3, [r4, #506]	; 0x1fa
200006e8:	2b00      	cmp	r3, #0
200006ea:	f43f ae91 	beq.w	20000410 <dcd_rp2040_irq+0x6c>
200006ee:	f894 21fc 	ldrb.w	r2, [r4, #508]	; 0x1fc
200006f2:	2a00      	cmp	r2, #0
200006f4:	d177      	bne.n	200007e6 <dcd_rp2040_irq+0x442>
200006f6:	461e      	mov	r6, r3
200006f8:	e68a      	b.n	20000410 <dcd_rp2040_irq+0x6c>
200006fa:	f894 31ba 	ldrb.w	r3, [r4, #442]	; 0x1ba
200006fe:	2b00      	cmp	r3, #0
20000700:	f43f ae81 	beq.w	20000406 <dcd_rp2040_irq+0x62>
20000704:	f894 21bc 	ldrb.w	r2, [r4, #444]	; 0x1bc
20000708:	2a00      	cmp	r2, #0
2000070a:	d164      	bne.n	200007d6 <dcd_rp2040_irq+0x432>
2000070c:	461e      	mov	r6, r3
2000070e:	e67a      	b.n	20000406 <dcd_rp2040_irq+0x62>
20000710:	f894 317a 	ldrb.w	r3, [r4, #378]	; 0x17a
20000714:	2b00      	cmp	r3, #0
20000716:	f43f ae71 	beq.w	200003fc <dcd_rp2040_irq+0x58>
2000071a:	f894 217c 	ldrb.w	r2, [r4, #380]	; 0x17c
2000071e:	2a00      	cmp	r2, #0
20000720:	d151      	bne.n	200007c6 <dcd_rp2040_irq+0x422>
20000722:	461e      	mov	r6, r3
20000724:	e66a      	b.n	200003fc <dcd_rp2040_irq+0x58>
20000726:	f894 313a 	ldrb.w	r3, [r4, #314]	; 0x13a
2000072a:	2b00      	cmp	r3, #0
2000072c:	f43f ae61 	beq.w	200003f2 <dcd_rp2040_irq+0x4e>
20000730:	f894 213c 	ldrb.w	r2, [r4, #316]	; 0x13c
20000734:	2a00      	cmp	r2, #0
20000736:	d13e      	bne.n	200007b6 <dcd_rp2040_irq+0x412>
20000738:	461e      	mov	r6, r3
2000073a:	e65a      	b.n	200003f2 <dcd_rp2040_irq+0x4e>
2000073c:	f894 30fa 	ldrb.w	r3, [r4, #250]	; 0xfa
20000740:	2b00      	cmp	r3, #0
20000742:	f43f ae51 	beq.w	200003e8 <dcd_rp2040_irq+0x44>
20000746:	f894 20fc 	ldrb.w	r2, [r4, #252]	; 0xfc
2000074a:	bb62      	cbnz	r2, 200007a6 <dcd_rp2040_irq+0x402>
2000074c:	461e      	mov	r6, r3
2000074e:	e64b      	b.n	200003e8 <dcd_rp2040_irq+0x44>
20000750:	f894 30ba 	ldrb.w	r3, [r4, #186]	; 0xba
20000754:	2b00      	cmp	r3, #0
20000756:	f43f ae42 	beq.w	200003de <dcd_rp2040_irq+0x3a>
2000075a:	f894 20bc 	ldrb.w	r2, [r4, #188]	; 0xbc
2000075e:	b9d2      	cbnz	r2, 20000796 <dcd_rp2040_irq+0x3f2>
20000760:	461e      	mov	r6, r3
20000762:	e63c      	b.n	200003de <dcd_rp2040_irq+0x3a>
20000764:	f894 307a 	ldrb.w	r3, [r4, #122]	; 0x7a
20000768:	2b00      	cmp	r3, #0
2000076a:	f43f ae33 	beq.w	200003d4 <dcd_rp2040_irq+0x30>
2000076e:	f894 207c 	ldrb.w	r2, [r4, #124]	; 0x7c
20000772:	b942      	cbnz	r2, 20000786 <dcd_rp2040_irq+0x3e2>
20000774:	461e      	mov	r6, r3
20000776:	e62d      	b.n	200003d4 <dcd_rp2040_irq+0x30>
20000778:	2300      	movs	r3, #0
2000077a:	4839      	ldr	r0, [pc, #228]	; (20000860 <dcd_rp2040_irq+0x4bc>)
2000077c:	f884 33bc 	strb.w	r3, [r4, #956]	; 0x3bc
20000780:	f000 f9b2 	bl	20000ae8 <hw_endpoint_start_next_buffer>
20000784:	e746      	b.n	20000614 <dcd_rp2040_irq+0x270>
20000786:	2200      	movs	r2, #0
20000788:	4836      	ldr	r0, [pc, #216]	; (20000864 <dcd_rp2040_irq+0x4c0>)
2000078a:	f884 207c 	strb.w	r2, [r4, #124]	; 0x7c
2000078e:	461e      	mov	r6, r3
20000790:	f000 f9aa 	bl	20000ae8 <hw_endpoint_start_next_buffer>
20000794:	e61e      	b.n	200003d4 <dcd_rp2040_irq+0x30>
20000796:	2200      	movs	r2, #0
20000798:	4833      	ldr	r0, [pc, #204]	; (20000868 <dcd_rp2040_irq+0x4c4>)
2000079a:	f884 20bc 	strb.w	r2, [r4, #188]	; 0xbc
2000079e:	461e      	mov	r6, r3
200007a0:	f000 f9a2 	bl	20000ae8 <hw_endpoint_start_next_buffer>
200007a4:	e61b      	b.n	200003de <dcd_rp2040_irq+0x3a>
200007a6:	2200      	movs	r2, #0
200007a8:	4830      	ldr	r0, [pc, #192]	; (2000086c <dcd_rp2040_irq+0x4c8>)
200007aa:	f884 20fc 	strb.w	r2, [r4, #252]	; 0xfc
200007ae:	461e      	mov	r6, r3
200007b0:	f000 f99a 	bl	20000ae8 <hw_endpoint_start_next_buffer>
200007b4:	e618      	b.n	200003e8 <dcd_rp2040_irq+0x44>
200007b6:	2200      	movs	r2, #0
200007b8:	482d      	ldr	r0, [pc, #180]	; (20000870 <dcd_rp2040_irq+0x4cc>)
200007ba:	f884 213c 	strb.w	r2, [r4, #316]	; 0x13c
200007be:	461e      	mov	r6, r3
200007c0:	f000 f992 	bl	20000ae8 <hw_endpoint_start_next_buffer>
200007c4:	e615      	b.n	200003f2 <dcd_rp2040_irq+0x4e>
200007c6:	2200      	movs	r2, #0
200007c8:	482a      	ldr	r0, [pc, #168]	; (20000874 <dcd_rp2040_irq+0x4d0>)
200007ca:	f884 217c 	strb.w	r2, [r4, #380]	; 0x17c
200007ce:	461e      	mov	r6, r3
200007d0:	f000 f98a 	bl	20000ae8 <hw_endpoint_start_next_buffer>
200007d4:	e612      	b.n	200003fc <dcd_rp2040_irq+0x58>
200007d6:	2200      	movs	r2, #0
200007d8:	4827      	ldr	r0, [pc, #156]	; (20000878 <dcd_rp2040_irq+0x4d4>)
200007da:	f884 21bc 	strb.w	r2, [r4, #444]	; 0x1bc
200007de:	461e      	mov	r6, r3
200007e0:	f000 f982 	bl	20000ae8 <hw_endpoint_start_next_buffer>
200007e4:	e60f      	b.n	20000406 <dcd_rp2040_irq+0x62>
200007e6:	2200      	movs	r2, #0
200007e8:	4824      	ldr	r0, [pc, #144]	; (2000087c <dcd_rp2040_irq+0x4d8>)
200007ea:	f884 21fc 	strb.w	r2, [r4, #508]	; 0x1fc
200007ee:	461e      	mov	r6, r3
200007f0:	f000 f97a 	bl	20000ae8 <hw_endpoint_start_next_buffer>
200007f4:	e60c      	b.n	20000410 <dcd_rp2040_irq+0x6c>
200007f6:	2200      	movs	r2, #0
200007f8:	4821      	ldr	r0, [pc, #132]	; (20000880 <dcd_rp2040_irq+0x4dc>)
200007fa:	f884 223c 	strb.w	r2, [r4, #572]	; 0x23c
200007fe:	461e      	mov	r6, r3
20000800:	f000 f972 	bl	20000ae8 <hw_endpoint_start_next_buffer>
20000804:	e609      	b.n	2000041a <dcd_rp2040_irq+0x76>
20000806:	2200      	movs	r2, #0
20000808:	481e      	ldr	r0, [pc, #120]	; (20000884 <dcd_rp2040_irq+0x4e0>)
2000080a:	f884 227c 	strb.w	r2, [r4, #636]	; 0x27c
2000080e:	461e      	mov	r6, r3
20000810:	f000 f96a 	bl	20000ae8 <hw_endpoint_start_next_buffer>
20000814:	e606      	b.n	20000424 <dcd_rp2040_irq+0x80>
20000816:	2200      	movs	r2, #0
20000818:	481b      	ldr	r0, [pc, #108]	; (20000888 <dcd_rp2040_irq+0x4e4>)
2000081a:	f884 22bc 	strb.w	r2, [r4, #700]	; 0x2bc
2000081e:	461e      	mov	r6, r3
20000820:	f000 f962 	bl	20000ae8 <hw_endpoint_start_next_buffer>
20000824:	e603      	b.n	2000042e <dcd_rp2040_irq+0x8a>
20000826:	2200      	movs	r2, #0
20000828:	4818      	ldr	r0, [pc, #96]	; (2000088c <dcd_rp2040_irq+0x4e8>)
2000082a:	f884 22fc 	strb.w	r2, [r4, #764]	; 0x2fc
2000082e:	461e      	mov	r6, r3
20000830:	f000 f95a 	bl	20000ae8 <hw_endpoint_start_next_buffer>
20000834:	e600      	b.n	20000438 <dcd_rp2040_irq+0x94>
20000836:	2200      	movs	r2, #0
20000838:	4815      	ldr	r0, [pc, #84]	; (20000890 <dcd_rp2040_irq+0x4ec>)
2000083a:	f884 233c 	strb.w	r2, [r4, #828]	; 0x33c
2000083e:	461e      	mov	r6, r3
20000840:	f000 f952 	bl	20000ae8 <hw_endpoint_start_next_buffer>
20000844:	e5fd      	b.n	20000442 <dcd_rp2040_irq+0x9e>
20000846:	2200      	movs	r2, #0
20000848:	4812      	ldr	r0, [pc, #72]	; (20000894 <dcd_rp2040_irq+0x4f0>)
2000084a:	f884 237c 	strb.w	r2, [r4, #892]	; 0x37c
2000084e:	461e      	mov	r6, r3
20000850:	f000 f94a 	bl	20000ae8 <hw_endpoint_start_next_buffer>
20000854:	e5fa      	b.n	2000044c <dcd_rp2040_irq+0xa8>
20000856:	4810      	ldr	r0, [pc, #64]	; (20000898 <dcd_rp2040_irq+0x4f4>)
20000858:	ea86 0105 	eor.w	r1, r6, r5
2000085c:	f000 ff44 	bl	200016e8 <__panic_veneer>
20000860:	20002060 	.word	0x20002060
20000864:	20001d20 	.word	0x20001d20
20000868:	20001d60 	.word	0x20001d60
2000086c:	20001da0 	.word	0x20001da0
20000870:	20001de0 	.word	0x20001de0
20000874:	20001e20 	.word	0x20001e20
20000878:	20001e60 	.word	0x20001e60
2000087c:	20001ea0 	.word	0x20001ea0
20000880:	20001ee0 	.word	0x20001ee0
20000884:	20001f20 	.word	0x20001f20
20000888:	20001f60 	.word	0x20001f60
2000088c:	20001fa0 	.word	0x20001fa0
20000890:	20001fe0 	.word	0x20001fe0
20000894:	20002020 	.word	0x20002020
20000898:	1000693c 	.word	0x1000693c

2000089c <prepare_ep_buffer>:
2000089c:	8a82      	ldrh	r2, [r0, #20]
2000089e:	e92d 43f0 	stmdb	sp!, {r4, r5, r6, r7, r8, r9, lr}
200008a2:	8b04      	ldrh	r4, [r0, #24]
200008a4:	78c3      	ldrb	r3, [r0, #3]
200008a6:	4294      	cmp	r4, r2
200008a8:	bf28      	it	cs
200008aa:	4614      	movcs	r4, r2
200008ac:	1b12      	subs	r2, r2, r4
200008ae:	b292      	uxth	r2, r2
200008b0:	8282      	strh	r2, [r0, #20]
200008b2:	2b00      	cmp	r3, #0
200008b4:	d046      	beq.n	20000944 <prepare_ep_buffer+0xa8>
200008b6:	f444 5610 	orr.w	r6, r4, #9216	; 0x2400
200008ba:	f083 0301 	eor.w	r3, r3, #1
200008be:	70c3      	strb	r3, [r0, #3]
200008c0:	7843      	ldrb	r3, [r0, #1]
200008c2:	4635      	mov	r5, r6
200008c4:	bbb3      	cbnz	r3, 20000934 <prepare_ep_buffer+0x98>
200008c6:	68c5      	ldr	r5, [r0, #12]
200008c8:	f104 39ff 	add.w	r9, r4, #4294967295
200008cc:	eb05 1881 	add.w	r8, r5, r1, lsl #6
200008d0:	6905      	ldr	r5, [r0, #16]
200008d2:	b35c      	cbz	r4, 2000092c <prepare_ep_buffer+0x90>
200008d4:	1c6a      	adds	r2, r5, #1
200008d6:	eba8 0702 	sub.w	r7, r8, r2
200008da:	2f02      	cmp	r7, #2
200008dc:	d935      	bls.n	2000094a <prepare_ep_buffer+0xae>
200008de:	f1b9 0f07 	cmp.w	r9, #7
200008e2:	d932      	bls.n	2000094a <prepare_ep_buffer+0xae>
200008e4:	46ae      	mov	lr, r5
200008e6:	46c4      	mov	ip, r8
200008e8:	1f22      	subs	r2, r4, #4
200008ea:	0892      	lsrs	r2, r2, #2
200008ec:	3201      	adds	r2, #1
200008ee:	f85e 7b04 	ldr.w	r7, [lr], #4
200008f2:	3301      	adds	r3, #1
200008f4:	429a      	cmp	r2, r3
200008f6:	f84c 7b04 	str.w	r7, [ip], #4
200008fa:	d8f8      	bhi.n	200008ee <prepare_ep_buffer+0x52>
200008fc:	ebb4 0f82 	cmp.w	r4, r2, lsl #2
20000900:	eba9 0382 	sub.w	r3, r9, r2, lsl #2
20000904:	eb05 0c82 	add.w	ip, r5, r2, lsl #2
20000908:	eb08 0782 	add.w	r7, r8, r2, lsl #2
2000090c:	d00c      	beq.n	20000928 <prepare_ep_buffer+0x8c>
2000090e:	f815 5022 	ldrb.w	r5, [r5, r2, lsl #2]
20000912:	f808 5022 	strb.w	r5, [r8, r2, lsl #2]
20000916:	b13b      	cbz	r3, 20000928 <prepare_ep_buffer+0x8c>
20000918:	f89c 2001 	ldrb.w	r2, [ip, #1]
2000091c:	2b01      	cmp	r3, #1
2000091e:	707a      	strb	r2, [r7, #1]
20000920:	d002      	beq.n	20000928 <prepare_ep_buffer+0x8c>
20000922:	f89c 3002 	ldrb.w	r3, [ip, #2]
20000926:	70bb      	strb	r3, [r7, #2]
20000928:	6905      	ldr	r5, [r0, #16]
2000092a:	8a82      	ldrh	r2, [r0, #20]
2000092c:	442c      	add	r4, r5
2000092e:	6104      	str	r4, [r0, #16]
20000930:	f446 4500 	orr.w	r5, r6, #32768	; 0x8000
20000934:	b90a      	cbnz	r2, 2000093a <prepare_ep_buffer+0x9e>
20000936:	f445 4580 	orr.w	r5, r5, #16384	; 0x4000
2000093a:	b101      	cbz	r1, 2000093e <prepare_ep_buffer+0xa2>
2000093c:	042d      	lsls	r5, r5, #16
2000093e:	4628      	mov	r0, r5
20000940:	e8bd 83f0 	ldmia.w	sp!, {r4, r5, r6, r7, r8, r9, pc}
20000944:	f444 6680 	orr.w	r6, r4, #1024	; 0x400
20000948:	e7b7      	b.n	200008ba <prepare_ep_buffer+0x1e>
2000094a:	f108 38ff 	add.w	r8, r8, #4294967295
2000094e:	4425      	add	r5, r4
20000950:	e000      	b.n	20000954 <prepare_ep_buffer+0xb8>
20000952:	3201      	adds	r2, #1
20000954:	f812 3c01 	ldrb.w	r3, [r2, #-1]
20000958:	42aa      	cmp	r2, r5
2000095a:	f808 3f01 	strb.w	r3, [r8, #1]!
2000095e:	d1f8      	bne.n	20000952 <prepare_ep_buffer+0xb6>
20000960:	e7e2      	b.n	20000928 <prepare_ep_buffer+0x8c>
20000962:	bf00      	nop

20000964 <sync_ep_buffer>:
20000964:	6883      	ldr	r3, [r0, #8]
20000966:	681b      	ldr	r3, [r3, #0]
20000968:	b101      	cbz	r1, 2000096c <sync_ep_buffer+0x8>
2000096a:	0c1b      	lsrs	r3, r3, #16
2000096c:	7842      	ldrb	r2, [r0, #1]
2000096e:	f3c3 0309 	ubfx	r3, r3, #0, #10
20000972:	2a00      	cmp	r2, #0
20000974:	d03f      	beq.n	200009f6 <sync_ep_buffer+0x92>
20000976:	b5f0      	push	{r4, r5, r6, r7, lr}
20000978:	e9d0 2403 	ldrd	r2, r4, [r0, #12]
2000097c:	018d      	lsls	r5, r1, #6
2000097e:	1e5f      	subs	r7, r3, #1
20000980:	eb02 1181 	add.w	r1, r2, r1, lsl #6
20000984:	b35b      	cbz	r3, 200009de <sync_ep_buffer+0x7a>
20000986:	3501      	adds	r5, #1
20000988:	442a      	add	r2, r5
2000098a:	1aa2      	subs	r2, r4, r2
2000098c:	2a02      	cmp	r2, #2
2000098e:	d93c      	bls.n	20000a0a <sync_ep_buffer+0xa6>
20000990:	2f07      	cmp	r7, #7
20000992:	d93a      	bls.n	20000a0a <sync_ep_buffer+0xa6>
20000994:	460d      	mov	r5, r1
20000996:	46a6      	mov	lr, r4
20000998:	2200      	movs	r2, #0
2000099a:	f1a3 0c04 	sub.w	ip, r3, #4
2000099e:	ea4f 0c9c 	mov.w	ip, ip, lsr #2
200009a2:	f10c 0c01 	add.w	ip, ip, #1
200009a6:	f855 6b04 	ldr.w	r6, [r5], #4
200009aa:	3201      	adds	r2, #1
200009ac:	4594      	cmp	ip, r2
200009ae:	f84e 6b04 	str.w	r6, [lr], #4
200009b2:	d8f8      	bhi.n	200009a6 <sync_ep_buffer+0x42>
200009b4:	ebb3 0f8c 	cmp.w	r3, ip, lsl #2
200009b8:	eba7 078c 	sub.w	r7, r7, ip, lsl #2
200009bc:	eb01 058c 	add.w	r5, r1, ip, lsl #2
200009c0:	eb04 028c 	add.w	r2, r4, ip, lsl #2
200009c4:	d00a      	beq.n	200009dc <sync_ep_buffer+0x78>
200009c6:	f811 102c 	ldrb.w	r1, [r1, ip, lsl #2]
200009ca:	f804 102c 	strb.w	r1, [r4, ip, lsl #2]
200009ce:	b12f      	cbz	r7, 200009dc <sync_ep_buffer+0x78>
200009d0:	7869      	ldrb	r1, [r5, #1]
200009d2:	2f01      	cmp	r7, #1
200009d4:	7051      	strb	r1, [r2, #1]
200009d6:	d001      	beq.n	200009dc <sync_ep_buffer+0x78>
200009d8:	78a9      	ldrb	r1, [r5, #2]
200009da:	7091      	strb	r1, [r2, #2]
200009dc:	6904      	ldr	r4, [r0, #16]
200009de:	8ac2      	ldrh	r2, [r0, #22]
200009e0:	441c      	add	r4, r3
200009e2:	441a      	add	r2, r3
200009e4:	82c2      	strh	r2, [r0, #22]
200009e6:	8b02      	ldrh	r2, [r0, #24]
200009e8:	6104      	str	r4, [r0, #16]
200009ea:	429a      	cmp	r2, r3
200009ec:	bf84      	itt	hi
200009ee:	2200      	movhi	r2, #0
200009f0:	8282      	strhhi	r2, [r0, #20]
200009f2:	4618      	mov	r0, r3
200009f4:	bdf0      	pop	{r4, r5, r6, r7, pc}
200009f6:	8ac2      	ldrh	r2, [r0, #22]
200009f8:	441a      	add	r2, r3
200009fa:	82c2      	strh	r2, [r0, #22]
200009fc:	8b02      	ldrh	r2, [r0, #24]
200009fe:	429a      	cmp	r2, r3
20000a00:	bf84      	itt	hi
20000a02:	2200      	movhi	r2, #0
20000a04:	8282      	strhhi	r2, [r0, #20]
20000a06:	4618      	mov	r0, r3
20000a08:	4770      	bx	lr
20000a0a:	3c01      	subs	r4, #1
20000a0c:	18cd      	adds	r5, r1, r3
20000a0e:	f811 2b01 	ldrb.w	r2, [r1], #1
20000a12:	42a9      	cmp	r1, r5
20000a14:	f804 2f01 	strb.w	r2, [r4, #1]!
20000a18:	d1f9      	bne.n	20000a0e <sync_ep_buffer+0xaa>
20000a1a:	e7df      	b.n	200009dc <sync_ep_buffer+0x78>

20000a1c <_hw_endpoint_xfer_sync>:
20000a1c:	b510      	push	{r4, lr}
20000a1e:	4604      	mov	r4, r0
20000a20:	6883      	ldr	r3, [r0, #8]
20000a22:	2100      	movs	r1, #0
20000a24:	681b      	ldr	r3, [r3, #0]
20000a26:	f7ff ff9d 	bl	20000964 <sync_ep_buffer>
20000a2a:	6863      	ldr	r3, [r4, #4]
20000a2c:	681b      	ldr	r3, [r3, #0]
20000a2e:	005b      	lsls	r3, r3, #1
20000a30:	d502      	bpl.n	20000a38 <_hw_endpoint_xfer_sync+0x1c>
20000a32:	8b23      	ldrh	r3, [r4, #24]
20000a34:	4283      	cmp	r3, r0
20000a36:	d000      	beq.n	20000a3a <_hw_endpoint_xfer_sync+0x1e>
20000a38:	bd10      	pop	{r4, pc}
20000a3a:	4620      	mov	r0, r4
20000a3c:	e8bd 4010 	ldmia.w	sp!, {r4, lr}
20000a40:	2101      	movs	r1, #1
20000a42:	f7ff bf8f 	b.w	20000964 <sync_ep_buffer>
20000a46:	bf00      	nop

20000a48 <e15_is_bulkin_ep>:
20000a48:	4b08      	ldr	r3, [pc, #32]	; (20000a6c <e15_is_bulkin_ep+0x24>)
20000a4a:	6c1b      	ldr	r3, [r3, #64]	; 0x40
20000a4c:	f013 0302 	ands.w	r3, r3, #2
20000a50:	d102      	bne.n	20000a58 <e15_is_bulkin_ep+0x10>
20000a52:	7882      	ldrb	r2, [r0, #2]
20000a54:	09d2      	lsrs	r2, r2, #7
20000a56:	d101      	bne.n	20000a5c <e15_is_bulkin_ep+0x14>
20000a58:	2000      	movs	r0, #0
20000a5a:	4770      	bx	lr
20000a5c:	7ec0      	ldrb	r0, [r0, #27]
20000a5e:	f1a0 0002 	sub.w	r0, r0, #2
20000a62:	fab0 f080 	clz	r0, r0
20000a66:	0940      	lsrs	r0, r0, #5
20000a68:	4770      	bx	lr
20000a6a:	bf00      	nop
20000a6c:	50110000 	.word	0x50110000

20000a70 <e15_is_critical_frame_period>:
20000a70:	b508      	push	{r3, lr}
20000a72:	f7ff ffe9 	bl	20000a48 <e15_is_bulkin_ep>
20000a76:	b150      	cbz	r0, 20000a8e <e15_is_critical_frame_period+0x1e>
20000a78:	4a05      	ldr	r2, [pc, #20]	; (20000a90 <e15_is_critical_frame_period+0x20>)
20000a7a:	4b06      	ldr	r3, [pc, #24]	; (20000a94 <e15_is_critical_frame_period+0x24>)
20000a7c:	6a90      	ldr	r0, [r2, #40]	; 0x28
20000a7e:	681b      	ldr	r3, [r3, #0]
20000a80:	f5a0 7048 	sub.w	r0, r0, #800	; 0x320
20000a84:	1ac0      	subs	r0, r0, r3
20000a86:	28c6      	cmp	r0, #198	; 0xc6
20000a88:	bf8c      	ite	hi
20000a8a:	2000      	movhi	r0, #0
20000a8c:	2001      	movls	r0, #1
20000a8e:	bd08      	pop	{r3, pc}
20000a90:	400b0000 	.word	0x400b0000
20000a94:	20001cb8 	.word	0x20001cb8

20000a98 <hw_endpoint_reset_transfer>:
20000a98:	2300      	movs	r3, #0
20000a9a:	e9c0 3304 	strd	r3, r3, [r0, #16]
20000a9e:	7683      	strb	r3, [r0, #26]
20000aa0:	4770      	bx	lr
20000aa2:	bf00      	nop

20000aa4 <_hw_endpoint_buffer_control_update32>:
20000aa4:	b510      	push	{r4, lr}
20000aa6:	6883      	ldr	r3, [r0, #8]
20000aa8:	b109      	cbz	r1, 20000aae <_hw_endpoint_buffer_control_update32+0xa>
20000aaa:	681c      	ldr	r4, [r3, #0]
20000aac:	4021      	ands	r1, r4
20000aae:	b182      	cbz	r2, 20000ad2 <_hw_endpoint_buffer_control_update32+0x2e>
20000ab0:	4311      	orrs	r1, r2
20000ab2:	0552      	lsls	r2, r2, #21
20000ab4:	d50d      	bpl.n	20000ad2 <_hw_endpoint_buffer_control_update32+0x2e>
20000ab6:	681a      	ldr	r2, [r3, #0]
20000ab8:	0554      	lsls	r4, r2, #21
20000aba:	d40c      	bmi.n	20000ad6 <_hw_endpoint_buffer_control_update32+0x32>
20000abc:	4a08      	ldr	r2, [pc, #32]	; (20000ae0 <_hw_endpoint_buffer_control_update32+0x3c>)
20000abe:	f421 6480 	bic.w	r4, r1, #1024	; 0x400
20000ac2:	601c      	str	r4, [r3, #0]
20000ac4:	6c12      	ldr	r2, [r2, #64]	; 0x40
20000ac6:	0792      	lsls	r2, r2, #30
20000ac8:	d403      	bmi.n	20000ad2 <_hw_endpoint_buffer_control_update32+0x2e>
20000aca:	230c      	movs	r3, #12
20000acc:	3b03      	subs	r3, #3
20000ace:	d2fd      	bcs.n	20000acc <_hw_endpoint_buffer_control_update32+0x28>
20000ad0:	6883      	ldr	r3, [r0, #8]
20000ad2:	6019      	str	r1, [r3, #0]
20000ad4:	bd10      	pop	{r4, pc}
20000ad6:	7881      	ldrb	r1, [r0, #2]
20000ad8:	4802      	ldr	r0, [pc, #8]	; (20000ae4 <_hw_endpoint_buffer_control_update32+0x40>)
20000ada:	f000 fe05 	bl	200016e8 <__panic_veneer>
20000ade:	bf00      	nop
20000ae0:	50110000 	.word	0x50110000
20000ae4:	10006950 	.word	0x10006950

20000ae8 <hw_endpoint_start_next_buffer>:
20000ae8:	b530      	push	{r4, r5, lr}
20000aea:	6843      	ldr	r3, [r0, #4]
20000aec:	2100      	movs	r1, #0
20000aee:	b083      	sub	sp, #12
20000af0:	4604      	mov	r4, r0
20000af2:	681d      	ldr	r5, [r3, #0]
20000af4:	f7ff fed2 	bl	2000089c <prepare_ep_buffer>
20000af8:	4b13      	ldr	r3, [pc, #76]	; (20000b48 <hw_endpoint_start_next_buffer+0x60>)
20000afa:	f440 5280 	orr.w	r2, r0, #4096	; 0x1000
20000afe:	6c1b      	ldr	r3, [r3, #64]	; 0x40
20000b00:	f013 0f02 	tst.w	r3, #2
20000b04:	78a3      	ldrb	r3, [r4, #2]
20000b06:	d00e      	beq.n	20000b26 <hw_endpoint_start_next_buffer+0x3e>
20000b08:	065b      	lsls	r3, r3, #25
20000b0a:	d00e      	beq.n	20000b2a <hw_endpoint_start_next_buffer+0x42>
20000b0c:	f025 45a0 	bic.w	r5, r5, #1342177280	; 0x50000000
20000b10:	f045 5500 	orr.w	r5, r5, #536870912	; 0x20000000
20000b14:	2100      	movs	r1, #0
20000b16:	4620      	mov	r0, r4
20000b18:	6863      	ldr	r3, [r4, #4]
20000b1a:	601d      	str	r5, [r3, #0]
20000b1c:	b003      	add	sp, #12
20000b1e:	e8bd 4030 	ldmia.w	sp!, {r4, r5, lr}
20000b22:	f7ff bfbf 	b.w	20000aa4 <_hw_endpoint_buffer_control_update32>
20000b26:	09db      	lsrs	r3, r3, #7
20000b28:	d0f0      	beq.n	20000b0c <hw_endpoint_start_next_buffer+0x24>
20000b2a:	8aa3      	ldrh	r3, [r4, #20]
20000b2c:	2b00      	cmp	r3, #0
20000b2e:	d0ed      	beq.n	20000b0c <hw_endpoint_start_next_buffer+0x24>
20000b30:	2101      	movs	r1, #1
20000b32:	4620      	mov	r0, r4
20000b34:	9201      	str	r2, [sp, #4]
20000b36:	f7ff feb1 	bl	2000089c <prepare_ep_buffer>
20000b3a:	9a01      	ldr	r2, [sp, #4]
20000b3c:	f025 5500 	bic.w	r5, r5, #536870912	; 0x20000000
20000b40:	f045 45a0 	orr.w	r5, r5, #1342177280	; 0x50000000
20000b44:	4302      	orrs	r2, r0
20000b46:	e7e5      	b.n	20000b14 <hw_endpoint_start_next_buffer+0x2c>
20000b48:	50110000 	.word	0x50110000

20000b4c <hw_endpoint_xfer_continue>:
20000b4c:	b538      	push	{r3, r4, r5, lr}
20000b4e:	7e85      	ldrb	r5, [r0, #26]
20000b50:	4604      	mov	r4, r0
20000b52:	b1a5      	cbz	r5, 20000b7e <hw_endpoint_xfer_continue+0x32>
20000b54:	f7ff ff62 	bl	20000a1c <_hw_endpoint_xfer_sync>
20000b58:	8aa3      	ldrh	r3, [r4, #20]
20000b5a:	b90b      	cbnz	r3, 20000b60 <hw_endpoint_xfer_continue+0x14>
20000b5c:	4628      	mov	r0, r5
20000b5e:	bd38      	pop	{r3, r4, r5, pc}
20000b60:	4620      	mov	r0, r4
20000b62:	f7ff ff85 	bl	20000a70 <e15_is_critical_frame_period>
20000b66:	4605      	mov	r5, r0
20000b68:	b120      	cbz	r0, 20000b74 <hw_endpoint_xfer_continue+0x28>
20000b6a:	2301      	movs	r3, #1
20000b6c:	2500      	movs	r5, #0
20000b6e:	7723      	strb	r3, [r4, #28]
20000b70:	4628      	mov	r0, r5
20000b72:	bd38      	pop	{r3, r4, r5, pc}
20000b74:	4620      	mov	r0, r4
20000b76:	f7ff ffb7 	bl	20000ae8 <hw_endpoint_start_next_buffer>
20000b7a:	4628      	mov	r0, r5
20000b7c:	bd38      	pop	{r3, r4, r5, pc}
20000b7e:	7881      	ldrb	r1, [r0, #2]
20000b80:	4801      	ldr	r0, [pc, #4]	; (20000b88 <hw_endpoint_xfer_continue+0x3c>)
20000b82:	f000 fdb1 	bl	200016e8 <__panic_veneer>
20000b86:	bf00      	nop
20000b88:	10006970 	.word	0x10006970

20000b8c <dcd_event_handler>:
20000b8c:	e92d 43f0 	stmdb	sp!, {r4, r5, r6, r7, r8, r9, lr}
20000b90:	7843      	ldrb	r3, [r0, #1]
20000b92:	4604      	mov	r4, r0
20000b94:	3b02      	subs	r3, #2
20000b96:	460e      	mov	r6, r1
20000b98:	b085      	sub	sp, #20
20000b9a:	2b04      	cmp	r3, #4
20000b9c:	d815      	bhi.n	20000bca <dcd_event_handler+0x3e>
20000b9e:	e8df f013 	tbh	[pc, r3, lsl #1]
20000ba2:	0005      	.short	0x0005
20000ba4:	00a4004a 	.word	0x00a4004a
20000ba8:	004400ad 	.word	0x004400ad
20000bac:	2100      	movs	r1, #0
20000bae:	4b76      	ldr	r3, [pc, #472]	; (20000d88 <dcd_event_handler+0x1fc>)
20000bb0:	781a      	ldrb	r2, [r3, #0]
20000bb2:	f36f 0200 	bfc	r2, #0, #1
20000bb6:	701a      	strb	r2, [r3, #0]
20000bb8:	781a      	ldrb	r2, [r3, #0]
20000bba:	f36f 0241 	bfc	r2, #1, #1
20000bbe:	701a      	strb	r2, [r3, #0]
20000bc0:	7059      	strb	r1, [r3, #1]
20000bc2:	781a      	ldrb	r2, [r3, #0]
20000bc4:	f361 0282 	bfi	r2, r1, #2, #1
20000bc8:	701a      	strb	r2, [r3, #0]
20000bca:	4b70      	ldr	r3, [pc, #448]	; (20000d8c <dcd_event_handler+0x200>)
20000bcc:	681d      	ldr	r5, [r3, #0]
20000bce:	696b      	ldr	r3, [r5, #20]
20000bd0:	f3ef 8210 	mrs	r2, PRIMASK
20000bd4:	b672      	cpsid	i
20000bd6:	e8d3 0fcf 	ldaexb	r0, [r3]
20000bda:	2101      	movs	r1, #1
20000bdc:	2800      	cmp	r0, #0
20000bde:	d1fa      	bne.n	20000bd6 <dcd_event_handler+0x4a>
20000be0:	e8c3 1f40 	strexb	r0, r1, [r3]
20000be4:	2800      	cmp	r0, #0
20000be6:	d1f6      	bne.n	20000bd6 <dcd_event_handler+0x4a>
20000be8:	f3bf 8f5f 	dmb	sy
20000bec:	61aa      	str	r2, [r5, #24]
20000bee:	4621      	mov	r1, r4
20000bf0:	4628      	mov	r0, r5
20000bf2:	f000 fd69 	bl	200016c8 <__tu_fifo_write_veneer>
20000bf6:	2300      	movs	r3, #0
20000bf8:	696a      	ldr	r2, [r5, #20]
20000bfa:	e8c2 3f8f 	stlb	r3, [r2]
20000bfe:	69ab      	ldr	r3, [r5, #24]
20000c00:	f383 8810 	msr	PRIMASK, r3
20000c04:	b948      	cbnz	r0, 20000c1a <dcd_event_handler+0x8e>
20000c06:	f04f 23e0 	mov.w	r3, #3758153728	; 0xe000e000
20000c0a:	f8d3 3df0 	ldr.w	r3, [r3, #3568]	; 0xdf0
20000c0e:	07db      	lsls	r3, r3, #31
20000c10:	d508      	bpl.n	20000c24 <dcd_event_handler+0x98>
20000c12:	be00      	bkpt	0x0000
20000c14:	b005      	add	sp, #20
20000c16:	e8bd 83f0 	ldmia.w	sp!, {r4, r5, r6, r7, r8, r9, pc}
20000c1a:	4632      	mov	r2, r6
20000c1c:	7861      	ldrb	r1, [r4, #1]
20000c1e:	7820      	ldrb	r0, [r4, #0]
20000c20:	f000 fd5a 	bl	200016d8 <__tud_event_hook_cb_veneer>
20000c24:	b005      	add	sp, #20
20000c26:	e8bd 83f0 	ldmia.w	sp!, {r4, r5, r6, r7, r8, r9, pc}
20000c2a:	4a59      	ldr	r2, [pc, #356]	; (20000d90 <dcd_event_handler+0x204>)
20000c2c:	7813      	ldrb	r3, [r2, #0]
20000c2e:	3301      	adds	r3, #1
20000c30:	b2db      	uxtb	r3, r3
20000c32:	7013      	strb	r3, [r2, #0]
20000c34:	e7c9      	b.n	20000bca <dcd_event_handler+0x3e>
20000c36:	2500      	movs	r5, #0
20000c38:	4f56      	ldr	r7, [pc, #344]	; (20000d94 <dcd_event_handler+0x208>)
20000c3a:	462b      	mov	r3, r5
20000c3c:	7839      	ldrb	r1, [r7, #0]
20000c3e:	f8df 8158 	ldr.w	r8, [pc, #344]	; 20000d98 <dcd_event_handler+0x20c>
20000c42:	f8df 9158 	ldr.w	r9, [pc, #344]	; 20000d9c <dcd_event_handler+0x210>
20000c46:	e008      	b.n	20000c5a <dcd_event_handler+0xce>
20000c48:	f8d9 2000 	ldr.w	r2, [r9]
20000c4c:	eb12 1343 	adds.w	r3, r2, r3, lsl #5
20000c50:	d108      	bne.n	20000c64 <dcd_event_handler+0xd8>
20000c52:	3501      	adds	r5, #1
20000c54:	b2eb      	uxtb	r3, r5
20000c56:	428b      	cmp	r3, r1
20000c58:	d80f      	bhi.n	20000c7a <dcd_event_handler+0xee>
20000c5a:	428b      	cmp	r3, r1
20000c5c:	d3f4      	bcc.n	20000c48 <dcd_event_handler+0xbc>
20000c5e:	1a5b      	subs	r3, r3, r1
20000c60:	eb08 1343 	add.w	r3, r8, r3, lsl #5
20000c64:	69db      	ldr	r3, [r3, #28]
20000c66:	2b00      	cmp	r3, #0
20000c68:	d0f3      	beq.n	20000c52 <dcd_event_handler+0xc6>
20000c6a:	6861      	ldr	r1, [r4, #4]
20000c6c:	7820      	ldrb	r0, [r4, #0]
20000c6e:	4798      	blx	r3
20000c70:	3501      	adds	r5, #1
20000c72:	7839      	ldrb	r1, [r7, #0]
20000c74:	b2eb      	uxtb	r3, r5
20000c76:	428b      	cmp	r3, r1
20000c78:	d9ef      	bls.n	20000c5a <dcd_event_handler+0xce>
20000c7a:	4d43      	ldr	r5, [pc, #268]	; (20000d88 <dcd_event_handler+0x1fc>)
20000c7c:	782b      	ldrb	r3, [r5, #0]
20000c7e:	0758      	lsls	r0, r3, #29
20000c80:	d445      	bmi.n	20000d0e <dcd_event_handler+0x182>
20000c82:	78eb      	ldrb	r3, [r5, #3]
20000c84:	07da      	lsls	r2, r3, #31
20000c86:	d5cd      	bpl.n	20000c24 <dcd_event_handler+0x98>
20000c88:	2700      	movs	r7, #0
20000c8a:	2303      	movs	r3, #3
20000c8c:	493f      	ldr	r1, [pc, #252]	; (20000d8c <dcd_event_handler+0x200>)
20000c8e:	7822      	ldrb	r2, [r4, #0]
20000c90:	680d      	ldr	r5, [r1, #0]
20000c92:	6861      	ldr	r1, [r4, #4]
20000c94:	9703      	str	r7, [sp, #12]
20000c96:	e9cd 7101 	strd	r7, r1, [sp, #4]
20000c9a:	f88d 2004 	strb.w	r2, [sp, #4]
20000c9e:	f88d 3005 	strb.w	r3, [sp, #5]
20000ca2:	696b      	ldr	r3, [r5, #20]
20000ca4:	f3ef 8210 	mrs	r2, PRIMASK
20000ca8:	b672      	cpsid	i
20000caa:	e8d3 0fcf 	ldaexb	r0, [r3]
20000cae:	2101      	movs	r1, #1
20000cb0:	2800      	cmp	r0, #0
20000cb2:	d1fa      	bne.n	20000caa <dcd_event_handler+0x11e>
20000cb4:	e8c3 1f40 	strexb	r0, r1, [r3]
20000cb8:	2800      	cmp	r0, #0
20000cba:	d1f6      	bne.n	20000caa <dcd_event_handler+0x11e>
20000cbc:	f3bf 8f5f 	dmb	sy
20000cc0:	4628      	mov	r0, r5
20000cc2:	a901      	add	r1, sp, #4
20000cc4:	61aa      	str	r2, [r5, #24]
20000cc6:	f000 fcff 	bl	200016c8 <__tu_fifo_write_veneer>
20000cca:	696b      	ldr	r3, [r5, #20]
20000ccc:	e8c3 7f8f 	stlb	r7, [r3]
20000cd0:	69ab      	ldr	r3, [r5, #24]
20000cd2:	f383 8810 	msr	PRIMASK, r3
20000cd6:	2800      	cmp	r0, #0
20000cd8:	d095      	beq.n	20000c06 <dcd_event_handler+0x7a>
20000cda:	4632      	mov	r2, r6
20000cdc:	f89d 1005 	ldrb.w	r1, [sp, #5]
20000ce0:	f89d 0004 	ldrb.w	r0, [sp, #4]
20000ce4:	f000 fcf8 	bl	200016d8 <__tud_event_hook_cb_veneer>
20000ce8:	e79c      	b.n	20000c24 <dcd_event_handler+0x98>
20000cea:	4b27      	ldr	r3, [pc, #156]	; (20000d88 <dcd_event_handler+0x1fc>)
20000cec:	781a      	ldrb	r2, [r3, #0]
20000cee:	07d7      	lsls	r7, r2, #31
20000cf0:	d598      	bpl.n	20000c24 <dcd_event_handler+0x98>
20000cf2:	781a      	ldrb	r2, [r3, #0]
20000cf4:	f042 0204 	orr.w	r2, r2, #4
20000cf8:	701a      	strb	r2, [r3, #0]
20000cfa:	e766      	b.n	20000bca <dcd_event_handler+0x3e>
20000cfc:	4b22      	ldr	r3, [pc, #136]	; (20000d88 <dcd_event_handler+0x1fc>)
20000cfe:	781a      	ldrb	r2, [r3, #0]
20000d00:	07d5      	lsls	r5, r2, #31
20000d02:	d58f      	bpl.n	20000c24 <dcd_event_handler+0x98>
20000d04:	781a      	ldrb	r2, [r3, #0]
20000d06:	f36f 0282 	bfc	r2, #2, #1
20000d0a:	701a      	strb	r2, [r3, #0]
20000d0c:	e75d      	b.n	20000bca <dcd_event_handler+0x3e>
20000d0e:	f04f 0800 	mov.w	r8, #0
20000d12:	2205      	movs	r2, #5
20000d14:	782b      	ldrb	r3, [r5, #0]
20000d16:	491d      	ldr	r1, [pc, #116]	; (20000d8c <dcd_event_handler+0x200>)
20000d18:	f36f 0382 	bfc	r3, #2, #1
20000d1c:	702b      	strb	r3, [r5, #0]
20000d1e:	7823      	ldrb	r3, [r4, #0]
20000d20:	680f      	ldr	r7, [r1, #0]
20000d22:	f8cd 8004 	str.w	r8, [sp, #4]
20000d26:	f88d 2005 	strb.w	r2, [sp, #5]
20000d2a:	f88d 3004 	strb.w	r3, [sp, #4]
20000d2e:	e9cd 8802 	strd	r8, r8, [sp, #8]
20000d32:	697b      	ldr	r3, [r7, #20]
20000d34:	f3ef 8210 	mrs	r2, PRIMASK
20000d38:	b672      	cpsid	i
20000d3a:	e8d3 0fcf 	ldaexb	r0, [r3]
20000d3e:	2101      	movs	r1, #1
20000d40:	2800      	cmp	r0, #0
20000d42:	d1fa      	bne.n	20000d3a <dcd_event_handler+0x1ae>
20000d44:	e8c3 1f40 	strexb	r0, r1, [r3]
20000d48:	2800      	cmp	r0, #0
20000d4a:	d1f6      	bne.n	20000d3a <dcd_event_handler+0x1ae>
20000d4c:	f3bf 8f5f 	dmb	sy
20000d50:	4638      	mov	r0, r7
20000d52:	61ba      	str	r2, [r7, #24]
20000d54:	a901      	add	r1, sp, #4
20000d56:	f000 fcb7 	bl	200016c8 <__tu_fifo_write_veneer>
20000d5a:	697b      	ldr	r3, [r7, #20]
20000d5c:	e8c3 8f8f 	stlb	r8, [r3]
20000d60:	69bb      	ldr	r3, [r7, #24]
20000d62:	f383 8810 	msr	PRIMASK, r3
20000d66:	b938      	cbnz	r0, 20000d78 <dcd_event_handler+0x1ec>
20000d68:	f04f 23e0 	mov.w	r3, #3758153728	; 0xe000e000
20000d6c:	f8d3 3df0 	ldr.w	r3, [r3, #3568]	; 0xdf0
20000d70:	07d9      	lsls	r1, r3, #31
20000d72:	d586      	bpl.n	20000c82 <dcd_event_handler+0xf6>
20000d74:	be00      	bkpt	0x0000
20000d76:	e784      	b.n	20000c82 <dcd_event_handler+0xf6>
20000d78:	4632      	mov	r2, r6
20000d7a:	f89d 1005 	ldrb.w	r1, [sp, #5]
20000d7e:	f89d 0004 	ldrb.w	r0, [sp, #4]
20000d82:	f000 fca9 	bl	200016d8 <__tud_event_hook_cb_veneer>
20000d86:	e77c      	b.n	20000c82 <dcd_event_handler+0xf6>
20000d88:	20001b30 	.word	0x20001b30
20000d8c:	20001b88 	.word	0x20001b88
20000d90:	20002123 	.word	0x20002123
20000d94:	20002121 	.word	0x20002121
20000d98:	10006998 	.word	0x10006998
20000d9c:	20001960 	.word	0x20001960

20000da0 <spi_write_blocking>:
20000da0:	4684      	mov	ip, r0
20000da2:	4610      	mov	r0, r2
20000da4:	b36a      	cbz	r2, 20000e02 <spi_write_blocking+0x62>
20000da6:	3901      	subs	r1, #1
20000da8:	b500      	push	{lr}
20000daa:	eb01 0e02 	add.w	lr, r1, r2
20000dae:	f8dc 300c 	ldr.w	r3, [ip, #12]
20000db2:	079b      	lsls	r3, r3, #30
20000db4:	d5fb      	bpl.n	20000dae <spi_write_blocking+0xe>
20000db6:	f811 3f01 	ldrb.w	r3, [r1, #1]!
20000dba:	458e      	cmp	lr, r1
20000dbc:	f8cc 3008 	str.w	r3, [ip, #8]
20000dc0:	d1f5      	bne.n	20000dae <spi_write_blocking+0xe>
20000dc2:	f8dc 300c 	ldr.w	r3, [ip, #12]
20000dc6:	0759      	lsls	r1, r3, #29
20000dc8:	d505      	bpl.n	20000dd6 <spi_write_blocking+0x36>
20000dca:	f8dc 3008 	ldr.w	r3, [ip, #8]
20000dce:	f8dc 300c 	ldr.w	r3, [ip, #12]
20000dd2:	0759      	lsls	r1, r3, #29
20000dd4:	d4f9      	bmi.n	20000dca <spi_write_blocking+0x2a>
20000dd6:	f8dc 300c 	ldr.w	r3, [ip, #12]
20000dda:	06da      	lsls	r2, r3, #27
20000ddc:	d506      	bpl.n	20000dec <spi_write_blocking+0x4c>
20000dde:	f8dc 300c 	ldr.w	r3, [ip, #12]
20000de2:	06da      	lsls	r2, r3, #27
20000de4:	d4f7      	bmi.n	20000dd6 <spi_write_blocking+0x36>
20000de6:	e001      	b.n	20000dec <spi_write_blocking+0x4c>
20000de8:	f8dc 3008 	ldr.w	r3, [ip, #8]
20000dec:	f8dc 300c 	ldr.w	r3, [ip, #12]
20000df0:	075b      	lsls	r3, r3, #29
20000df2:	d4f9      	bmi.n	20000de8 <spi_write_blocking+0x48>
20000df4:	2301      	movs	r3, #1
20000df6:	f8cc 3020 	str.w	r3, [ip, #32]
20000dfa:	f85d fb04 	ldr.w	pc, [sp], #4
20000dfe:	f8dc 3008 	ldr.w	r3, [ip, #8]
20000e02:	f8dc 300c 	ldr.w	r3, [ip, #12]
20000e06:	0759      	lsls	r1, r3, #29
20000e08:	d4f9      	bmi.n	20000dfe <spi_write_blocking+0x5e>
20000e0a:	f8dc 300c 	ldr.w	r3, [ip, #12]
20000e0e:	06da      	lsls	r2, r3, #27
20000e10:	d506      	bpl.n	20000e20 <spi_write_blocking+0x80>
20000e12:	f8dc 300c 	ldr.w	r3, [ip, #12]
20000e16:	06da      	lsls	r2, r3, #27
20000e18:	d4f7      	bmi.n	20000e0a <spi_write_blocking+0x6a>
20000e1a:	e001      	b.n	20000e20 <spi_write_blocking+0x80>
20000e1c:	f8dc 3008 	ldr.w	r3, [ip, #8]
20000e20:	f8dc 300c 	ldr.w	r3, [ip, #12]
20000e24:	075b      	lsls	r3, r3, #29
20000e26:	d4f9      	bmi.n	20000e1c <spi_write_blocking+0x7c>
20000e28:	2301      	movs	r3, #1
20000e2a:	f8cc 3020 	str.w	r3, [ip, #32]
20000e2e:	4770      	bx	lr

20000e30 <spi_read_blocking>:
20000e30:	b470      	push	{r4, r5, r6}
20000e32:	461c      	mov	r4, r3
20000e34:	461d      	mov	r5, r3
20000e36:	b14d      	cbz	r5, 20000e4c <spi_read_blocking+0x1c>
20000e38:	b9d4      	cbnz	r4, 20000e70 <spi_read_blocking+0x40>
20000e3a:	68c6      	ldr	r6, [r0, #12]
20000e3c:	0776      	lsls	r6, r6, #29
20000e3e:	d5fa      	bpl.n	20000e36 <spi_read_blocking+0x6>
20000e40:	6886      	ldr	r6, [r0, #8]
20000e42:	3d01      	subs	r5, #1
20000e44:	f802 6b01 	strb.w	r6, [r2], #1
20000e48:	2d00      	cmp	r5, #0
20000e4a:	d1f5      	bne.n	20000e38 <spi_read_blocking+0x8>
20000e4c:	b16c      	cbz	r4, 20000e6a <spi_read_blocking+0x3a>
20000e4e:	68c5      	ldr	r5, [r0, #12]
20000e50:	07ad      	lsls	r5, r5, #30
20000e52:	d5fb      	bpl.n	20000e4c <spi_read_blocking+0x1c>
20000e54:	f114 0f08 	cmn.w	r4, #8
20000e58:	f04f 0500 	mov.w	r5, #0
20000e5c:	d0f7      	beq.n	20000e4e <spi_read_blocking+0x1e>
20000e5e:	6081      	str	r1, [r0, #8]
20000e60:	3c01      	subs	r4, #1
20000e62:	2d00      	cmp	r5, #0
20000e64:	d1e9      	bne.n	20000e3a <spi_read_blocking+0xa>
20000e66:	2c00      	cmp	r4, #0
20000e68:	d1f1      	bne.n	20000e4e <spi_read_blocking+0x1e>
20000e6a:	bc70      	pop	{r4, r5, r6}
20000e6c:	4618      	mov	r0, r3
20000e6e:	4770      	bx	lr
20000e70:	68c6      	ldr	r6, [r0, #12]
20000e72:	07b6      	lsls	r6, r6, #30
20000e74:	d5e1      	bpl.n	20000e3a <spi_read_blocking+0xa>
20000e76:	f104 0608 	add.w	r6, r4, #8
20000e7a:	42b5      	cmp	r5, r6
20000e7c:	d3ef      	bcc.n	20000e5e <spi_read_blocking+0x2e>
20000e7e:	e7dc      	b.n	20000e3a <spi_read_blocking+0xa>

20000e80 <__aeabi_drsub>:
20000e80:	f081 4100 	eor.w	r1, r1, #2147483648	; 0x80000000
20000e84:	e002      	b.n	20000e8c <__adddf3>
20000e86:	bf00      	nop

20000e88 <__aeabi_dsub>:
20000e88:	f083 4300 	eor.w	r3, r3, #2147483648	; 0x80000000

20000e8c <__adddf3>:
20000e8c:	b530      	push	{r4, r5, lr}
20000e8e:	ea4f 0441 	mov.w	r4, r1, lsl #1
20000e92:	ea4f 0543 	mov.w	r5, r3, lsl #1
20000e96:	ea94 0f05 	teq	r4, r5
20000e9a:	bf08      	it	eq
20000e9c:	ea90 0f02 	teqeq	r0, r2
20000ea0:	bf1f      	itttt	ne
20000ea2:	ea54 0c00 	orrsne.w	ip, r4, r0
20000ea6:	ea55 0c02 	orrsne.w	ip, r5, r2
20000eaa:	ea7f 5c64 	mvnsne.w	ip, r4, asr #21
20000eae:	ea7f 5c65 	mvnsne.w	ip, r5, asr #21
20000eb2:	f000 80e2 	beq.w	2000107a <__adddf3+0x1ee>
20000eb6:	ea4f 5454 	mov.w	r4, r4, lsr #21
20000eba:	ebd4 5555 	rsbs	r5, r4, r5, lsr #21
20000ebe:	bfb8      	it	lt
20000ec0:	426d      	neglt	r5, r5
20000ec2:	dd0c      	ble.n	20000ede <__adddf3+0x52>
20000ec4:	442c      	add	r4, r5
20000ec6:	ea80 0202 	eor.w	r2, r0, r2
20000eca:	ea81 0303 	eor.w	r3, r1, r3
20000ece:	ea82 0000 	eor.w	r0, r2, r0
20000ed2:	ea83 0101 	eor.w	r1, r3, r1
20000ed6:	ea80 0202 	eor.w	r2, r0, r2
20000eda:	ea81 0303 	eor.w	r3, r1, r3
20000ede:	2d36      	cmp	r5, #54	; 0x36
20000ee0:	bf88      	it	hi
20000ee2:	bd30      	pophi	{r4, r5, pc}
20000ee4:	f011 4f00 	tst.w	r1, #2147483648	; 0x80000000
20000ee8:	ea4f 3101 	mov.w	r1, r1, lsl #12
20000eec:	f44f 1c80 	mov.w	ip, #1048576	; 0x100000
20000ef0:	ea4c 3111 	orr.w	r1, ip, r1, lsr #12
20000ef4:	d002      	beq.n	20000efc <__adddf3+0x70>
20000ef6:	4240      	negs	r0, r0
20000ef8:	eb61 0141 	sbc.w	r1, r1, r1, lsl #1
20000efc:	f013 4f00 	tst.w	r3, #2147483648	; 0x80000000
20000f00:	ea4f 3303 	mov.w	r3, r3, lsl #12
20000f04:	ea4c 3313 	orr.w	r3, ip, r3, lsr #12
20000f08:	d002      	beq.n	20000f10 <__adddf3+0x84>
20000f0a:	4252      	negs	r2, r2
20000f0c:	eb63 0343 	sbc.w	r3, r3, r3, lsl #1
20000f10:	ea94 0f05 	teq	r4, r5
20000f14:	f000 80a7 	beq.w	20001066 <__adddf3+0x1da>
20000f18:	f1a4 0401 	sub.w	r4, r4, #1
20000f1c:	f1d5 0e20 	rsbs	lr, r5, #32
20000f20:	db0d      	blt.n	20000f3e <__adddf3+0xb2>
20000f22:	fa02 fc0e 	lsl.w	ip, r2, lr
20000f26:	fa22 f205 	lsr.w	r2, r2, r5
20000f2a:	1880      	adds	r0, r0, r2
20000f2c:	f141 0100 	adc.w	r1, r1, #0
20000f30:	fa03 f20e 	lsl.w	r2, r3, lr
20000f34:	1880      	adds	r0, r0, r2
20000f36:	fa43 f305 	asr.w	r3, r3, r5
20000f3a:	4159      	adcs	r1, r3
20000f3c:	e00e      	b.n	20000f5c <__adddf3+0xd0>
20000f3e:	f1a5 0520 	sub.w	r5, r5, #32
20000f42:	f10e 0e20 	add.w	lr, lr, #32
20000f46:	2a01      	cmp	r2, #1
20000f48:	fa03 fc0e 	lsl.w	ip, r3, lr
20000f4c:	bf28      	it	cs
20000f4e:	f04c 0c02 	orrcs.w	ip, ip, #2
20000f52:	fa43 f305 	asr.w	r3, r3, r5
20000f56:	18c0      	adds	r0, r0, r3
20000f58:	eb51 71e3 	adcs.w	r1, r1, r3, asr #31
20000f5c:	f001 4500 	and.w	r5, r1, #2147483648	; 0x80000000
20000f60:	d507      	bpl.n	20000f72 <__adddf3+0xe6>
20000f62:	f04f 0e00 	mov.w	lr, #0
20000f66:	f1dc 0c00 	rsbs	ip, ip, #0
20000f6a:	eb7e 0000 	sbcs.w	r0, lr, r0
20000f6e:	eb6e 0101 	sbc.w	r1, lr, r1
20000f72:	f5b1 1f80 	cmp.w	r1, #1048576	; 0x100000
20000f76:	d31b      	bcc.n	20000fb0 <__adddf3+0x124>
20000f78:	f5b1 1f00 	cmp.w	r1, #2097152	; 0x200000
20000f7c:	d30c      	bcc.n	20000f98 <__adddf3+0x10c>
20000f7e:	0849      	lsrs	r1, r1, #1
20000f80:	ea5f 0030 	movs.w	r0, r0, rrx
20000f84:	ea4f 0c3c 	mov.w	ip, ip, rrx
20000f88:	f104 0401 	add.w	r4, r4, #1
20000f8c:	ea4f 5244 	mov.w	r2, r4, lsl #21
20000f90:	f512 0f80 	cmn.w	r2, #4194304	; 0x400000
20000f94:	f080 809a 	bcs.w	200010cc <__adddf3+0x240>
20000f98:	f1bc 4f00 	cmp.w	ip, #2147483648	; 0x80000000
20000f9c:	bf08      	it	eq
20000f9e:	ea5f 0c50 	movseq.w	ip, r0, lsr #1
20000fa2:	f150 0000 	adcs.w	r0, r0, #0
20000fa6:	eb41 5104 	adc.w	r1, r1, r4, lsl #20
20000faa:	ea41 0105 	orr.w	r1, r1, r5
20000fae:	bd30      	pop	{r4, r5, pc}
20000fb0:	ea5f 0c4c 	movs.w	ip, ip, lsl #1
20000fb4:	4140      	adcs	r0, r0
20000fb6:	eb41 0101 	adc.w	r1, r1, r1
20000fba:	3c01      	subs	r4, #1
20000fbc:	bf28      	it	cs
20000fbe:	f5b1 1f80 	cmpcs.w	r1, #1048576	; 0x100000
20000fc2:	d2e9      	bcs.n	20000f98 <__adddf3+0x10c>
20000fc4:	f091 0f00 	teq	r1, #0
20000fc8:	bf04      	itt	eq
20000fca:	4601      	moveq	r1, r0
20000fcc:	2000      	moveq	r0, #0
20000fce:	fab1 f381 	clz	r3, r1
20000fd2:	bf08      	it	eq
20000fd4:	3320      	addeq	r3, #32
20000fd6:	f1a3 030b 	sub.w	r3, r3, #11
20000fda:	f1b3 0220 	subs.w	r2, r3, #32
20000fde:	da0c      	bge.n	20000ffa <__adddf3+0x16e>
20000fe0:	320c      	adds	r2, #12
20000fe2:	dd08      	ble.n	20000ff6 <__adddf3+0x16a>
20000fe4:	f102 0c14 	add.w	ip, r2, #20
20000fe8:	f1c2 020c 	rsb	r2, r2, #12
20000fec:	fa01 f00c 	lsl.w	r0, r1, ip
20000ff0:	fa21 f102 	lsr.w	r1, r1, r2
20000ff4:	e00c      	b.n	20001010 <__adddf3+0x184>
20000ff6:	f102 0214 	add.w	r2, r2, #20
20000ffa:	bfd8      	it	le
20000ffc:	f1c2 0c20 	rsble	ip, r2, #32
20001000:	fa01 f102 	lsl.w	r1, r1, r2
20001004:	fa20 fc0c 	lsr.w	ip, r0, ip
20001008:	bfdc      	itt	le
2000100a:	ea41 010c 	orrle.w	r1, r1, ip
2000100e:	4090      	lslle	r0, r2
20001010:	1ae4      	subs	r4, r4, r3
20001012:	bfa2      	ittt	ge
20001014:	eb01 5104 	addge.w	r1, r1, r4, lsl #20
20001018:	4329      	orrge	r1, r5
2000101a:	bd30      	popge	{r4, r5, pc}
2000101c:	ea6f 0404 	mvn.w	r4, r4
20001020:	3c1f      	subs	r4, #31
20001022:	da1c      	bge.n	2000105e <__adddf3+0x1d2>
20001024:	340c      	adds	r4, #12
20001026:	dc0e      	bgt.n	20001046 <__adddf3+0x1ba>
20001028:	f104 0414 	add.w	r4, r4, #20
2000102c:	f1c4 0220 	rsb	r2, r4, #32
20001030:	fa20 f004 	lsr.w	r0, r0, r4
20001034:	fa01 f302 	lsl.w	r3, r1, r2
20001038:	ea40 0003 	orr.w	r0, r0, r3
2000103c:	fa21 f304 	lsr.w	r3, r1, r4
20001040:	ea45 0103 	orr.w	r1, r5, r3
20001044:	bd30      	pop	{r4, r5, pc}
20001046:	f1c4 040c 	rsb	r4, r4, #12
2000104a:	f1c4 0220 	rsb	r2, r4, #32
2000104e:	fa20 f002 	lsr.w	r0, r0, r2
20001052:	fa01 f304 	lsl.w	r3, r1, r4
20001056:	ea40 0003 	orr.w	r0, r0, r3
2000105a:	4629      	mov	r1, r5
2000105c:	bd30      	pop	{r4, r5, pc}
2000105e:	fa21 f004 	lsr.w	r0, r1, r4
20001062:	4629      	mov	r1, r5
20001064:	bd30      	pop	{r4, r5, pc}
20001066:	f094 0f00 	teq	r4, #0
2000106a:	f483 1380 	eor.w	r3, r3, #1048576	; 0x100000
2000106e:	bf06      	itte	eq
20001070:	f481 1180 	eoreq.w	r1, r1, #1048576	; 0x100000
20001074:	3401      	addeq	r4, #1
20001076:	3d01      	subne	r5, #1
20001078:	e74e      	b.n	20000f18 <__adddf3+0x8c>
2000107a:	ea7f 5c64 	mvns.w	ip, r4, asr #21
2000107e:	bf18      	it	ne
20001080:	ea7f 5c65 	mvnsne.w	ip, r5, asr #21
20001084:	d029      	beq.n	200010da <__adddf3+0x24e>
20001086:	ea94 0f05 	teq	r4, r5
2000108a:	bf08      	it	eq
2000108c:	ea90 0f02 	teqeq	r0, r2
20001090:	d005      	beq.n	2000109e <__adddf3+0x212>
20001092:	ea54 0c00 	orrs.w	ip, r4, r0
20001096:	bf04      	itt	eq
20001098:	4619      	moveq	r1, r3
2000109a:	4610      	moveq	r0, r2
2000109c:	bd30      	pop	{r4, r5, pc}
2000109e:	ea91 0f03 	teq	r1, r3
200010a2:	bf1e      	ittt	ne
200010a4:	2100      	movne	r1, #0
200010a6:	2000      	movne	r0, #0
200010a8:	bd30      	popne	{r4, r5, pc}
200010aa:	ea5f 5c54 	movs.w	ip, r4, lsr #21
200010ae:	d105      	bne.n	200010bc <__adddf3+0x230>
200010b0:	0040      	lsls	r0, r0, #1
200010b2:	4149      	adcs	r1, r1
200010b4:	bf28      	it	cs
200010b6:	f041 4100 	orrcs.w	r1, r1, #2147483648	; 0x80000000
200010ba:	bd30      	pop	{r4, r5, pc}
200010bc:	f514 0480 	adds.w	r4, r4, #4194304	; 0x400000
200010c0:	bf3c      	itt	cc
200010c2:	f501 1180 	addcc.w	r1, r1, #1048576	; 0x100000
200010c6:	bd30      	popcc	{r4, r5, pc}
200010c8:	f001 4500 	and.w	r5, r1, #2147483648	; 0x80000000
200010cc:	f045 41fe 	orr.w	r1, r5, #2130706432	; 0x7f000000
200010d0:	f441 0170 	orr.w	r1, r1, #15728640	; 0xf00000
200010d4:	f04f 0000 	mov.w	r0, #0
200010d8:	bd30      	pop	{r4, r5, pc}
200010da:	ea7f 5c64 	mvns.w	ip, r4, asr #21
200010de:	bf1a      	itte	ne
200010e0:	4619      	movne	r1, r3
200010e2:	4610      	movne	r0, r2
200010e4:	ea7f 5c65 	mvnseq.w	ip, r5, asr #21
200010e8:	bf1c      	itt	ne
200010ea:	460b      	movne	r3, r1
200010ec:	4602      	movne	r2, r0
200010ee:	ea50 3401 	orrs.w	r4, r0, r1, lsl #12
200010f2:	bf06      	itte	eq
200010f4:	ea52 3503 	orrseq.w	r5, r2, r3, lsl #12
200010f8:	ea91 0f03 	teqeq	r1, r3
200010fc:	f441 2100 	orrne.w	r1, r1, #524288	; 0x80000
20001100:	bd30      	pop	{r4, r5, pc}
20001102:	bf00      	nop

20001104 <__aeabi_ui2d>:
20001104:	f090 0f00 	teq	r0, #0
20001108:	bf04      	itt	eq
2000110a:	2100      	moveq	r1, #0
2000110c:	4770      	bxeq	lr
2000110e:	b530      	push	{r4, r5, lr}
20001110:	f44f 6480 	mov.w	r4, #1024	; 0x400
20001114:	f104 0432 	add.w	r4, r4, #50	; 0x32
20001118:	f04f 0500 	mov.w	r5, #0
2000111c:	f04f 0100 	mov.w	r1, #0
20001120:	e750      	b.n	20000fc4 <__adddf3+0x138>
20001122:	bf00      	nop

20001124 <__aeabi_i2d>:
20001124:	f090 0f00 	teq	r0, #0
20001128:	bf04      	itt	eq
2000112a:	2100      	moveq	r1, #0
2000112c:	4770      	bxeq	lr
2000112e:	b530      	push	{r4, r5, lr}
20001130:	f44f 6480 	mov.w	r4, #1024	; 0x400
20001134:	f104 0432 	add.w	r4, r4, #50	; 0x32
20001138:	f010 4500 	ands.w	r5, r0, #2147483648	; 0x80000000
2000113c:	bf48      	it	mi
2000113e:	4240      	negmi	r0, r0
20001140:	f04f 0100 	mov.w	r1, #0
20001144:	e73e      	b.n	20000fc4 <__adddf3+0x138>
20001146:	bf00      	nop

20001148 <__aeabi_f2d>:
20001148:	0042      	lsls	r2, r0, #1
2000114a:	ea4f 01e2 	mov.w	r1, r2, asr #3
2000114e:	ea4f 0131 	mov.w	r1, r1, rrx
20001152:	ea4f 7002 	mov.w	r0, r2, lsl #28
20001156:	bf1f      	itttt	ne
20001158:	f012 437f 	andsne.w	r3, r2, #4278190080	; 0xff000000
2000115c:	f093 4f7f 	teqne	r3, #4278190080	; 0xff000000
20001160:	f081 5160 	eorne.w	r1, r1, #939524096	; 0x38000000
20001164:	4770      	bxne	lr
20001166:	f032 427f 	bics.w	r2, r2, #4278190080	; 0xff000000
2000116a:	bf08      	it	eq
2000116c:	4770      	bxeq	lr
2000116e:	f093 4f7f 	teq	r3, #4278190080	; 0xff000000
20001172:	bf04      	itt	eq
20001174:	f441 2100 	orreq.w	r1, r1, #524288	; 0x80000
20001178:	4770      	bxeq	lr
2000117a:	b530      	push	{r4, r5, lr}
2000117c:	f44f 7460 	mov.w	r4, #896	; 0x380
20001180:	f001 4500 	and.w	r5, r1, #2147483648	; 0x80000000
20001184:	f021 4100 	bic.w	r1, r1, #2147483648	; 0x80000000
20001188:	e71c      	b.n	20000fc4 <__adddf3+0x138>
2000118a:	bf00      	nop

2000118c <__aeabi_ul2d>:
2000118c:	ea50 0201 	orrs.w	r2, r0, r1
20001190:	bf08      	it	eq
20001192:	4770      	bxeq	lr
20001194:	b530      	push	{r4, r5, lr}
20001196:	f04f 0500 	mov.w	r5, #0
2000119a:	e00a      	b.n	200011b2 <__aeabi_l2d+0x16>

2000119c <__aeabi_l2d>:
2000119c:	ea50 0201 	orrs.w	r2, r0, r1
200011a0:	bf08      	it	eq
200011a2:	4770      	bxeq	lr
200011a4:	b530      	push	{r4, r5, lr}
200011a6:	f011 4500 	ands.w	r5, r1, #2147483648	; 0x80000000
200011aa:	d502      	bpl.n	200011b2 <__aeabi_l2d+0x16>
200011ac:	4240      	negs	r0, r0
200011ae:	eb61 0141 	sbc.w	r1, r1, r1, lsl #1
200011b2:	f44f 6480 	mov.w	r4, #1024	; 0x400
200011b6:	f104 0432 	add.w	r4, r4, #50	; 0x32
200011ba:	ea5f 5c91 	movs.w	ip, r1, lsr #22
200011be:	f43f aed8 	beq.w	20000f72 <__adddf3+0xe6>
200011c2:	f04f 0203 	mov.w	r2, #3
200011c6:	ea5f 0cdc 	movs.w	ip, ip, lsr #3
200011ca:	bf18      	it	ne
200011cc:	3203      	addne	r2, #3
200011ce:	ea5f 0cdc 	movs.w	ip, ip, lsr #3
200011d2:	bf18      	it	ne
200011d4:	3203      	addne	r2, #3
200011d6:	eb02 02dc 	add.w	r2, r2, ip, lsr #3
200011da:	f1c2 0320 	rsb	r3, r2, #32
200011de:	fa00 fc03 	lsl.w	ip, r0, r3
200011e2:	fa20 f002 	lsr.w	r0, r0, r2
200011e6:	fa01 fe03 	lsl.w	lr, r1, r3
200011ea:	ea40 000e 	orr.w	r0, r0, lr
200011ee:	fa21 f102 	lsr.w	r1, r1, r2
200011f2:	4414      	add	r4, r2
200011f4:	e6bd      	b.n	20000f72 <__adddf3+0xe6>
200011f6:	bf00      	nop

200011f8 <__aeabi_uldivmod>:
200011f8:	b953      	cbnz	r3, 20001210 <__aeabi_uldivmod+0x18>
200011fa:	b94a      	cbnz	r2, 20001210 <__aeabi_uldivmod+0x18>
200011fc:	2900      	cmp	r1, #0
200011fe:	bf08      	it	eq
20001200:	2800      	cmpeq	r0, #0
20001202:	bf1c      	itt	ne
20001204:	f04f 31ff 	movne.w	r1, #4294967295
20001208:	f04f 30ff 	movne.w	r0, #4294967295
2000120c:	f000 b982 	b.w	20001514 <__aeabi_idiv0>
20001210:	f1ad 0c08 	sub.w	ip, sp, #8
20001214:	e96d ce04 	strd	ip, lr, [sp, #-16]!
20001218:	f000 f806 	bl	20001228 <__udivmoddi4>
2000121c:	f8dd e004 	ldr.w	lr, [sp, #4]
20001220:	e9dd 2302 	ldrd	r2, r3, [sp, #8]
20001224:	b004      	add	sp, #16
20001226:	4770      	bx	lr

20001228 <__udivmoddi4>:
20001228:	e92d 4ff0 	stmdb	sp!, {r4, r5, r6, r7, r8, r9, sl, fp, lr}
2000122c:	9d09      	ldr	r5, [sp, #36]	; 0x24
2000122e:	4604      	mov	r4, r0
20001230:	460f      	mov	r7, r1
20001232:	2b00      	cmp	r3, #0
20001234:	d148      	bne.n	200012c8 <__udivmoddi4+0xa0>
20001236:	428a      	cmp	r2, r1
20001238:	4694      	mov	ip, r2
2000123a:	d961      	bls.n	20001300 <__udivmoddi4+0xd8>
2000123c:	fab2 f382 	clz	r3, r2
20001240:	b143      	cbz	r3, 20001254 <__udivmoddi4+0x2c>
20001242:	f1c3 0120 	rsb	r1, r3, #32
20001246:	409f      	lsls	r7, r3
20001248:	fa02 fc03 	lsl.w	ip, r2, r3
2000124c:	409c      	lsls	r4, r3
2000124e:	fa20 f101 	lsr.w	r1, r0, r1
20001252:	430f      	orrs	r7, r1
20001254:	ea4f 411c 	mov.w	r1, ip, lsr #16
20001258:	fa1f fe8c 	uxth.w	lr, ip
2000125c:	0c22      	lsrs	r2, r4, #16
2000125e:	fbb7 f6f1 	udiv	r6, r7, r1
20001262:	fb01 7716 	mls	r7, r1, r6, r7
20001266:	fb06 f00e 	mul.w	r0, r6, lr
2000126a:	ea42 4207 	orr.w	r2, r2, r7, lsl #16
2000126e:	4290      	cmp	r0, r2
20001270:	d908      	bls.n	20001284 <__udivmoddi4+0x5c>
20001272:	eb1c 0202 	adds.w	r2, ip, r2
20001276:	f106 37ff 	add.w	r7, r6, #4294967295
2000127a:	d202      	bcs.n	20001282 <__udivmoddi4+0x5a>
2000127c:	4290      	cmp	r0, r2
2000127e:	f200 8137 	bhi.w	200014f0 <__udivmoddi4+0x2c8>
20001282:	463e      	mov	r6, r7
20001284:	1a12      	subs	r2, r2, r0
20001286:	b2a4      	uxth	r4, r4
20001288:	fbb2 f0f1 	udiv	r0, r2, r1
2000128c:	fb01 2210 	mls	r2, r1, r0, r2
20001290:	fb00 fe0e 	mul.w	lr, r0, lr
20001294:	ea44 4402 	orr.w	r4, r4, r2, lsl #16
20001298:	45a6      	cmp	lr, r4
2000129a:	d908      	bls.n	200012ae <__udivmoddi4+0x86>
2000129c:	eb1c 0404 	adds.w	r4, ip, r4
200012a0:	f100 32ff 	add.w	r2, r0, #4294967295
200012a4:	d202      	bcs.n	200012ac <__udivmoddi4+0x84>
200012a6:	45a6      	cmp	lr, r4
200012a8:	f200 811c 	bhi.w	200014e4 <__udivmoddi4+0x2bc>
200012ac:	4610      	mov	r0, r2
200012ae:	ea40 4006 	orr.w	r0, r0, r6, lsl #16
200012b2:	eba4 040e 	sub.w	r4, r4, lr
200012b6:	2600      	movs	r6, #0
200012b8:	b11d      	cbz	r5, 200012c2 <__udivmoddi4+0x9a>
200012ba:	40dc      	lsrs	r4, r3
200012bc:	2300      	movs	r3, #0
200012be:	e9c5 4300 	strd	r4, r3, [r5]
200012c2:	4631      	mov	r1, r6
200012c4:	e8bd 8ff0 	ldmia.w	sp!, {r4, r5, r6, r7, r8, r9, sl, fp, pc}
200012c8:	428b      	cmp	r3, r1
200012ca:	d909      	bls.n	200012e0 <__udivmoddi4+0xb8>
200012cc:	2d00      	cmp	r5, #0
200012ce:	f000 80fd 	beq.w	200014cc <__udivmoddi4+0x2a4>
200012d2:	2600      	movs	r6, #0
200012d4:	e9c5 0100 	strd	r0, r1, [r5]
200012d8:	4630      	mov	r0, r6
200012da:	4631      	mov	r1, r6
200012dc:	e8bd 8ff0 	ldmia.w	sp!, {r4, r5, r6, r7, r8, r9, sl, fp, pc}
200012e0:	fab3 f683 	clz	r6, r3
200012e4:	2e00      	cmp	r6, #0
200012e6:	d14b      	bne.n	20001380 <__udivmoddi4+0x158>
200012e8:	428b      	cmp	r3, r1
200012ea:	f0c0 80f2 	bcc.w	200014d2 <__udivmoddi4+0x2aa>
200012ee:	4282      	cmp	r2, r0
200012f0:	f240 80ef 	bls.w	200014d2 <__udivmoddi4+0x2aa>
200012f4:	4630      	mov	r0, r6
200012f6:	2d00      	cmp	r5, #0
200012f8:	d0e3      	beq.n	200012c2 <__udivmoddi4+0x9a>
200012fa:	e9c5 4700 	strd	r4, r7, [r5]
200012fe:	e7e0      	b.n	200012c2 <__udivmoddi4+0x9a>
20001300:	b902      	cbnz	r2, 20001304 <__udivmoddi4+0xdc>
20001302:	deff      	udf	#255	; 0xff
20001304:	fab2 f382 	clz	r3, r2
20001308:	2b00      	cmp	r3, #0
2000130a:	f040 809d 	bne.w	20001448 <__udivmoddi4+0x220>
2000130e:	1a89      	subs	r1, r1, r2
20001310:	ea4f 4e12 	mov.w	lr, r2, lsr #16
20001314:	b297      	uxth	r7, r2
20001316:	2601      	movs	r6, #1
20001318:	0c20      	lsrs	r0, r4, #16
2000131a:	fbb1 f2fe 	udiv	r2, r1, lr
2000131e:	fb0e 1112 	mls	r1, lr, r2, r1
20001322:	ea40 4101 	orr.w	r1, r0, r1, lsl #16
20001326:	fb07 f002 	mul.w	r0, r7, r2
2000132a:	4288      	cmp	r0, r1
2000132c:	d90f      	bls.n	2000134e <__udivmoddi4+0x126>
2000132e:	eb1c 0101 	adds.w	r1, ip, r1
20001332:	f102 38ff 	add.w	r8, r2, #4294967295
20001336:	bf2c      	ite	cs
20001338:	f04f 0901 	movcs.w	r9, #1
2000133c:	f04f 0900 	movcc.w	r9, #0
20001340:	4288      	cmp	r0, r1
20001342:	d903      	bls.n	2000134c <__udivmoddi4+0x124>
20001344:	f1b9 0f00 	cmp.w	r9, #0
20001348:	f000 80cf 	beq.w	200014ea <__udivmoddi4+0x2c2>
2000134c:	4642      	mov	r2, r8
2000134e:	1a09      	subs	r1, r1, r0
20001350:	b2a4      	uxth	r4, r4
20001352:	fbb1 f0fe 	udiv	r0, r1, lr
20001356:	fb0e 1110 	mls	r1, lr, r0, r1
2000135a:	fb00 f707 	mul.w	r7, r0, r7
2000135e:	ea44 4401 	orr.w	r4, r4, r1, lsl #16
20001362:	42a7      	cmp	r7, r4
20001364:	d908      	bls.n	20001378 <__udivmoddi4+0x150>
20001366:	eb1c 0404 	adds.w	r4, ip, r4
2000136a:	f100 31ff 	add.w	r1, r0, #4294967295
2000136e:	d202      	bcs.n	20001376 <__udivmoddi4+0x14e>
20001370:	42a7      	cmp	r7, r4
20001372:	f200 80b4 	bhi.w	200014de <__udivmoddi4+0x2b6>
20001376:	4608      	mov	r0, r1
20001378:	1be4      	subs	r4, r4, r7
2000137a:	ea40 4002 	orr.w	r0, r0, r2, lsl #16
2000137e:	e79b      	b.n	200012b8 <__udivmoddi4+0x90>
20001380:	f1c6 0720 	rsb	r7, r6, #32
20001384:	40b3      	lsls	r3, r6
20001386:	fa01 f406 	lsl.w	r4, r1, r6
2000138a:	fa22 fc07 	lsr.w	ip, r2, r7
2000138e:	40f9      	lsrs	r1, r7
20001390:	40b2      	lsls	r2, r6
20001392:	ea4c 0c03 	orr.w	ip, ip, r3
20001396:	fa20 f307 	lsr.w	r3, r0, r7
2000139a:	ea4f 491c 	mov.w	r9, ip, lsr #16
2000139e:	431c      	orrs	r4, r3
200013a0:	fa1f fe8c 	uxth.w	lr, ip
200013a4:	fa00 f306 	lsl.w	r3, r0, r6
200013a8:	0c20      	lsrs	r0, r4, #16
200013aa:	fbb1 f8f9 	udiv	r8, r1, r9
200013ae:	fb09 1118 	mls	r1, r9, r8, r1
200013b2:	ea40 4101 	orr.w	r1, r0, r1, lsl #16
200013b6:	fb08 f00e 	mul.w	r0, r8, lr
200013ba:	4288      	cmp	r0, r1
200013bc:	d90f      	bls.n	200013de <__udivmoddi4+0x1b6>
200013be:	eb1c 0101 	adds.w	r1, ip, r1
200013c2:	f108 3aff 	add.w	sl, r8, #4294967295
200013c6:	bf2c      	ite	cs
200013c8:	f04f 0b01 	movcs.w	fp, #1
200013cc:	f04f 0b00 	movcc.w	fp, #0
200013d0:	4288      	cmp	r0, r1
200013d2:	d903      	bls.n	200013dc <__udivmoddi4+0x1b4>
200013d4:	f1bb 0f00 	cmp.w	fp, #0
200013d8:	f000 808d 	beq.w	200014f6 <__udivmoddi4+0x2ce>
200013dc:	46d0      	mov	r8, sl
200013de:	1a09      	subs	r1, r1, r0
200013e0:	b2a4      	uxth	r4, r4
200013e2:	fbb1 f0f9 	udiv	r0, r1, r9
200013e6:	fb09 1110 	mls	r1, r9, r0, r1
200013ea:	fb00 fe0e 	mul.w	lr, r0, lr
200013ee:	ea44 4101 	orr.w	r1, r4, r1, lsl #16
200013f2:	458e      	cmp	lr, r1
200013f4:	d907      	bls.n	20001406 <__udivmoddi4+0x1de>
200013f6:	eb1c 0101 	adds.w	r1, ip, r1
200013fa:	f100 34ff 	add.w	r4, r0, #4294967295
200013fe:	d201      	bcs.n	20001404 <__udivmoddi4+0x1dc>
20001400:	458e      	cmp	lr, r1
20001402:	d87f      	bhi.n	20001504 <__udivmoddi4+0x2dc>
20001404:	4620      	mov	r0, r4
20001406:	ea40 4008 	orr.w	r0, r0, r8, lsl #16
2000140a:	eba1 010e 	sub.w	r1, r1, lr
2000140e:	fba0 9802 	umull	r9, r8, r0, r2
20001412:	4541      	cmp	r1, r8
20001414:	464c      	mov	r4, r9
20001416:	46c6      	mov	lr, r8
20001418:	d302      	bcc.n	20001420 <__udivmoddi4+0x1f8>
2000141a:	d106      	bne.n	2000142a <__udivmoddi4+0x202>
2000141c:	454b      	cmp	r3, r9
2000141e:	d204      	bcs.n	2000142a <__udivmoddi4+0x202>
20001420:	3801      	subs	r0, #1
20001422:	ebb9 0402 	subs.w	r4, r9, r2
20001426:	eb68 0e0c 	sbc.w	lr, r8, ip
2000142a:	2d00      	cmp	r5, #0
2000142c:	d070      	beq.n	20001510 <__udivmoddi4+0x2e8>
2000142e:	1b1a      	subs	r2, r3, r4
20001430:	eb61 010e 	sbc.w	r1, r1, lr
20001434:	fa22 f306 	lsr.w	r3, r2, r6
20001438:	fa01 f707 	lsl.w	r7, r1, r7
2000143c:	40f1      	lsrs	r1, r6
2000143e:	2600      	movs	r6, #0
20001440:	431f      	orrs	r7, r3
20001442:	e9c5 7100 	strd	r7, r1, [r5]
20001446:	e73c      	b.n	200012c2 <__udivmoddi4+0x9a>
20001448:	fa02 fc03 	lsl.w	ip, r2, r3
2000144c:	f1c3 0020 	rsb	r0, r3, #32
20001450:	fa01 f203 	lsl.w	r2, r1, r3
20001454:	fa21 f600 	lsr.w	r6, r1, r0
20001458:	ea4f 4e1c 	mov.w	lr, ip, lsr #16
2000145c:	fa24 f100 	lsr.w	r1, r4, r0
20001460:	fa1f f78c 	uxth.w	r7, ip
20001464:	409c      	lsls	r4, r3
20001466:	4311      	orrs	r1, r2
20001468:	fbb6 f0fe 	udiv	r0, r6, lr
2000146c:	0c0a      	lsrs	r2, r1, #16
2000146e:	fb0e 6610 	mls	r6, lr, r0, r6
20001472:	ea42 4206 	orr.w	r2, r2, r6, lsl #16
20001476:	fb00 f607 	mul.w	r6, r0, r7
2000147a:	4296      	cmp	r6, r2
2000147c:	d90e      	bls.n	2000149c <__udivmoddi4+0x274>
2000147e:	eb1c 0202 	adds.w	r2, ip, r2
20001482:	f100 38ff 	add.w	r8, r0, #4294967295
20001486:	bf2c      	ite	cs
20001488:	f04f 0901 	movcs.w	r9, #1
2000148c:	f04f 0900 	movcc.w	r9, #0
20001490:	4296      	cmp	r6, r2
20001492:	d902      	bls.n	2000149a <__udivmoddi4+0x272>
20001494:	f1b9 0f00 	cmp.w	r9, #0
20001498:	d031      	beq.n	200014fe <__udivmoddi4+0x2d6>
2000149a:	4640      	mov	r0, r8
2000149c:	1b92      	subs	r2, r2, r6
2000149e:	b289      	uxth	r1, r1
200014a0:	fbb2 f6fe 	udiv	r6, r2, lr
200014a4:	fb0e 2216 	mls	r2, lr, r6, r2
200014a8:	ea41 4102 	orr.w	r1, r1, r2, lsl #16
200014ac:	fb06 f207 	mul.w	r2, r6, r7
200014b0:	428a      	cmp	r2, r1
200014b2:	d907      	bls.n	200014c4 <__udivmoddi4+0x29c>
200014b4:	eb1c 0101 	adds.w	r1, ip, r1
200014b8:	f106 38ff 	add.w	r8, r6, #4294967295
200014bc:	d201      	bcs.n	200014c2 <__udivmoddi4+0x29a>
200014be:	428a      	cmp	r2, r1
200014c0:	d823      	bhi.n	2000150a <__udivmoddi4+0x2e2>
200014c2:	4646      	mov	r6, r8
200014c4:	1a89      	subs	r1, r1, r2
200014c6:	ea46 4600 	orr.w	r6, r6, r0, lsl #16
200014ca:	e725      	b.n	20001318 <__udivmoddi4+0xf0>
200014cc:	462e      	mov	r6, r5
200014ce:	4628      	mov	r0, r5
200014d0:	e6f7      	b.n	200012c2 <__udivmoddi4+0x9a>
200014d2:	1a84      	subs	r4, r0, r2
200014d4:	eb61 0303 	sbc.w	r3, r1, r3
200014d8:	2001      	movs	r0, #1
200014da:	461f      	mov	r7, r3
200014dc:	e70b      	b.n	200012f6 <__udivmoddi4+0xce>
200014de:	4464      	add	r4, ip
200014e0:	3802      	subs	r0, #2
200014e2:	e749      	b.n	20001378 <__udivmoddi4+0x150>
200014e4:	4464      	add	r4, ip
200014e6:	3802      	subs	r0, #2
200014e8:	e6e1      	b.n	200012ae <__udivmoddi4+0x86>
200014ea:	3a02      	subs	r2, #2
200014ec:	4461      	add	r1, ip
200014ee:	e72e      	b.n	2000134e <__udivmoddi4+0x126>
200014f0:	3e02      	subs	r6, #2
200014f2:	4462      	add	r2, ip
200014f4:	e6c6      	b.n	20001284 <__udivmoddi4+0x5c>
200014f6:	f1a8 0802 	sub.w	r8, r8, #2
200014fa:	4461      	add	r1, ip
200014fc:	e76f      	b.n	200013de <__udivmoddi4+0x1b6>
200014fe:	3802      	subs	r0, #2
20001500:	4462      	add	r2, ip
20001502:	e7cb      	b.n	2000149c <__udivmoddi4+0x274>
20001504:	3802      	subs	r0, #2
20001506:	4461      	add	r1, ip
20001508:	e77d      	b.n	20001406 <__udivmoddi4+0x1de>
2000150a:	3e02      	subs	r6, #2
2000150c:	4461      	add	r1, ip
2000150e:	e7d9      	b.n	200014c4 <__udivmoddi4+0x29c>
20001510:	462e      	mov	r6, r5
20001512:	e6d6      	b.n	200012c2 <__udivmoddi4+0x9a>

20001514 <__aeabi_idiv0>:
20001514:	4770      	bx	lr
20001516:	bf00      	nop

20001518 <memcpy>:
20001518:	4684      	mov	ip, r0
2000151a:	ea41 0300 	orr.w	r3, r1, r0
2000151e:	f013 0303 	ands.w	r3, r3, #3
20001522:	d149      	bne.n	200015b8 <memcpy+0xa0>
20001524:	3a40      	subs	r2, #64	; 0x40
20001526:	d323      	bcc.n	20001570 <memcpy+0x58>
20001528:	680b      	ldr	r3, [r1, #0]
2000152a:	6003      	str	r3, [r0, #0]
2000152c:	684b      	ldr	r3, [r1, #4]
2000152e:	6043      	str	r3, [r0, #4]
20001530:	688b      	ldr	r3, [r1, #8]
20001532:	6083      	str	r3, [r0, #8]
20001534:	68cb      	ldr	r3, [r1, #12]
20001536:	60c3      	str	r3, [r0, #12]
20001538:	690b      	ldr	r3, [r1, #16]
2000153a:	6103      	str	r3, [r0, #16]
2000153c:	694b      	ldr	r3, [r1, #20]
2000153e:	6143      	str	r3, [r0, #20]
20001540:	698b      	ldr	r3, [r1, #24]
20001542:	6183      	str	r3, [r0, #24]
20001544:	69cb      	ldr	r3, [r1, #28]
20001546:	61c3      	str	r3, [r0, #28]
20001548:	6a0b      	ldr	r3, [r1, #32]
2000154a:	6203      	str	r3, [r0, #32]
2000154c:	6a4b      	ldr	r3, [r1, #36]	; 0x24
2000154e:	6243      	str	r3, [r0, #36]	; 0x24
20001550:	6a8b      	ldr	r3, [r1, #40]	; 0x28
20001552:	6283      	str	r3, [r0, #40]	; 0x28
20001554:	6acb      	ldr	r3, [r1, #44]	; 0x2c
20001556:	62c3      	str	r3, [r0, #44]	; 0x2c
20001558:	6b0b      	ldr	r3, [r1, #48]	; 0x30
2000155a:	6303      	str	r3, [r0, #48]	; 0x30
2000155c:	6b4b      	ldr	r3, [r1, #52]	; 0x34
2000155e:	6343      	str	r3, [r0, #52]	; 0x34
20001560:	6b8b      	ldr	r3, [r1, #56]	; 0x38
20001562:	6383      	str	r3, [r0, #56]	; 0x38
20001564:	6bcb      	ldr	r3, [r1, #60]	; 0x3c
20001566:	63c3      	str	r3, [r0, #60]	; 0x3c
20001568:	3040      	adds	r0, #64	; 0x40
2000156a:	3140      	adds	r1, #64	; 0x40
2000156c:	3a40      	subs	r2, #64	; 0x40
2000156e:	d2db      	bcs.n	20001528 <memcpy+0x10>
20001570:	3230      	adds	r2, #48	; 0x30
20001572:	d30b      	bcc.n	2000158c <memcpy+0x74>
20001574:	680b      	ldr	r3, [r1, #0]
20001576:	6003      	str	r3, [r0, #0]
20001578:	684b      	ldr	r3, [r1, #4]
2000157a:	6043      	str	r3, [r0, #4]
2000157c:	688b      	ldr	r3, [r1, #8]
2000157e:	6083      	str	r3, [r0, #8]
20001580:	68cb      	ldr	r3, [r1, #12]
20001582:	60c3      	str	r3, [r0, #12]
20001584:	3010      	adds	r0, #16
20001586:	3110      	adds	r1, #16
20001588:	3a10      	subs	r2, #16
2000158a:	d2f3      	bcs.n	20001574 <memcpy+0x5c>
2000158c:	320c      	adds	r2, #12
2000158e:	d305      	bcc.n	2000159c <memcpy+0x84>
20001590:	f851 3b04 	ldr.w	r3, [r1], #4
20001594:	f840 3b04 	str.w	r3, [r0], #4
20001598:	3a04      	subs	r2, #4
2000159a:	d2f9      	bcs.n	20001590 <memcpy+0x78>
2000159c:	3204      	adds	r2, #4
2000159e:	d008      	beq.n	200015b2 <memcpy+0x9a>
200015a0:	07d2      	lsls	r2, r2, #31
200015a2:	bf1c      	itt	ne
200015a4:	f811 3b01 	ldrbne.w	r3, [r1], #1
200015a8:	f800 3b01 	strbne.w	r3, [r0], #1
200015ac:	d301      	bcc.n	200015b2 <memcpy+0x9a>
200015ae:	880b      	ldrh	r3, [r1, #0]
200015b0:	8003      	strh	r3, [r0, #0]
200015b2:	4660      	mov	r0, ip
200015b4:	4770      	bx	lr
200015b6:	bf00      	nop
200015b8:	2a08      	cmp	r2, #8
200015ba:	d313      	bcc.n	200015e4 <memcpy+0xcc>
200015bc:	078b      	lsls	r3, r1, #30
200015be:	d0b1      	beq.n	20001524 <memcpy+0xc>
200015c0:	f010 0303 	ands.w	r3, r0, #3
200015c4:	d0ae      	beq.n	20001524 <memcpy+0xc>
200015c6:	f1c3 0304 	rsb	r3, r3, #4
200015ca:	1ad2      	subs	r2, r2, r3
200015cc:	07db      	lsls	r3, r3, #31
200015ce:	bf1c      	itt	ne
200015d0:	f811 3b01 	ldrbne.w	r3, [r1], #1
200015d4:	f800 3b01 	strbne.w	r3, [r0], #1
200015d8:	d3a4      	bcc.n	20001524 <memcpy+0xc>
200015da:	f831 3b02 	ldrh.w	r3, [r1], #2
200015de:	f820 3b02 	strh.w	r3, [r0], #2
200015e2:	e79f      	b.n	20001524 <memcpy+0xc>
200015e4:	3a04      	subs	r2, #4
200015e6:	d3d9      	bcc.n	2000159c <memcpy+0x84>
200015e8:	3a01      	subs	r2, #1
200015ea:	f811 3b01 	ldrb.w	r3, [r1], #1
200015ee:	f800 3b01 	strb.w	r3, [r0], #1
200015f2:	d2f9      	bcs.n	200015e8 <memcpy+0xd0>
200015f4:	780b      	ldrb	r3, [r1, #0]
200015f6:	7003      	strb	r3, [r0, #0]
200015f8:	784b      	ldrb	r3, [r1, #1]
200015fa:	7043      	strb	r3, [r0, #1]
200015fc:	788b      	ldrb	r3, [r1, #2]
200015fe:	7083      	strb	r3, [r0, #2]
20001600:	4660      	mov	r0, ip
20001602:	4770      	bx	lr

20001604 <memset>:
20001604:	b570      	push	{r4, r5, r6, lr}
20001606:	0786      	lsls	r6, r0, #30
20001608:	d048      	beq.n	2000169c <memset+0x98>
2000160a:	1e54      	subs	r4, r2, #1
2000160c:	2a00      	cmp	r2, #0
2000160e:	d03f      	beq.n	20001690 <memset+0x8c>
20001610:	b2ca      	uxtb	r2, r1
20001612:	4603      	mov	r3, r0
20001614:	e001      	b.n	2000161a <memset+0x16>
20001616:	3c01      	subs	r4, #1
20001618:	d33a      	bcc.n	20001690 <memset+0x8c>
2000161a:	f803 2b01 	strb.w	r2, [r3], #1
2000161e:	079d      	lsls	r5, r3, #30
20001620:	d1f9      	bne.n	20001616 <memset+0x12>
20001622:	2c03      	cmp	r4, #3
20001624:	d92d      	bls.n	20001682 <memset+0x7e>
20001626:	b2cd      	uxtb	r5, r1
20001628:	2c0f      	cmp	r4, #15
2000162a:	ea45 2505 	orr.w	r5, r5, r5, lsl #8
2000162e:	ea45 4505 	orr.w	r5, r5, r5, lsl #16
20001632:	d936      	bls.n	200016a2 <memset+0x9e>
20001634:	f1a4 0c10 	sub.w	ip, r4, #16
20001638:	f103 0e20 	add.w	lr, r3, #32
2000163c:	f103 0210 	add.w	r2, r3, #16
20001640:	f02c 060f 	bic.w	r6, ip, #15
20001644:	ea4f 1c1c 	mov.w	ip, ip, lsr #4
20001648:	44b6      	add	lr, r6
2000164a:	e942 5504 	strd	r5, r5, [r2, #-16]
2000164e:	e942 5502 	strd	r5, r5, [r2, #-8]
20001652:	3210      	adds	r2, #16
20001654:	4572      	cmp	r2, lr
20001656:	d1f8      	bne.n	2000164a <memset+0x46>
20001658:	f10c 0201 	add.w	r2, ip, #1
2000165c:	f014 0f0c 	tst.w	r4, #12
20001660:	f004 0c0f 	and.w	ip, r4, #15
20001664:	eb03 1202 	add.w	r2, r3, r2, lsl #4
20001668:	d013      	beq.n	20001692 <memset+0x8e>
2000166a:	f1ac 0304 	sub.w	r3, ip, #4
2000166e:	f023 0303 	bic.w	r3, r3, #3
20001672:	3304      	adds	r3, #4
20001674:	4413      	add	r3, r2
20001676:	f842 5b04 	str.w	r5, [r2], #4
2000167a:	4293      	cmp	r3, r2
2000167c:	d1fb      	bne.n	20001676 <memset+0x72>
2000167e:	f00c 0403 	and.w	r4, ip, #3
20001682:	b12c      	cbz	r4, 20001690 <memset+0x8c>
20001684:	b2ca      	uxtb	r2, r1
20001686:	441c      	add	r4, r3
20001688:	f803 2b01 	strb.w	r2, [r3], #1
2000168c:	429c      	cmp	r4, r3
2000168e:	d1fb      	bne.n	20001688 <memset+0x84>
20001690:	bd70      	pop	{r4, r5, r6, pc}
20001692:	4664      	mov	r4, ip
20001694:	4613      	mov	r3, r2
20001696:	2c00      	cmp	r4, #0
20001698:	d1f4      	bne.n	20001684 <memset+0x80>
2000169a:	e7f9      	b.n	20001690 <memset+0x8c>
2000169c:	4603      	mov	r3, r0
2000169e:	4614      	mov	r4, r2
200016a0:	e7bf      	b.n	20001622 <memset+0x1e>
200016a2:	461a      	mov	r2, r3
200016a4:	46a4      	mov	ip, r4
200016a6:	e7e0      	b.n	2000166a <memset+0x66>

200016a8 <__time_us_64_veneer>:
200016a8:	b401      	push	{r0}
200016aa:	4802      	ldr	r0, [pc, #8]	; (200016b4 <__time_us_64_veneer+0xc>)
200016ac:	4684      	mov	ip, r0
200016ae:	bc01      	pop	{r0}
200016b0:	4760      	bx	ip
200016b2:	bf00      	nop
200016b4:	10001a61 	.word	0x10001a61

200016b8 <__best_effort_wfe_or_timeout_veneer>:
200016b8:	b401      	push	{r0}
200016ba:	4802      	ldr	r0, [pc, #8]	; (200016c4 <__best_effort_wfe_or_timeout_veneer+0xc>)
200016bc:	4684      	mov	ip, r0
200016be:	bc01      	pop	{r0}
200016c0:	4760      	bx	ip
200016c2:	bf00      	nop
200016c4:	1000193d 	.word	0x1000193d

200016c8 <__tu_fifo_write_veneer>:
200016c8:	b401      	push	{r0}
200016ca:	4802      	ldr	r0, [pc, #8]	; (200016d4 <__tu_fifo_write_veneer+0xc>)
200016cc:	4684      	mov	ip, r0
200016ce:	bc01      	pop	{r0}
200016d0:	4760      	bx	ip
200016d2:	bf00      	nop
200016d4:	10005f99 	.word	0x10005f99

200016d8 <__tud_event_hook_cb_veneer>:
200016d8:	b401      	push	{r0}
200016da:	4802      	ldr	r0, [pc, #8]	; (200016e4 <__tud_event_hook_cb_veneer+0xc>)
200016dc:	4684      	mov	ip, r0
200016de:	bc01      	pop	{r0}
200016e0:	4760      	bx	ip
200016e2:	bf00      	nop
200016e4:	10004979 	.word	0x10004979

200016e8 <__panic_veneer>:
200016e8:	b401      	push	{r0}
200016ea:	4802      	ldr	r0, [pc, #8]	; (200016f4 <__panic_veneer+0xc>)
200016ec:	4684      	mov	ip, r0
200016ee:	bc01      	pop	{r0}
200016f0:	4760      	bx	ip
200016f2:	bf00      	nop
200016f4:	100009c1 	.word	0x100009c1

200016f8 <striped_spin_lock_num>:
200016f8:	00000010                                ....

200016fc <irq_handler_chain_slots>:
200016fc:	00000000 	.word	0x00000000
20001700:	00010000 	.word	0x00010000
	...
2000170c:	00020000 	.word	0x00020000
	...
20001718:	00030000 	.word	0x00030000
	...
20001724:	00040000 	.word	0x00040000
	...
20001730:	00050000 	.word	0x00050000
	...
2000173c:	00ff0000 	.word	0x00ff0000
20001740:	00000000 	.word	0x00000000

20001744 <irq_handler_chain_first_slot>:
20001744:	b501      	push	{r0, lr}
20001746:	6848      	ldr	r0, [r1, #4]
20001748:	3101      	adds	r1, #1
2000174a:	468e      	mov	lr, r1
2000174c:	4700      	bx	r0

2000174e <irq_handler_chain_remove_tail>:
2000174e:	4670      	mov	r0, lr
20001750:	3809      	subs	r0, #9
20001752:	4901      	ldr	r1, [pc, #4]	; (20001758 <irq_handler_chain_remove_tail+0xa>)
20001754:	4788      	blx	r1
20001756:	bd01      	pop	{r0, pc}
20001758:	10001025 	.word	0x10001025

2000175c <default_alarm_pool>:
	...
20001770:	200017d8 00000000                       ... ....

20001778 <last_added.0>:
20001778:	ffffffff 7fffffff                       ........

20001780 <stdio_uart>:
20001780:	10003d05 10003df9 10003d55 10003e09     .=...=..U=...>..
20001790:	00000000 00000100                       ........

20001798 <stdio_usb>:
20001798:	10004041 10003ff5 10003f71 10003ee1     A@...?..q?...>..
200017a8:	00000000 00000100                       ........

200017b0 <_usbd_qdef>:
200017b0:	20001b8c 000c0010 00000000 00000000     ... ............
	...

200017cc <_usbd_rhport>:
200017cc:	000000ff                                ....

200017d0 <print_mutex>:
	...
