ISO-10303-21;
HEADER;
/* Generated by software containing ST-Developer
 * from STEP Tools, Inc. (www.steptools.com) 
 */

FILE_DESCRIPTION(
/* description */ (''),
/* implementation_level */ '2;1');

FILE_NAME(
/* name */ 'OBD-II_press-fit_male_connector.step',
/* time_stamp */ '2024-05-02T00:34:14+02:00',
/* author */ (''),
/* organization */ (''),
/* preprocessor_version */ 'ST-DEVELOPER v20',
/* originating_system */ 'Autodesk Translation Framework v12.20.1.177',

/* authorisation */ '');

FILE_SCHEMA (('AUTOMOTIVE_DESIGN { 1 0 10303 214 3 1 1 }'));
ENDSEC;

DATA;
#10=MECHANICAL_DESIGN_GEOMETRIC_PRESENTATION_REPRESENTATION('',(#17,#18,
#19,#20,#21,#22,#23,#24,#25,#26,#27,#28,#29,#30,#31,#32,#33),#8165);
#11=ITEM_DEFINED_TRANSFORMATION($,$,#5005,#5386);
#12=(
REPRESENTATION_RELATIONSHIP($,$,#8176,#8175)
REPRESENTATION_RELATIONSHIP_WITH_TRANSFORMATION(#11)
SHAPE_REPRESENTATION_RELATIONSHIP()
);
#13=CONTEXT_DEPENDENT_SHAPE_REPRESENTATION(#12,#8174);
#14=NEXT_ASSEMBLY_USAGE_OCCURRENCE('Frame with pins:1',
'Frame with pins:1','Frame with pins:1',#8178,#8179,'Frame with pins:1');
#15=SHAPE_REPRESENTATION_RELATIONSHIP('SRR','None',#8176,#16);
#16=ADVANCED_BREP_SHAPE_REPRESENTATION('',(#34,#35,#36,#37,#38,#39,#40,
#41,#42,#43,#44,#45,#46,#47,#48,#49,#50),#8164);
#17=STYLED_ITEM('',(#8189),#34);
#18=STYLED_ITEM('',(#8190),#35);
#19=STYLED_ITEM('',(#8190),#36);
#20=STYLED_ITEM('',(#8190),#37);
#21=STYLED_ITEM('',(#8190),#38);
#22=STYLED_ITEM('',(#8190),#39);
#23=STYLED_ITEM('',(#8190),#40);
#24=STYLED_ITEM('',(#8190),#41);
#25=STYLED_ITEM('',(#8190),#42);
#26=STYLED_ITEM('',(#8190),#43);
#27=STYLED_ITEM('',(#8190),#44);
#28=STYLED_ITEM('',(#8190),#45);
#29=STYLED_ITEM('',(#8190),#46);
#30=STYLED_ITEM('',(#8190),#47);
#31=STYLED_ITEM('',(#8190),#48);
#32=STYLED_ITEM('',(#8190),#49);
#33=STYLED_ITEM('',(#8190),#50);
#34=MANIFOLD_SOLID_BREP('Plastic frame',#4975);
#35=MANIFOLD_SOLID_BREP('Pin6',#4976);
#36=MANIFOLD_SOLID_BREP('Pin5',#4977);
#37=MANIFOLD_SOLID_BREP('Pin3',#4978);
#38=MANIFOLD_SOLID_BREP('Pin1',#4979);
#39=MANIFOLD_SOLID_BREP('Pin2',#4980);
#40=MANIFOLD_SOLID_BREP('Pin4',#4981);
#41=MANIFOLD_SOLID_BREP('Pin7',#4982);
#42=MANIFOLD_SOLID_BREP('Pin8',#4983);
#43=MANIFOLD_SOLID_BREP('Pin14',#4984);
#44=MANIFOLD_SOLID_BREP('Pin11',#4985);
#45=MANIFOLD_SOLID_BREP('Pin12',#4986);
#46=MANIFOLD_SOLID_BREP('Pin15',#4987);
#47=MANIFOLD_SOLID_BREP('Pin16',#4988);
#48=MANIFOLD_SOLID_BREP('Pin13',#4989);
#49=MANIFOLD_SOLID_BREP('Pin10',#4990);
#50=MANIFOLD_SOLID_BREP('Pin9',#4991);
#51=SPHERICAL_SURFACE('',#5092,0.8);
#52=SPHERICAL_SURFACE('',#5096,0.8);
#53=CYLINDRICAL_SURFACE('',#5040,1.);
#54=CYLINDRICAL_SURFACE('',#5043,1.);
#55=CYLINDRICAL_SURFACE('',#5046,1.);
#56=CYLINDRICAL_SURFACE('',#5049,1.);
#57=CYLINDRICAL_SURFACE('',#5079,1.5);
#58=CYLINDRICAL_SURFACE('',#5081,1.5);
#59=CYLINDRICAL_SURFACE('',#5083,1.5);
#60=CYLINDRICAL_SURFACE('',#5085,1.49999999999999);
#61=CYLINDRICAL_SURFACE('',#5086,0.8);
#62=CYLINDRICAL_SURFACE('',#5089,0.8);
#63=CYLINDRICAL_SURFACE('',#5094,0.799999999999999);
#64=CYLINDRICAL_SURFACE('',#5098,1.0999999999999);
#65=CYLINDRICAL_SURFACE('',#5101,2.60000000000002);
#66=CYLINDRICAL_SURFACE('',#5104,2.59999999999999);
#67=CYLINDRICAL_SURFACE('',#5107,1.09999999999992);
#68=CYLINDRICAL_SURFACE('',#5123,4.25000000000003);
#69=CYLINDRICAL_SURFACE('',#5125,2.74999999999993);
#70=CYLINDRICAL_SURFACE('',#5126,4.24999999999999);
#71=CYLINDRICAL_SURFACE('',#5127,2.74999999999992);
#72=CYLINDRICAL_SURFACE('',#5130,0.6);
#73=CYLINDRICAL_SURFACE('',#5136,0.6);
#74=CYLINDRICAL_SURFACE('',#5146,0.6);
#75=CYLINDRICAL_SURFACE('',#5152,0.6);
#76=CYLINDRICAL_SURFACE('',#5162,0.6);
#77=CYLINDRICAL_SURFACE('',#5168,0.6);
#78=CYLINDRICAL_SURFACE('',#5178,0.6);
#79=CYLINDRICAL_SURFACE('',#5184,0.6);
#80=CYLINDRICAL_SURFACE('',#5194,0.6);
#81=CYLINDRICAL_SURFACE('',#5200,0.6);
#82=CYLINDRICAL_SURFACE('',#5210,0.6);
#83=CYLINDRICAL_SURFACE('',#5216,0.6);
#84=CYLINDRICAL_SURFACE('',#5226,0.6);
#85=CYLINDRICAL_SURFACE('',#5232,0.6);
#86=CYLINDRICAL_SURFACE('',#5242,0.6);
#87=CYLINDRICAL_SURFACE('',#5248,0.6);
#88=CYLINDRICAL_SURFACE('',#5258,0.6);
#89=CYLINDRICAL_SURFACE('',#5264,0.6);
#90=CYLINDRICAL_SURFACE('',#5274,0.6);
#91=CYLINDRICAL_SURFACE('',#5280,0.6);
#92=CYLINDRICAL_SURFACE('',#5290,0.6);
#93=CYLINDRICAL_SURFACE('',#5296,0.6);
#94=CYLINDRICAL_SURFACE('',#5306,0.6);
#95=CYLINDRICAL_SURFACE('',#5312,0.6);
#96=CYLINDRICAL_SURFACE('',#5322,0.6);
#97=CYLINDRICAL_SURFACE('',#5328,0.6);
#98=CYLINDRICAL_SURFACE('',#5338,0.6);
#99=CYLINDRICAL_SURFACE('',#5344,0.6);
#100=CYLINDRICAL_SURFACE('',#5354,0.6);
#101=CYLINDRICAL_SURFACE('',#5360,0.6);
#102=CYLINDRICAL_SURFACE('',#5370,0.6);
#103=CYLINDRICAL_SURFACE('',#5376,0.6);
#104=FACE_BOUND('',#504,.T.);
#105=FACE_BOUND('',#509,.T.);
#106=FACE_BOUND('',#510,.T.);
#107=FACE_BOUND('',#511,.T.);
#108=FACE_BOUND('',#512,.T.);
#109=FACE_BOUND('',#513,.T.);
#110=FACE_BOUND('',#514,.T.);
#111=FACE_BOUND('',#550,.T.);
#112=FACE_BOUND('',#552,.T.);
#113=FACE_BOUND('',#556,.T.);
#114=FACE_BOUND('',#557,.T.);
#115=FACE_BOUND('',#562,.T.);
#116=FACE_BOUND('',#563,.T.);
#117=FACE_BOUND('',#588,.T.);
#118=CIRCLE('',#5012,1.49999999999999);
#119=CIRCLE('',#5013,1.5);
#120=CIRCLE('',#5014,1.5);
#121=CIRCLE('',#5015,1.5);
#122=CIRCLE('',#5020,1.);
#123=CIRCLE('',#5021,1.);
#124=CIRCLE('',#5022,1.);
#125=CIRCLE('',#5023,1.);
#126=CIRCLE('',#5041,1.);
#127=CIRCLE('',#5044,1.);
#128=CIRCLE('',#5047,1.);
#129=CIRCLE('',#5050,1.);
#130=CIRCLE('',#5063,1.09999999999992);
#131=CIRCLE('',#5064,2.59999999999999);
#132=CIRCLE('',#5065,2.60000000000002);
#133=CIRCLE('',#5066,1.0999999999999);
#134=CIRCLE('',#5067,0.8);
#135=CIRCLE('',#5068,0.8);
#136=CIRCLE('',#5070,1.49999999999999);
#137=CIRCLE('',#5071,1.5);
#138=CIRCLE('',#5072,1.5);
#139=CIRCLE('',#5073,1.5);
#140=CIRCLE('',#5074,4.24999999999999);
#141=CIRCLE('',#5075,2.74999999999992);
#142=CIRCLE('',#5076,2.74999999999993);
#143=CIRCLE('',#5077,4.25000000000003);
#144=CIRCLE('',#5087,0.8);
#145=CIRCLE('',#5090,0.8);
#146=CIRCLE('',#5093,0.799999999999999);
#147=CIRCLE('',#5095,0.799999999999999);
#148=CIRCLE('',#5099,1.0999999999999);
#149=CIRCLE('',#5102,2.60000000000002);
#150=CIRCLE('',#5105,2.59999999999999);
#151=CIRCLE('',#5108,1.09999999999992);
#152=CIRCLE('',#5117,2.74999999999992);
#153=CIRCLE('',#5118,4.24999999999999);
#154=CIRCLE('',#5119,4.25000000000002);
#155=CIRCLE('',#5120,2.74999999999993);
#156=CIRCLE('',#5131,0.6);
#157=CIRCLE('',#5132,0.6);
#158=CIRCLE('',#5135,0.6);
#159=CIRCLE('',#5137,0.6);
#160=CIRCLE('',#5147,0.6);
#161=CIRCLE('',#5148,0.6);
#162=CIRCLE('',#5151,0.6);
#163=CIRCLE('',#5153,0.6);
#164=CIRCLE('',#5163,0.6);
#165=CIRCLE('',#5164,0.6);
#166=CIRCLE('',#5167,0.6);
#167=CIRCLE('',#5169,0.6);
#168=CIRCLE('',#5179,0.6);
#169=CIRCLE('',#5180,0.6);
#170=CIRCLE('',#5183,0.6);
#171=CIRCLE('',#5185,0.6);
#172=CIRCLE('',#5195,0.6);
#173=CIRCLE('',#5196,0.6);
#174=CIRCLE('',#5199,0.6);
#175=CIRCLE('',#5201,0.6);
#176=CIRCLE('',#5211,0.6);
#177=CIRCLE('',#5212,0.6);
#178=CIRCLE('',#5215,0.6);
#179=CIRCLE('',#5217,0.6);
#180=CIRCLE('',#5227,0.6);
#181=CIRCLE('',#5228,0.6);
#182=CIRCLE('',#5231,0.6);
#183=CIRCLE('',#5233,0.6);
#184=CIRCLE('',#5243,0.6);
#185=CIRCLE('',#5244,0.6);
#186=CIRCLE('',#5247,0.6);
#187=CIRCLE('',#5249,0.6);
#188=CIRCLE('',#5259,0.6);
#189=CIRCLE('',#5260,0.6);
#190=CIRCLE('',#5262,0.6);
#191=CIRCLE('',#5265,0.6);
#192=CIRCLE('',#5275,0.6);
#193=CIRCLE('',#5276,0.6);
#194=CIRCLE('',#5278,0.6);
#195=CIRCLE('',#5281,0.6);
#196=CIRCLE('',#5291,0.6);
#197=CIRCLE('',#5292,0.6);
#198=CIRCLE('',#5294,0.6);
#199=CIRCLE('',#5297,0.6);
#200=CIRCLE('',#5307,0.6);
#201=CIRCLE('',#5308,0.6);
#202=CIRCLE('',#5310,0.6);
#203=CIRCLE('',#5313,0.6);
#204=CIRCLE('',#5323,0.6);
#205=CIRCLE('',#5324,0.6);
#206=CIRCLE('',#5326,0.6);
#207=CIRCLE('',#5329,0.6);
#208=CIRCLE('',#5339,0.6);
#209=CIRCLE('',#5340,0.6);
#210=CIRCLE('',#5342,0.6);
#211=CIRCLE('',#5345,0.6);
#212=CIRCLE('',#5355,0.6);
#213=CIRCLE('',#5356,0.6);
#214=CIRCLE('',#5358,0.6);
#215=CIRCLE('',#5361,0.6);
#216=CIRCLE('',#5371,0.6);
#217=CIRCLE('',#5372,0.6);
#218=CIRCLE('',#5374,0.6);
#219=CIRCLE('',#5377,0.6);
#220=FACE_OUTER_BOUND('',#498,.T.);
#221=FACE_OUTER_BOUND('',#499,.T.);
#222=FACE_OUTER_BOUND('',#500,.T.);
#223=FACE_OUTER_BOUND('',#501,.T.);
#224=FACE_OUTER_BOUND('',#502,.T.);
#225=FACE_OUTER_BOUND('',#503,.T.);
#226=FACE_OUTER_BOUND('',#505,.T.);
#227=FACE_OUTER_BOUND('',#506,.T.);
#228=FACE_OUTER_BOUND('',#507,.T.);
#229=FACE_OUTER_BOUND('',#508,.T.);
#230=FACE_OUTER_BOUND('',#515,.T.);
#231=FACE_OUTER_BOUND('',#516,.T.);
#232=FACE_OUTER_BOUND('',#517,.T.);
#233=FACE_OUTER_BOUND('',#518,.T.);
#234=FACE_OUTER_BOUND('',#519,.T.);
#235=FACE_OUTER_BOUND('',#520,.T.);
#236=FACE_OUTER_BOUND('',#521,.T.);
#237=FACE_OUTER_BOUND('',#522,.T.);
#238=FACE_OUTER_BOUND('',#523,.T.);
#239=FACE_OUTER_BOUND('',#524,.T.);
#240=FACE_OUTER_BOUND('',#525,.T.);
#241=FACE_OUTER_BOUND('',#526,.T.);
#242=FACE_OUTER_BOUND('',#527,.T.);
#243=FACE_OUTER_BOUND('',#528,.T.);
#244=FACE_OUTER_BOUND('',#529,.T.);
#245=FACE_OUTER_BOUND('',#530,.T.);
#246=FACE_OUTER_BOUND('',#531,.T.);
#247=FACE_OUTER_BOUND('',#532,.T.);
#248=FACE_OUTER_BOUND('',#533,.T.);
#249=FACE_OUTER_BOUND('',#534,.T.);
#250=FACE_OUTER_BOUND('',#535,.T.);
#251=FACE_OUTER_BOUND('',#536,.T.);
#252=FACE_OUTER_BOUND('',#537,.T.);
#253=FACE_OUTER_BOUND('',#538,.T.);
#254=FACE_OUTER_BOUND('',#539,.T.);
#255=FACE_OUTER_BOUND('',#540,.T.);
#256=FACE_OUTER_BOUND('',#541,.T.);
#257=FACE_OUTER_BOUND('',#542,.T.);
#258=FACE_OUTER_BOUND('',#543,.T.);
#259=FACE_OUTER_BOUND('',#544,.T.);
#260=FACE_OUTER_BOUND('',#545,.T.);
#261=FACE_OUTER_BOUND('',#546,.T.);
#262=FACE_OUTER_BOUND('',#547,.T.);
#263=FACE_OUTER_BOUND('',#548,.T.);
#264=FACE_OUTER_BOUND('',#549,.T.);
#265=FACE_OUTER_BOUND('',#551,.T.);
#266=FACE_OUTER_BOUND('',#553,.T.);
#267=FACE_OUTER_BOUND('',#554,.T.);
#268=FACE_OUTER_BOUND('',#555,.T.);
#269=FACE_OUTER_BOUND('',#558,.T.);
#270=FACE_OUTER_BOUND('',#559,.T.);
#271=FACE_OUTER_BOUND('',#560,.T.);
#272=FACE_OUTER_BOUND('',#561,.T.);
#273=FACE_OUTER_BOUND('',#564,.T.);
#274=FACE_OUTER_BOUND('',#565,.T.);
#275=FACE_OUTER_BOUND('',#566,.T.);
#276=FACE_OUTER_BOUND('',#567,.T.);
#277=FACE_OUTER_BOUND('',#568,.T.);
#278=FACE_OUTER_BOUND('',#569,.T.);
#279=FACE_OUTER_BOUND('',#570,.T.);
#280=FACE_OUTER_BOUND('',#571,.T.);
#281=FACE_OUTER_BOUND('',#572,.T.);
#282=FACE_OUTER_BOUND('',#573,.T.);
#283=FACE_OUTER_BOUND('',#574,.T.);
#284=FACE_OUTER_BOUND('',#575,.T.);
#285=FACE_OUTER_BOUND('',#576,.T.);
#286=FACE_OUTER_BOUND('',#577,.T.);
#287=FACE_OUTER_BOUND('',#578,.T.);
#288=FACE_OUTER_BOUND('',#579,.T.);
#289=FACE_OUTER_BOUND('',#580,.T.);
#290=FACE_OUTER_BOUND('',#581,.T.);
#291=FACE_OUTER_BOUND('',#582,.T.);
#292=FACE_OUTER_BOUND('',#583,.T.);
#293=FACE_OUTER_BOUND('',#584,.T.);
#294=FACE_OUTER_BOUND('',#585,.T.);
#295=FACE_OUTER_BOUND('',#586,.T.);
#296=FACE_OUTER_BOUND('',#587,.T.);
#297=FACE_OUTER_BOUND('',#589,.T.);
#298=FACE_OUTER_BOUND('',#590,.T.);
#299=FACE_OUTER_BOUND('',#591,.T.);
#300=FACE_OUTER_BOUND('',#592,.T.);
#301=FACE_OUTER_BOUND('',#593,.T.);
#302=FACE_OUTER_BOUND('',#594,.T.);
#303=FACE_OUTER_BOUND('',#595,.T.);
#304=FACE_OUTER_BOUND('',#596,.T.);
#305=FACE_OUTER_BOUND('',#597,.T.);
#306=FACE_OUTER_BOUND('',#598,.T.);
#307=FACE_OUTER_BOUND('',#599,.T.);
#308=FACE_OUTER_BOUND('',#600,.T.);
#309=FACE_OUTER_BOUND('',#601,.T.);
#310=FACE_OUTER_BOUND('',#602,.T.);
#311=FACE_OUTER_BOUND('',#603,.T.);
#312=FACE_OUTER_BOUND('',#604,.T.);
#313=FACE_OUTER_BOUND('',#605,.T.);
#314=FACE_OUTER_BOUND('',#606,.T.);
#315=FACE_OUTER_BOUND('',#607,.T.);
#316=FACE_OUTER_BOUND('',#608,.T.);
#317=FACE_OUTER_BOUND('',#609,.T.);
#318=FACE_OUTER_BOUND('',#610,.T.);
#319=FACE_OUTER_BOUND('',#611,.T.);
#320=FACE_OUTER_BOUND('',#612,.T.);
#321=FACE_OUTER_BOUND('',#613,.T.);
#322=FACE_OUTER_BOUND('',#614,.T.);
#323=FACE_OUTER_BOUND('',#615,.T.);
#324=FACE_OUTER_BOUND('',#616,.T.);
#325=FACE_OUTER_BOUND('',#617,.T.);
#326=FACE_OUTER_BOUND('',#618,.T.);
#327=FACE_OUTER_BOUND('',#619,.T.);
#328=FACE_OUTER_BOUND('',#620,.T.);
#329=FACE_OUTER_BOUND('',#621,.T.);
#330=FACE_OUTER_BOUND('',#622,.T.);
#331=FACE_OUTER_BOUND('',#623,.T.);
#332=FACE_OUTER_BOUND('',#624,.T.);
#333=FACE_OUTER_BOUND('',#625,.T.);
#334=FACE_OUTER_BOUND('',#626,.T.);
#335=FACE_OUTER_BOUND('',#627,.T.);
#336=FACE_OUTER_BOUND('',#628,.T.);
#337=FACE_OUTER_BOUND('',#629,.T.);
#338=FACE_OUTER_BOUND('',#630,.T.);
#339=FACE_OUTER_BOUND('',#631,.T.);
#340=FACE_OUTER_BOUND('',#632,.T.);
#341=FACE_OUTER_BOUND('',#633,.T.);
#342=FACE_OUTER_BOUND('',#634,.T.);
#343=FACE_OUTER_BOUND('',#635,.T.);
#344=FACE_OUTER_BOUND('',#636,.T.);
#345=FACE_OUTER_BOUND('',#637,.T.);
#346=FACE_OUTER_BOUND('',#638,.T.);
#347=FACE_OUTER_BOUND('',#639,.T.);
#348=FACE_OUTER_BOUND('',#640,.T.);
#349=FACE_OUTER_BOUND('',#641,.T.);
#350=FACE_OUTER_BOUND('',#642,.T.);
#351=FACE_OUTER_BOUND('',#643,.T.);
#352=FACE_OUTER_BOUND('',#644,.T.);
#353=FACE_OUTER_BOUND('',#645,.T.);
#354=FACE_OUTER_BOUND('',#646,.T.);
#355=FACE_OUTER_BOUND('',#647,.T.);
#356=FACE_OUTER_BOUND('',#648,.T.);
#357=FACE_OUTER_BOUND('',#649,.T.);
#358=FACE_OUTER_BOUND('',#650,.T.);
#359=FACE_OUTER_BOUND('',#651,.T.);
#360=FACE_OUTER_BOUND('',#652,.T.);
#361=FACE_OUTER_BOUND('',#653,.T.);
#362=FACE_OUTER_BOUND('',#654,.T.);
#363=FACE_OUTER_BOUND('',#655,.T.);
#364=FACE_OUTER_BOUND('',#656,.T.);
#365=FACE_OUTER_BOUND('',#657,.T.);
#366=FACE_OUTER_BOUND('',#658,.T.);
#367=FACE_OUTER_BOUND('',#659,.T.);
#368=FACE_OUTER_BOUND('',#660,.T.);
#369=FACE_OUTER_BOUND('',#661,.T.);
#370=FACE_OUTER_BOUND('',#662,.T.);
#371=FACE_OUTER_BOUND('',#663,.T.);
#372=FACE_OUTER_BOUND('',#664,.T.);
#373=FACE_OUTER_BOUND('',#665,.T.);
#374=FACE_OUTER_BOUND('',#666,.T.);
#375=FACE_OUTER_BOUND('',#667,.T.);
#376=FACE_OUTER_BOUND('',#668,.T.);
#377=FACE_OUTER_BOUND('',#669,.T.);
#378=FACE_OUTER_BOUND('',#670,.T.);
#379=FACE_OUTER_BOUND('',#671,.T.);
#380=FACE_OUTER_BOUND('',#672,.T.);
#381=FACE_OUTER_BOUND('',#673,.T.);
#382=FACE_OUTER_BOUND('',#674,.T.);
#383=FACE_OUTER_BOUND('',#675,.T.);
#384=FACE_OUTER_BOUND('',#676,.T.);
#385=FACE_OUTER_BOUND('',#677,.T.);
#386=FACE_OUTER_BOUND('',#678,.T.);
#387=FACE_OUTER_BOUND('',#679,.T.);
#388=FACE_OUTER_BOUND('',#680,.T.);
#389=FACE_OUTER_BOUND('',#681,.T.);
#390=FACE_OUTER_BOUND('',#682,.T.);
#391=FACE_OUTER_BOUND('',#683,.T.);
#392=FACE_OUTER_BOUND('',#684,.T.);
#393=FACE_OUTER_BOUND('',#685,.T.);
#394=FACE_OUTER_BOUND('',#686,.T.);
#395=FACE_OUTER_BOUND('',#687,.T.);
#396=FACE_OUTER_BOUND('',#688,.T.);
#397=FACE_OUTER_BOUND('',#689,.T.);
#398=FACE_OUTER_BOUND('',#690,.T.);
#399=FACE_OUTER_BOUND('',#691,.T.);
#400=FACE_OUTER_BOUND('',#692,.T.);
#401=FACE_OUTER_BOUND('',#693,.T.);
#402=FACE_OUTER_BOUND('',#694,.T.);
#403=FACE_OUTER_BOUND('',#695,.T.);
#404=FACE_OUTER_BOUND('',#696,.T.);
#405=FACE_OUTER_BOUND('',#697,.T.);
#406=FACE_OUTER_BOUND('',#698,.T.);
#407=FACE_OUTER_BOUND('',#699,.T.);
#408=FACE_OUTER_BOUND('',#700,.T.);
#409=FACE_OUTER_BOUND('',#701,.T.);
#410=FACE_OUTER_BOUND('',#702,.T.);
#411=FACE_OUTER_BOUND('',#703,.T.);
#412=FACE_OUTER_BOUND('',#704,.T.);
#413=FACE_OUTER_BOUND('',#705,.T.);
#414=FACE_OUTER_BOUND('',#706,.T.);
#415=FACE_OUTER_BOUND('',#707,.T.);
#416=FACE_OUTER_BOUND('',#708,.T.);
#417=FACE_OUTER_BOUND('',#709,.T.);
#418=FACE_OUTER_BOUND('',#710,.T.);
#419=FACE_OUTER_BOUND('',#711,.T.);
#420=FACE_OUTER_BOUND('',#712,.T.);
#421=FACE_OUTER_BOUND('',#713,.T.);
#422=FACE_OUTER_BOUND('',#714,.T.);
#423=FACE_OUTER_BOUND('',#715,.T.);
#424=FACE_OUTER_BOUND('',#716,.T.);
#425=FACE_OUTER_BOUND('',#717,.T.);
#426=FACE_OUTER_BOUND('',#718,.T.);
#427=FACE_OUTER_BOUND('',#719,.T.);
#428=FACE_OUTER_BOUND('',#720,.T.);
#429=FACE_OUTER_BOUND('',#721,.T.);
#430=FACE_OUTER_BOUND('',#722,.T.);
#431=FACE_OUTER_BOUND('',#723,.T.);
#432=FACE_OUTER_BOUND('',#724,.T.);
#433=FACE_OUTER_BOUND('',#725,.T.);
#434=FACE_OUTER_BOUND('',#726,.T.);
#435=FACE_OUTER_BOUND('',#727,.T.);
#436=FACE_OUTER_BOUND('',#728,.T.);
#437=FACE_OUTER_BOUND('',#729,.T.);
#438=FACE_OUTER_BOUND('',#730,.T.);
#439=FACE_OUTER_BOUND('',#731,.T.);
#440=FACE_OUTER_BOUND('',#732,.T.);
#441=FACE_OUTER_BOUND('',#733,.T.);
#442=FACE_OUTER_BOUND('',#734,.T.);
#443=FACE_OUTER_BOUND('',#735,.T.);
#444=FACE_OUTER_BOUND('',#736,.T.);
#445=FACE_OUTER_BOUND('',#737,.T.);
#446=FACE_OUTER_BOUND('',#738,.T.);
#447=FACE_OUTER_BOUND('',#739,.T.);
#448=FACE_OUTER_BOUND('',#740,.T.);
#449=FACE_OUTER_BOUND('',#741,.T.);
#450=FACE_OUTER_BOUND('',#742,.T.);
#451=FACE_OUTER_BOUND('',#743,.T.);
#452=FACE_OUTER_BOUND('',#744,.T.);
#453=FACE_OUTER_BOUND('',#745,.T.);
#454=FACE_OUTER_BOUND('',#746,.T.);
#455=FACE_OUTER_BOUND('',#747,.T.);
#456=FACE_OUTER_BOUND('',#748,.T.);
#457=FACE_OUTER_BOUND('',#749,.T.);
#458=FACE_OUTER_BOUND('',#750,.T.);
#459=FACE_OUTER_BOUND('',#751,.T.);
#460=FACE_OUTER_BOUND('',#752,.T.);
#461=FACE_OUTER_BOUND('',#753,.T.);
#462=FACE_OUTER_BOUND('',#754,.T.);
#463=FACE_OUTER_BOUND('',#755,.T.);
#464=FACE_OUTER_BOUND('',#756,.T.);
#465=FACE_OUTER_BOUND('',#757,.T.);
#466=FACE_OUTER_BOUND('',#758,.T.);
#467=FACE_OUTER_BOUND('',#759,.T.);
#468=FACE_OUTER_BOUND('',#760,.T.);
#469=FACE_OUTER_BOUND('',#761,.T.);
#470=FACE_OUTER_BOUND('',#762,.T.);
#471=FACE_OUTER_BOUND('',#763,.T.);
#472=FACE_OUTER_BOUND('',#764,.T.);
#473=FACE_OUTER_BOUND('',#765,.T.);
#474=FACE_OUTER_BOUND('',#766,.T.);
#475=FACE_OUTER_BOUND('',#767,.T.);
#476=FACE_OUTER_BOUND('',#768,.T.);
#477=FACE_OUTER_BOUND('',#769,.T.);
#478=FACE_OUTER_BOUND('',#770,.T.);
#479=FACE_OUTER_BOUND('',#771,.T.);
#480=FACE_OUTER_BOUND('',#772,.T.);
#481=FACE_OUTER_BOUND('',#773,.T.);
#482=FACE_OUTER_BOUND('',#774,.T.);
#483=FACE_OUTER_BOUND('',#775,.T.);
#484=FACE_OUTER_BOUND('',#776,.T.);
#485=FACE_OUTER_BOUND('',#777,.T.);
#486=FACE_OUTER_BOUND('',#778,.T.);
#487=FACE_OUTER_BOUND('',#779,.T.);
#488=FACE_OUTER_BOUND('',#780,.T.);
#489=FACE_OUTER_BOUND('',#781,.T.);
#490=FACE_OUTER_BOUND('',#782,.T.);
#491=FACE_OUTER_BOUND('',#783,.T.);
#492=FACE_OUTER_BOUND('',#784,.T.);
#493=FACE_OUTER_BOUND('',#785,.T.);
#494=FACE_OUTER_BOUND('',#786,.T.);
#495=FACE_OUTER_BOUND('',#787,.T.);
#496=FACE_OUTER_BOUND('',#788,.T.);
#497=FACE_OUTER_BOUND('',#789,.T.);
#498=EDGE_LOOP('',(#3100,#3101,#3102,#3103));
#499=EDGE_LOOP('',(#3104,#3105,#3106,#3107));
#500=EDGE_LOOP('',(#3108,#3109,#3110,#3111));
#501=EDGE_LOOP('',(#3112,#3113,#3114,#3115));
#502=EDGE_LOOP('',(#3116,#3117,#3118,#3119));
#503=EDGE_LOOP('',(#3120,#3121,#3122,#3123,#3124,#3125,#3126,#3127));
#504=EDGE_LOOP('',(#3128,#3129,#3130,#3131));
#505=EDGE_LOOP('',(#3132,#3133,#3134,#3135));
#506=EDGE_LOOP('',(#3136,#3137,#3138,#3139));
#507=EDGE_LOOP('',(#3140,#3141,#3142,#3143));
#508=EDGE_LOOP('',(#3144,#3145,#3146,#3147));
#509=EDGE_LOOP('',(#3148,#3149,#3150,#3151));
#510=EDGE_LOOP('',(#3152));
#511=EDGE_LOOP('',(#3153));
#512=EDGE_LOOP('',(#3154));
#513=EDGE_LOOP('',(#3155));
#514=EDGE_LOOP('',(#3156,#3157,#3158,#3159));
#515=EDGE_LOOP('',(#3160,#3161,#3162,#3163));
#516=EDGE_LOOP('',(#3164,#3165,#3166,#3167));
#517=EDGE_LOOP('',(#3168,#3169,#3170,#3171));
#518=EDGE_LOOP('',(#3172,#3173,#3174,#3175));
#519=EDGE_LOOP('',(#3176,#3177,#3178,#3179));
#520=EDGE_LOOP('',(#3180,#3181,#3182,#3183));
#521=EDGE_LOOP('',(#3184,#3185,#3186,#3187));
#522=EDGE_LOOP('',(#3188,#3189,#3190,#3191));
#523=EDGE_LOOP('',(#3192,#3193,#3194,#3195));
#524=EDGE_LOOP('',(#3196,#3197,#3198,#3199));
#525=EDGE_LOOP('',(#3200,#3201,#3202,#3203));
#526=EDGE_LOOP('',(#3204,#3205,#3206,#3207));
#527=EDGE_LOOP('',(#3208,#3209,#3210,#3211));
#528=EDGE_LOOP('',(#3212,#3213,#3214,#3215));
#529=EDGE_LOOP('',(#3216,#3217,#3218,#3219));
#530=EDGE_LOOP('',(#3220,#3221,#3222,#3223));
#531=EDGE_LOOP('',(#3224,#3225,#3226,#3227));
#532=EDGE_LOOP('',(#3228));
#533=EDGE_LOOP('',(#3229,#3230,#3231,#3232));
#534=EDGE_LOOP('',(#3233));
#535=EDGE_LOOP('',(#3234,#3235,#3236,#3237));
#536=EDGE_LOOP('',(#3238));
#537=EDGE_LOOP('',(#3239,#3240,#3241,#3242));
#538=EDGE_LOOP('',(#3243));
#539=EDGE_LOOP('',(#3244,#3245,#3246,#3247));
#540=EDGE_LOOP('',(#3248,#3249,#3250,#3251));
#541=EDGE_LOOP('',(#3252,#3253,#3254,#3255));
#542=EDGE_LOOP('',(#3256,#3257,#3258,#3259));
#543=EDGE_LOOP('',(#3260,#3261,#3262,#3263));
#544=EDGE_LOOP('',(#3264,#3265,#3266,#3267));
#545=EDGE_LOOP('',(#3268,#3269,#3270,#3271));
#546=EDGE_LOOP('',(#3272,#3273,#3274,#3275));
#547=EDGE_LOOP('',(#3276,#3277,#3278,#3279));
#548=EDGE_LOOP('',(#3280,#3281,#3282,#3283));
#549=EDGE_LOOP('',(#3284,#3285,#3286,#3287,#3288,#3289,#3290,#3291,#3292,
#3293,#3294,#3295));
#550=EDGE_LOOP('',(#3296,#3297,#3298,#3299));
#551=EDGE_LOOP('',(#3300,#3301,#3302,#3303,#3304,#3305,#3306,#3307));
#552=EDGE_LOOP('',(#3308,#3309,#3310,#3311,#3312,#3313,#3314,#3315,#3316,
#3317,#3318,#3319));
#553=EDGE_LOOP('',(#3320,#3321,#3322,#3323));
#554=EDGE_LOOP('',(#3324,#3325,#3326,#3327));
#555=EDGE_LOOP('',(#3328,#3329,#3330,#3331));
#556=EDGE_LOOP('',(#3332,#3333,#3334,#3335));
#557=EDGE_LOOP('',(#3336,#3337,#3338,#3339));
#558=EDGE_LOOP('',(#3340,#3341,#3342,#3343));
#559=EDGE_LOOP('',(#3344,#3345,#3346,#3347));
#560=EDGE_LOOP('',(#3348,#3349,#3350,#3351));
#561=EDGE_LOOP('',(#3352,#3353,#3354,#3355));
#562=EDGE_LOOP('',(#3356,#3357,#3358,#3359));
#563=EDGE_LOOP('',(#3360,#3361,#3362,#3363));
#564=EDGE_LOOP('',(#3364,#3365,#3366,#3367));
#565=EDGE_LOOP('',(#3368,#3369,#3370,#3371));
#566=EDGE_LOOP('',(#3372,#3373,#3374,#3375));
#567=EDGE_LOOP('',(#3376,#3377,#3378,#3379));
#568=EDGE_LOOP('',(#3380,#3381,#3382,#3383));
#569=EDGE_LOOP('',(#3384,#3385));
#570=EDGE_LOOP('',(#3386,#3387,#3388,#3389));
#571=EDGE_LOOP('',(#3390,#3391));
#572=EDGE_LOOP('',(#3392,#3393,#3394,#3395));
#573=EDGE_LOOP('',(#3396,#3397,#3398,#3399));
#574=EDGE_LOOP('',(#3400,#3401,#3402,#3403));
#575=EDGE_LOOP('',(#3404,#3405,#3406,#3407));
#576=EDGE_LOOP('',(#3408,#3409,#3410,#3411));
#577=EDGE_LOOP('',(#3412,#3413,#3414,#3415));
#578=EDGE_LOOP('',(#3416,#3417,#3418,#3419));
#579=EDGE_LOOP('',(#3420,#3421,#3422,#3423));
#580=EDGE_LOOP('',(#3424,#3425,#3426,#3427));
#581=EDGE_LOOP('',(#3428,#3429,#3430,#3431));
#582=EDGE_LOOP('',(#3432,#3433,#3434,#3435));
#583=EDGE_LOOP('',(#3436,#3437,#3438,#3439));
#584=EDGE_LOOP('',(#3440,#3441,#3442,#3443));
#585=EDGE_LOOP('',(#3444,#3445,#3446,#3447));
#586=EDGE_LOOP('',(#3448,#3449,#3450,#3451));
#587=EDGE_LOOP('',(#3452,#3453,#3454,#3455,#3456,#3457,#3458,#3459,#3460,
#3461,#3462,#3463));
#588=EDGE_LOOP('',(#3464,#3465,#3466,#3467,#3468,#3469,#3470,#3471,#3472,
#3473,#3474,#3475));
#589=EDGE_LOOP('',(#3476,#3477,#3478,#3479));
#590=EDGE_LOOP('',(#3480,#3481,#3482,#3483));
#591=EDGE_LOOP('',(#3484,#3485,#3486,#3487));
#592=EDGE_LOOP('',(#3488,#3489,#3490,#3491));
#593=EDGE_LOOP('',(#3492,#3493,#3494,#3495));
#594=EDGE_LOOP('',(#3496,#3497,#3498,#3499));
#595=EDGE_LOOP('',(#3500,#3501,#3502,#3503));
#596=EDGE_LOOP('',(#3504,#3505,#3506,#3507));
#597=EDGE_LOOP('',(#3508,#3509,#3510,#3511));
#598=EDGE_LOOP('',(#3512,#3513,#3514,#3515));
#599=EDGE_LOOP('',(#3516,#3517,#3518,#3519));
#600=EDGE_LOOP('',(#3520,#3521,#3522,#3523,#3524,#3525,#3526,#3527,#3528,
#3529));
#601=EDGE_LOOP('',(#3530,#3531,#3532,#3533));
#602=EDGE_LOOP('',(#3534,#3535,#3536,#3537));
#603=EDGE_LOOP('',(#3538,#3539,#3540,#3541));
#604=EDGE_LOOP('',(#3542,#3543,#3544,#3545));
#605=EDGE_LOOP('',(#3546,#3547,#3548,#3549));
#606=EDGE_LOOP('',(#3550,#3551,#3552,#3553));
#607=EDGE_LOOP('',(#3554,#3555,#3556,#3557));
#608=EDGE_LOOP('',(#3558,#3559,#3560,#3561));
#609=EDGE_LOOP('',(#3562,#3563,#3564,#3565,#3566,#3567,#3568,#3569,#3570,
#3571));
#610=EDGE_LOOP('',(#3572,#3573,#3574,#3575));
#611=EDGE_LOOP('',(#3576,#3577,#3578,#3579));
#612=EDGE_LOOP('',(#3580,#3581,#3582,#3583,#3584,#3585,#3586,#3587,#3588,
#3589));
#613=EDGE_LOOP('',(#3590,#3591,#3592,#3593));
#614=EDGE_LOOP('',(#3594,#3595,#3596,#3597));
#615=EDGE_LOOP('',(#3598,#3599,#3600,#3601));
#616=EDGE_LOOP('',(#3602,#3603,#3604,#3605));
#617=EDGE_LOOP('',(#3606,#3607,#3608,#3609));
#618=EDGE_LOOP('',(#3610,#3611,#3612,#3613));
#619=EDGE_LOOP('',(#3614,#3615,#3616,#3617));
#620=EDGE_LOOP('',(#3618,#3619,#3620,#3621));
#621=EDGE_LOOP('',(#3622,#3623,#3624,#3625,#3626,#3627,#3628,#3629,#3630,
#3631));
#622=EDGE_LOOP('',(#3632,#3633,#3634,#3635));
#623=EDGE_LOOP('',(#3636,#3637,#3638,#3639));
#624=EDGE_LOOP('',(#3640,#3641,#3642,#3643,#3644,#3645,#3646,#3647,#3648,
#3649));
#625=EDGE_LOOP('',(#3650,#3651,#3652,#3653));
#626=EDGE_LOOP('',(#3654,#3655,#3656,#3657));
#627=EDGE_LOOP('',(#3658,#3659,#3660,#3661));
#628=EDGE_LOOP('',(#3662,#3663,#3664,#3665));
#629=EDGE_LOOP('',(#3666,#3667,#3668,#3669));
#630=EDGE_LOOP('',(#3670,#3671,#3672,#3673));
#631=EDGE_LOOP('',(#3674,#3675,#3676,#3677));
#632=EDGE_LOOP('',(#3678,#3679,#3680,#3681));
#633=EDGE_LOOP('',(#3682,#3683,#3684,#3685,#3686,#3687,#3688,#3689,#3690,
#3691));
#634=EDGE_LOOP('',(#3692,#3693,#3694,#3695));
#635=EDGE_LOOP('',(#3696,#3697,#3698,#3699));
#636=EDGE_LOOP('',(#3700,#3701,#3702,#3703,#3704,#3705,#3706,#3707,#3708,
#3709));
#637=EDGE_LOOP('',(#3710,#3711,#3712,#3713));
#638=EDGE_LOOP('',(#3714,#3715,#3716,#3717));
#639=EDGE_LOOP('',(#3718,#3719,#3720,#3721));
#640=EDGE_LOOP('',(#3722,#3723,#3724,#3725));
#641=EDGE_LOOP('',(#3726,#3727,#3728,#3729));
#642=EDGE_LOOP('',(#3730,#3731,#3732,#3733));
#643=EDGE_LOOP('',(#3734,#3735,#3736,#3737));
#644=EDGE_LOOP('',(#3738,#3739,#3740,#3741));
#645=EDGE_LOOP('',(#3742,#3743,#3744,#3745,#3746,#3747,#3748,#3749,#3750,
#3751));
#646=EDGE_LOOP('',(#3752,#3753,#3754,#3755));
#647=EDGE_LOOP('',(#3756,#3757,#3758,#3759));
#648=EDGE_LOOP('',(#3760,#3761,#3762,#3763,#3764,#3765,#3766,#3767,#3768,
#3769));
#649=EDGE_LOOP('',(#3770,#3771,#3772,#3773));
#650=EDGE_LOOP('',(#3774,#3775,#3776,#3777));
#651=EDGE_LOOP('',(#3778,#3779,#3780,#3781));
#652=EDGE_LOOP('',(#3782,#3783,#3784,#3785));
#653=EDGE_LOOP('',(#3786,#3787,#3788,#3789));
#654=EDGE_LOOP('',(#3790,#3791,#3792,#3793));
#655=EDGE_LOOP('',(#3794,#3795,#3796,#3797));
#656=EDGE_LOOP('',(#3798,#3799,#3800,#3801));
#657=EDGE_LOOP('',(#3802,#3803,#3804,#3805,#3806,#3807,#3808,#3809,#3810,
#3811));
#658=EDGE_LOOP('',(#3812,#3813,#3814,#3815));
#659=EDGE_LOOP('',(#3816,#3817,#3818,#3819));
#660=EDGE_LOOP('',(#3820,#3821,#3822,#3823,#3824,#3825,#3826,#3827,#3828,
#3829));
#661=EDGE_LOOP('',(#3830,#3831,#3832,#3833));
#662=EDGE_LOOP('',(#3834,#3835,#3836,#3837));
#663=EDGE_LOOP('',(#3838,#3839,#3840,#3841));
#664=EDGE_LOOP('',(#3842,#3843,#3844,#3845));
#665=EDGE_LOOP('',(#3846,#3847,#3848,#3849));
#666=EDGE_LOOP('',(#3850,#3851,#3852,#3853));
#667=EDGE_LOOP('',(#3854,#3855,#3856,#3857));
#668=EDGE_LOOP('',(#3858,#3859,#3860,#3861));
#669=EDGE_LOOP('',(#3862,#3863,#3864,#3865,#3866,#3867,#3868,#3869,#3870,
#3871));
#670=EDGE_LOOP('',(#3872,#3873,#3874,#3875));
#671=EDGE_LOOP('',(#3876,#3877,#3878,#3879));
#672=EDGE_LOOP('',(#3880,#3881,#3882,#3883,#3884,#3885,#3886,#3887,#3888,
#3889));
#673=EDGE_LOOP('',(#3890,#3891,#3892,#3893));
#674=EDGE_LOOP('',(#3894,#3895,#3896,#3897));
#675=EDGE_LOOP('',(#3898,#3899,#3900,#3901));
#676=EDGE_LOOP('',(#3902,#3903,#3904,#3905));
#677=EDGE_LOOP('',(#3906,#3907,#3908,#3909));
#678=EDGE_LOOP('',(#3910,#3911,#3912,#3913));
#679=EDGE_LOOP('',(#3914,#3915,#3916,#3917));
#680=EDGE_LOOP('',(#3918,#3919,#3920,#3921));
#681=EDGE_LOOP('',(#3922,#3923,#3924,#3925,#3926,#3927,#3928,#3929,#3930,
#3931));
#682=EDGE_LOOP('',(#3932,#3933,#3934,#3935));
#683=EDGE_LOOP('',(#3936,#3937,#3938,#3939));
#684=EDGE_LOOP('',(#3940,#3941,#3942,#3943,#3944,#3945,#3946,#3947,#3948,
#3949));
#685=EDGE_LOOP('',(#3950,#3951,#3952,#3953));
#686=EDGE_LOOP('',(#3954,#3955,#3956,#3957));
#687=EDGE_LOOP('',(#3958,#3959,#3960,#3961));
#688=EDGE_LOOP('',(#3962,#3963,#3964,#3965));
#689=EDGE_LOOP('',(#3966,#3967,#3968,#3969));
#690=EDGE_LOOP('',(#3970,#3971,#3972,#3973));
#691=EDGE_LOOP('',(#3974,#3975,#3976,#3977));
#692=EDGE_LOOP('',(#3978,#3979,#3980,#3981));
#693=EDGE_LOOP('',(#3982,#3983,#3984,#3985,#3986,#3987,#3988,#3989,#3990,
#3991));
#694=EDGE_LOOP('',(#3992,#3993,#3994,#3995));
#695=EDGE_LOOP('',(#3996,#3997,#3998,#3999,#4000,#4001,#4002,#4003,#4004,
#4005));
#696=EDGE_LOOP('',(#4006,#4007,#4008,#4009));
#697=EDGE_LOOP('',(#4010,#4011,#4012,#4013));
#698=EDGE_LOOP('',(#4014,#4015,#4016,#4017));
#699=EDGE_LOOP('',(#4018,#4019,#4020,#4021));
#700=EDGE_LOOP('',(#4022,#4023,#4024,#4025));
#701=EDGE_LOOP('',(#4026,#4027,#4028,#4029));
#702=EDGE_LOOP('',(#4030,#4031,#4032,#4033));
#703=EDGE_LOOP('',(#4034,#4035,#4036,#4037));
#704=EDGE_LOOP('',(#4038,#4039,#4040,#4041));
#705=EDGE_LOOP('',(#4042,#4043,#4044,#4045,#4046,#4047,#4048,#4049,#4050,
#4051));
#706=EDGE_LOOP('',(#4052,#4053,#4054,#4055));
#707=EDGE_LOOP('',(#4056,#4057,#4058,#4059,#4060,#4061,#4062,#4063,#4064,
#4065));
#708=EDGE_LOOP('',(#4066,#4067,#4068,#4069));
#709=EDGE_LOOP('',(#4070,#4071,#4072,#4073));
#710=EDGE_LOOP('',(#4074,#4075,#4076,#4077));
#711=EDGE_LOOP('',(#4078,#4079,#4080,#4081));
#712=EDGE_LOOP('',(#4082,#4083,#4084,#4085));
#713=EDGE_LOOP('',(#4086,#4087,#4088,#4089));
#714=EDGE_LOOP('',(#4090,#4091,#4092,#4093));
#715=EDGE_LOOP('',(#4094,#4095,#4096,#4097));
#716=EDGE_LOOP('',(#4098,#4099,#4100,#4101));
#717=EDGE_LOOP('',(#4102,#4103,#4104,#4105,#4106,#4107,#4108,#4109,#4110,
#4111));
#718=EDGE_LOOP('',(#4112,#4113,#4114,#4115));
#719=EDGE_LOOP('',(#4116,#4117,#4118,#4119,#4120,#4121,#4122,#4123,#4124,
#4125));
#720=EDGE_LOOP('',(#4126,#4127,#4128,#4129));
#721=EDGE_LOOP('',(#4130,#4131,#4132,#4133));
#722=EDGE_LOOP('',(#4134,#4135,#4136,#4137));
#723=EDGE_LOOP('',(#4138,#4139,#4140,#4141));
#724=EDGE_LOOP('',(#4142,#4143,#4144,#4145));
#725=EDGE_LOOP('',(#4146,#4147,#4148,#4149));
#726=EDGE_LOOP('',(#4150,#4151,#4152,#4153));
#727=EDGE_LOOP('',(#4154,#4155,#4156,#4157));
#728=EDGE_LOOP('',(#4158,#4159,#4160,#4161));
#729=EDGE_LOOP('',(#4162,#4163,#4164,#4165,#4166,#4167,#4168,#4169,#4170,
#4171));
#730=EDGE_LOOP('',(#4172,#4173,#4174,#4175));
#731=EDGE_LOOP('',(#4176,#4177,#4178,#4179,#4180,#4181,#4182,#4183,#4184,
#4185));
#732=EDGE_LOOP('',(#4186,#4187,#4188,#4189));
#733=EDGE_LOOP('',(#4190,#4191,#4192,#4193));
#734=EDGE_LOOP('',(#4194,#4195,#4196,#4197));
#735=EDGE_LOOP('',(#4198,#4199,#4200,#4201));
#736=EDGE_LOOP('',(#4202,#4203,#4204,#4205));
#737=EDGE_LOOP('',(#4206,#4207,#4208,#4209));
#738=EDGE_LOOP('',(#4210,#4211,#4212,#4213));
#739=EDGE_LOOP('',(#4214,#4215,#4216,#4217));
#740=EDGE_LOOP('',(#4218,#4219,#4220,#4221));
#741=EDGE_LOOP('',(#4222,#4223,#4224,#4225,#4226,#4227,#4228,#4229,#4230,
#4231));
#742=EDGE_LOOP('',(#4232,#4233,#4234,#4235));
#743=EDGE_LOOP('',(#4236,#4237,#4238,#4239,#4240,#4241,#4242,#4243,#4244,
#4245));
#744=EDGE_LOOP('',(#4246,#4247,#4248,#4249));
#745=EDGE_LOOP('',(#4250,#4251,#4252,#4253));
#746=EDGE_LOOP('',(#4254,#4255,#4256,#4257));
#747=EDGE_LOOP('',(#4258,#4259,#4260,#4261));
#748=EDGE_LOOP('',(#4262,#4263,#4264,#4265));
#749=EDGE_LOOP('',(#4266,#4267,#4268,#4269));
#750=EDGE_LOOP('',(#4270,#4271,#4272,#4273));
#751=EDGE_LOOP('',(#4274,#4275,#4276,#4277));
#752=EDGE_LOOP('',(#4278,#4279,#4280,#4281));
#753=EDGE_LOOP('',(#4282,#4283,#4284,#4285,#4286,#4287,#4288,#4289,#4290,
#4291));
#754=EDGE_LOOP('',(#4292,#4293,#4294,#4295));
#755=EDGE_LOOP('',(#4296,#4297,#4298,#4299,#4300,#4301,#4302,#4303,#4304,
#4305));
#756=EDGE_LOOP('',(#4306,#4307,#4308,#4309));
#757=EDGE_LOOP('',(#4310,#4311,#4312,#4313));
#758=EDGE_LOOP('',(#4314,#4315,#4316,#4317));
#759=EDGE_LOOP('',(#4318,#4319,#4320,#4321));
#760=EDGE_LOOP('',(#4322,#4323,#4324,#4325));
#761=EDGE_LOOP('',(#4326,#4327,#4328,#4329));
#762=EDGE_LOOP('',(#4330,#4331,#4332,#4333));
#763=EDGE_LOOP('',(#4334,#4335,#4336,#4337));
#764=EDGE_LOOP('',(#4338,#4339,#4340,#4341));
#765=EDGE_LOOP('',(#4342,#4343,#4344,#4345,#4346,#4347,#4348,#4349,#4350,
#4351));
#766=EDGE_LOOP('',(#4352,#4353,#4354,#4355));
#767=EDGE_LOOP('',(#4356,#4357,#4358,#4359,#4360,#4361,#4362,#4363,#4364,
#4365));
#768=EDGE_LOOP('',(#4366,#4367,#4368,#4369));
#769=EDGE_LOOP('',(#4370,#4371,#4372,#4373));
#770=EDGE_LOOP('',(#4374,#4375,#4376,#4377));
#771=EDGE_LOOP('',(#4378,#4379,#4380,#4381));
#772=EDGE_LOOP('',(#4382,#4383,#4384,#4385));
#773=EDGE_LOOP('',(#4386,#4387,#4388,#4389));
#774=EDGE_LOOP('',(#4390,#4391,#4392,#4393));
#775=EDGE_LOOP('',(#4394,#4395,#4396,#4397));
#776=EDGE_LOOP('',(#4398,#4399,#4400,#4401));
#777=EDGE_LOOP('',(#4402,#4403,#4404,#4405,#4406,#4407,#4408,#4409,#4410,
#4411));
#778=EDGE_LOOP('',(#4412,#4413,#4414,#4415));
#779=EDGE_LOOP('',(#4416,#4417,#4418,#4419,#4420,#4421,#4422,#4423,#4424,
#4425));
#780=EDGE_LOOP('',(#4426,#4427,#4428,#4429));
#781=EDGE_LOOP('',(#4430,#4431,#4432,#4433));
#782=EDGE_LOOP('',(#4434,#4435,#4436,#4437));
#783=EDGE_LOOP('',(#4438,#4439,#4440,#4441));
#784=EDGE_LOOP('',(#4442,#4443,#4444,#4445));
#785=EDGE_LOOP('',(#4446,#4447,#4448,#4449));
#786=EDGE_LOOP('',(#4450,#4451,#4452,#4453));
#787=EDGE_LOOP('',(#4454,#4455,#4456,#4457));
#788=EDGE_LOOP('',(#4458,#4459,#4460,#4461));
#789=EDGE_LOOP('',(#4462,#4463,#4464,#4465,#4466,#4467,#4468,#4469,#4470,
#4471));
#790=LINE('',#6742,#1374);
#791=LINE('',#6744,#1375);
#792=LINE('',#6746,#1376);
#793=LINE('',#6747,#1377);
#794=LINE('',#6750,#1378);
#795=LINE('',#6752,#1379);
#796=LINE('',#6753,#1380);
#797=LINE('',#6756,#1381);
#798=LINE('',#6758,#1382);
#799=LINE('',#6759,#1383);
#800=LINE('',#6761,#1384);
#801=LINE('',#6763,#1385);
#802=LINE('',#6769,#1386);
#803=LINE('',#6773,#1387);
#804=LINE('',#6777,#1388);
#805=LINE('',#6780,#1389);
#806=LINE('',#6783,#1390);
#807=LINE('',#6785,#1391);
#808=LINE('',#6787,#1392);
#809=LINE('',#6788,#1393);
#810=LINE('',#6791,#1394);
#811=LINE('',#6793,#1395);
#812=LINE('',#6794,#1396);
#813=LINE('',#6798,#1397);
#814=LINE('',#6800,#1398);
#815=LINE('',#6802,#1399);
#816=LINE('',#6803,#1400);
#817=LINE('',#6806,#1401);
#818=LINE('',#6808,#1402);
#819=LINE('',#6809,#1403);
#820=LINE('',#6812,#1404);
#821=LINE('',#6814,#1405);
#822=LINE('',#6815,#1406);
#823=LINE('',#6817,#1407);
#824=LINE('',#6819,#1408);
#825=LINE('',#6820,#1409);
#826=LINE('',#6831,#1410);
#827=LINE('',#6833,#1411);
#828=LINE('',#6835,#1412);
#829=LINE('',#6836,#1413);
#830=LINE('',#6838,#1414);
#831=LINE('',#6839,#1415);
#832=LINE('',#6843,#1416);
#833=LINE('',#6845,#1417);
#834=LINE('',#6847,#1418);
#835=LINE('',#6848,#1419);
#836=LINE('',#6851,#1420);
#837=LINE('',#6853,#1421);
#838=LINE('',#6854,#1422);
#839=LINE('',#6857,#1423);
#840=LINE('',#6859,#1424);
#841=LINE('',#6860,#1425);
#842=LINE('',#6862,#1426);
#843=LINE('',#6864,#1427);
#844=LINE('',#6868,#1428);
#845=LINE('',#6870,#1429);
#846=LINE('',#6872,#1430);
#847=LINE('',#6873,#1431);
#848=LINE('',#6876,#1432);
#849=LINE('',#6878,#1433);
#850=LINE('',#6879,#1434);
#851=LINE('',#6882,#1435);
#852=LINE('',#6884,#1436);
#853=LINE('',#6885,#1437);
#854=LINE('',#6887,#1438);
#855=LINE('',#6889,#1439);
#856=LINE('',#6893,#1440);
#857=LINE('',#6895,#1441);
#858=LINE('',#6897,#1442);
#859=LINE('',#6898,#1443);
#860=LINE('',#6901,#1444);
#861=LINE('',#6903,#1445);
#862=LINE('',#6904,#1446);
#863=LINE('',#6907,#1447);
#864=LINE('',#6909,#1448);
#865=LINE('',#6910,#1449);
#866=LINE('',#6912,#1450);
#867=LINE('',#6914,#1451);
#868=LINE('',#6918,#1452);
#869=LINE('',#6923,#1453);
#870=LINE('',#6928,#1454);
#871=LINE('',#6933,#1455);
#872=LINE('',#6938,#1456);
#873=LINE('',#6939,#1457);
#874=LINE('',#6940,#1458);
#875=LINE('',#6943,#1459);
#876=LINE('',#6944,#1460);
#877=LINE('',#6947,#1461);
#878=LINE('',#6948,#1462);
#879=LINE('',#6950,#1463);
#880=LINE('',#6955,#1464);
#881=LINE('',#6957,#1465);
#882=LINE('',#6962,#1466);
#883=LINE('',#6964,#1467);
#884=LINE('',#6966,#1468);
#885=LINE('',#6970,#1469);
#886=LINE('',#6974,#1470);
#887=LINE('',#6978,#1471);
#888=LINE('',#6982,#1472);
#889=LINE('',#6983,#1473);
#890=LINE('',#6988,#1474);
#891=LINE('',#6991,#1475);
#892=LINE('',#6997,#1476);
#893=LINE('',#7001,#1477);
#894=LINE('',#7005,#1478);
#895=LINE('',#7008,#1479);
#896=LINE('',#7013,#1480);
#897=LINE('',#7017,#1481);
#898=LINE('',#7019,#1482);
#899=LINE('',#7021,#1483);
#900=LINE('',#7023,#1484);
#901=LINE('',#7025,#1485);
#902=LINE('',#7029,#1486);
#903=LINE('',#7032,#1487);
#904=LINE('',#7034,#1488);
#905=LINE('',#7035,#1489);
#906=LINE('',#7037,#1490);
#907=LINE('',#7039,#1491);
#908=LINE('',#7041,#1492);
#909=LINE('',#7043,#1493);
#910=LINE('',#7045,#1494);
#911=LINE('',#7047,#1495);
#912=LINE('',#7051,#1496);
#913=LINE('',#7054,#1497);
#914=LINE('',#7057,#1498);
#915=LINE('',#7058,#1499);
#916=LINE('',#7061,#1500);
#917=LINE('',#7064,#1501);
#918=LINE('',#7072,#1502);
#919=LINE('',#7074,#1503);
#920=LINE('',#7075,#1504);
#921=LINE('',#7078,#1505);
#922=LINE('',#7082,#1506);
#923=LINE('',#7083,#1507);
#924=LINE('',#7086,#1508);
#925=LINE('',#7090,#1509);
#926=LINE('',#7091,#1510);
#927=LINE('',#7094,#1511);
#928=LINE('',#7098,#1512);
#929=LINE('',#7099,#1513);
#930=LINE('',#7102,#1514);
#931=LINE('',#7106,#1515);
#932=LINE('',#7107,#1516);
#933=LINE('',#7110,#1517);
#934=LINE('',#7112,#1518);
#935=LINE('',#7113,#1519);
#936=LINE('',#7116,#1520);
#937=LINE('',#7117,#1521);
#938=LINE('',#7120,#1522);
#939=LINE('',#7122,#1523);
#940=LINE('',#7123,#1524);
#941=LINE('',#7126,#1525);
#942=LINE('',#7127,#1526);
#943=LINE('',#7129,#1527);
#944=LINE('',#7131,#1528);
#945=LINE('',#7134,#1529);
#946=LINE('',#7138,#1530);
#947=LINE('',#7142,#1531);
#948=LINE('',#7146,#1532);
#949=LINE('',#7149,#1533);
#950=LINE('',#7151,#1534);
#951=LINE('',#7153,#1535);
#952=LINE('',#7155,#1536);
#953=LINE('',#7156,#1537);
#954=LINE('',#7158,#1538);
#955=LINE('',#7161,#1539);
#956=LINE('',#7162,#1540);
#957=LINE('',#7164,#1541);
#958=LINE('',#7172,#1542);
#959=LINE('',#7175,#1543);
#960=LINE('',#7178,#1544);
#961=LINE('',#7180,#1545);
#962=LINE('',#7181,#1546);
#963=LINE('',#7184,#1547);
#964=LINE('',#7186,#1548);
#965=LINE('',#7188,#1549);
#966=LINE('',#7190,#1550);
#967=LINE('',#7192,#1551);
#968=LINE('',#7194,#1552);
#969=LINE('',#7196,#1553);
#970=LINE('',#7200,#1554);
#971=LINE('',#7204,#1555);
#972=LINE('',#7205,#1556);
#973=LINE('',#7208,#1557);
#974=LINE('',#7210,#1558);
#975=LINE('',#7211,#1559);
#976=LINE('',#7214,#1560);
#977=LINE('',#7216,#1561);
#978=LINE('',#7217,#1562);
#979=LINE('',#7219,#1563);
#980=LINE('',#7221,#1564);
#981=LINE('',#7224,#1565);
#982=LINE('',#7225,#1566);
#983=LINE('',#7227,#1567);
#984=LINE('',#7234,#1568);
#985=LINE('',#7237,#1569);
#986=LINE('',#7240,#1570);
#987=LINE('',#7242,#1571);
#988=LINE('',#7243,#1572);
#989=LINE('',#7246,#1573);
#990=LINE('',#7248,#1574);
#991=LINE('',#7250,#1575);
#992=LINE('',#7252,#1576);
#993=LINE('',#7254,#1577);
#994=LINE('',#7256,#1578);
#995=LINE('',#7258,#1579);
#996=LINE('',#7262,#1580);
#997=LINE('',#7266,#1581);
#998=LINE('',#7267,#1582);
#999=LINE('',#7270,#1583);
#1000=LINE('',#7272,#1584);
#1001=LINE('',#7273,#1585);
#1002=LINE('',#7276,#1586);
#1003=LINE('',#7278,#1587);
#1004=LINE('',#7279,#1588);
#1005=LINE('',#7281,#1589);
#1006=LINE('',#7283,#1590);
#1007=LINE('',#7286,#1591);
#1008=LINE('',#7287,#1592);
#1009=LINE('',#7289,#1593);
#1010=LINE('',#7296,#1594);
#1011=LINE('',#7299,#1595);
#1012=LINE('',#7302,#1596);
#1013=LINE('',#7304,#1597);
#1014=LINE('',#7305,#1598);
#1015=LINE('',#7308,#1599);
#1016=LINE('',#7310,#1600);
#1017=LINE('',#7312,#1601);
#1018=LINE('',#7314,#1602);
#1019=LINE('',#7316,#1603);
#1020=LINE('',#7318,#1604);
#1021=LINE('',#7320,#1605);
#1022=LINE('',#7324,#1606);
#1023=LINE('',#7328,#1607);
#1024=LINE('',#7329,#1608);
#1025=LINE('',#7332,#1609);
#1026=LINE('',#7334,#1610);
#1027=LINE('',#7335,#1611);
#1028=LINE('',#7338,#1612);
#1029=LINE('',#7340,#1613);
#1030=LINE('',#7341,#1614);
#1031=LINE('',#7343,#1615);
#1032=LINE('',#7345,#1616);
#1033=LINE('',#7348,#1617);
#1034=LINE('',#7349,#1618);
#1035=LINE('',#7351,#1619);
#1036=LINE('',#7358,#1620);
#1037=LINE('',#7361,#1621);
#1038=LINE('',#7364,#1622);
#1039=LINE('',#7366,#1623);
#1040=LINE('',#7367,#1624);
#1041=LINE('',#7370,#1625);
#1042=LINE('',#7372,#1626);
#1043=LINE('',#7374,#1627);
#1044=LINE('',#7376,#1628);
#1045=LINE('',#7378,#1629);
#1046=LINE('',#7380,#1630);
#1047=LINE('',#7382,#1631);
#1048=LINE('',#7386,#1632);
#1049=LINE('',#7390,#1633);
#1050=LINE('',#7391,#1634);
#1051=LINE('',#7394,#1635);
#1052=LINE('',#7396,#1636);
#1053=LINE('',#7397,#1637);
#1054=LINE('',#7400,#1638);
#1055=LINE('',#7402,#1639);
#1056=LINE('',#7403,#1640);
#1057=LINE('',#7405,#1641);
#1058=LINE('',#7407,#1642);
#1059=LINE('',#7410,#1643);
#1060=LINE('',#7411,#1644);
#1061=LINE('',#7413,#1645);
#1062=LINE('',#7420,#1646);
#1063=LINE('',#7423,#1647);
#1064=LINE('',#7426,#1648);
#1065=LINE('',#7428,#1649);
#1066=LINE('',#7429,#1650);
#1067=LINE('',#7432,#1651);
#1068=LINE('',#7434,#1652);
#1069=LINE('',#7436,#1653);
#1070=LINE('',#7438,#1654);
#1071=LINE('',#7440,#1655);
#1072=LINE('',#7442,#1656);
#1073=LINE('',#7444,#1657);
#1074=LINE('',#7448,#1658);
#1075=LINE('',#7452,#1659);
#1076=LINE('',#7453,#1660);
#1077=LINE('',#7456,#1661);
#1078=LINE('',#7458,#1662);
#1079=LINE('',#7459,#1663);
#1080=LINE('',#7462,#1664);
#1081=LINE('',#7464,#1665);
#1082=LINE('',#7465,#1666);
#1083=LINE('',#7467,#1667);
#1084=LINE('',#7469,#1668);
#1085=LINE('',#7472,#1669);
#1086=LINE('',#7473,#1670);
#1087=LINE('',#7475,#1671);
#1088=LINE('',#7482,#1672);
#1089=LINE('',#7485,#1673);
#1090=LINE('',#7488,#1674);
#1091=LINE('',#7490,#1675);
#1092=LINE('',#7491,#1676);
#1093=LINE('',#7494,#1677);
#1094=LINE('',#7496,#1678);
#1095=LINE('',#7498,#1679);
#1096=LINE('',#7500,#1680);
#1097=LINE('',#7502,#1681);
#1098=LINE('',#7504,#1682);
#1099=LINE('',#7506,#1683);
#1100=LINE('',#7510,#1684);
#1101=LINE('',#7514,#1685);
#1102=LINE('',#7515,#1686);
#1103=LINE('',#7518,#1687);
#1104=LINE('',#7520,#1688);
#1105=LINE('',#7521,#1689);
#1106=LINE('',#7524,#1690);
#1107=LINE('',#7526,#1691);
#1108=LINE('',#7527,#1692);
#1109=LINE('',#7529,#1693);
#1110=LINE('',#7531,#1694);
#1111=LINE('',#7534,#1695);
#1112=LINE('',#7535,#1696);
#1113=LINE('',#7537,#1697);
#1114=LINE('',#7544,#1698);
#1115=LINE('',#7547,#1699);
#1116=LINE('',#7550,#1700);
#1117=LINE('',#7552,#1701);
#1118=LINE('',#7553,#1702);
#1119=LINE('',#7556,#1703);
#1120=LINE('',#7558,#1704);
#1121=LINE('',#7560,#1705);
#1122=LINE('',#7562,#1706);
#1123=LINE('',#7564,#1707);
#1124=LINE('',#7566,#1708);
#1125=LINE('',#7568,#1709);
#1126=LINE('',#7572,#1710);
#1127=LINE('',#7576,#1711);
#1128=LINE('',#7577,#1712);
#1129=LINE('',#7580,#1713);
#1130=LINE('',#7582,#1714);
#1131=LINE('',#7583,#1715);
#1132=LINE('',#7586,#1716);
#1133=LINE('',#7588,#1717);
#1134=LINE('',#7589,#1718);
#1135=LINE('',#7591,#1719);
#1136=LINE('',#7593,#1720);
#1137=LINE('',#7596,#1721);
#1138=LINE('',#7597,#1722);
#1139=LINE('',#7599,#1723);
#1140=LINE('',#7606,#1724);
#1141=LINE('',#7609,#1725);
#1142=LINE('',#7612,#1726);
#1143=LINE('',#7614,#1727);
#1144=LINE('',#7615,#1728);
#1145=LINE('',#7618,#1729);
#1146=LINE('',#7620,#1730);
#1147=LINE('',#7622,#1731);
#1148=LINE('',#7624,#1732);
#1149=LINE('',#7626,#1733);
#1150=LINE('',#7628,#1734);
#1151=LINE('',#7630,#1735);
#1152=LINE('',#7634,#1736);
#1153=LINE('',#7638,#1737);
#1154=LINE('',#7639,#1738);
#1155=LINE('',#7642,#1739);
#1156=LINE('',#7644,#1740);
#1157=LINE('',#7645,#1741);
#1158=LINE('',#7648,#1742);
#1159=LINE('',#7650,#1743);
#1160=LINE('',#7651,#1744);
#1161=LINE('',#7653,#1745);
#1162=LINE('',#7655,#1746);
#1163=LINE('',#7658,#1747);
#1164=LINE('',#7659,#1748);
#1165=LINE('',#7661,#1749);
#1166=LINE('',#7668,#1750);
#1167=LINE('',#7671,#1751);
#1168=LINE('',#7674,#1752);
#1169=LINE('',#7678,#1753);
#1170=LINE('',#7680,#1754);
#1171=LINE('',#7682,#1755);
#1172=LINE('',#7684,#1756);
#1173=LINE('',#7686,#1757);
#1174=LINE('',#7688,#1758);
#1175=LINE('',#7689,#1759);
#1176=LINE('',#7692,#1760);
#1177=LINE('',#7693,#1761);
#1178=LINE('',#7697,#1762);
#1179=LINE('',#7700,#1763);
#1180=LINE('',#7702,#1764);
#1181=LINE('',#7703,#1765);
#1182=LINE('',#7706,#1766);
#1183=LINE('',#7708,#1767);
#1184=LINE('',#7709,#1768);
#1185=LINE('',#7711,#1769);
#1186=LINE('',#7714,#1770);
#1187=LINE('',#7715,#1771);
#1188=LINE('',#7718,#1772);
#1189=LINE('',#7719,#1773);
#1190=LINE('',#7721,#1774);
#1191=LINE('',#7723,#1775);
#1192=LINE('',#7730,#1776);
#1193=LINE('',#7733,#1777);
#1194=LINE('',#7736,#1778);
#1195=LINE('',#7740,#1779);
#1196=LINE('',#7742,#1780);
#1197=LINE('',#7744,#1781);
#1198=LINE('',#7746,#1782);
#1199=LINE('',#7748,#1783);
#1200=LINE('',#7750,#1784);
#1201=LINE('',#7751,#1785);
#1202=LINE('',#7754,#1786);
#1203=LINE('',#7755,#1787);
#1204=LINE('',#7759,#1788);
#1205=LINE('',#7762,#1789);
#1206=LINE('',#7764,#1790);
#1207=LINE('',#7765,#1791);
#1208=LINE('',#7768,#1792);
#1209=LINE('',#7770,#1793);
#1210=LINE('',#7771,#1794);
#1211=LINE('',#7773,#1795);
#1212=LINE('',#7776,#1796);
#1213=LINE('',#7777,#1797);
#1214=LINE('',#7780,#1798);
#1215=LINE('',#7781,#1799);
#1216=LINE('',#7783,#1800);
#1217=LINE('',#7785,#1801);
#1218=LINE('',#7792,#1802);
#1219=LINE('',#7795,#1803);
#1220=LINE('',#7798,#1804);
#1221=LINE('',#7802,#1805);
#1222=LINE('',#7804,#1806);
#1223=LINE('',#7806,#1807);
#1224=LINE('',#7808,#1808);
#1225=LINE('',#7810,#1809);
#1226=LINE('',#7812,#1810);
#1227=LINE('',#7813,#1811);
#1228=LINE('',#7816,#1812);
#1229=LINE('',#7817,#1813);
#1230=LINE('',#7821,#1814);
#1231=LINE('',#7824,#1815);
#1232=LINE('',#7826,#1816);
#1233=LINE('',#7827,#1817);
#1234=LINE('',#7830,#1818);
#1235=LINE('',#7832,#1819);
#1236=LINE('',#7833,#1820);
#1237=LINE('',#7835,#1821);
#1238=LINE('',#7838,#1822);
#1239=LINE('',#7839,#1823);
#1240=LINE('',#7842,#1824);
#1241=LINE('',#7843,#1825);
#1242=LINE('',#7845,#1826);
#1243=LINE('',#7847,#1827);
#1244=LINE('',#7854,#1828);
#1245=LINE('',#7857,#1829);
#1246=LINE('',#7860,#1830);
#1247=LINE('',#7864,#1831);
#1248=LINE('',#7866,#1832);
#1249=LINE('',#7868,#1833);
#1250=LINE('',#7870,#1834);
#1251=LINE('',#7872,#1835);
#1252=LINE('',#7874,#1836);
#1253=LINE('',#7875,#1837);
#1254=LINE('',#7878,#1838);
#1255=LINE('',#7879,#1839);
#1256=LINE('',#7883,#1840);
#1257=LINE('',#7886,#1841);
#1258=LINE('',#7888,#1842);
#1259=LINE('',#7889,#1843);
#1260=LINE('',#7892,#1844);
#1261=LINE('',#7894,#1845);
#1262=LINE('',#7895,#1846);
#1263=LINE('',#7897,#1847);
#1264=LINE('',#7900,#1848);
#1265=LINE('',#7901,#1849);
#1266=LINE('',#7904,#1850);
#1267=LINE('',#7905,#1851);
#1268=LINE('',#7907,#1852);
#1269=LINE('',#7909,#1853);
#1270=LINE('',#7916,#1854);
#1271=LINE('',#7919,#1855);
#1272=LINE('',#7922,#1856);
#1273=LINE('',#7926,#1857);
#1274=LINE('',#7928,#1858);
#1275=LINE('',#7930,#1859);
#1276=LINE('',#7932,#1860);
#1277=LINE('',#7934,#1861);
#1278=LINE('',#7936,#1862);
#1279=LINE('',#7937,#1863);
#1280=LINE('',#7940,#1864);
#1281=LINE('',#7941,#1865);
#1282=LINE('',#7945,#1866);
#1283=LINE('',#7948,#1867);
#1284=LINE('',#7950,#1868);
#1285=LINE('',#7951,#1869);
#1286=LINE('',#7954,#1870);
#1287=LINE('',#7956,#1871);
#1288=LINE('',#7957,#1872);
#1289=LINE('',#7959,#1873);
#1290=LINE('',#7962,#1874);
#1291=LINE('',#7963,#1875);
#1292=LINE('',#7966,#1876);
#1293=LINE('',#7967,#1877);
#1294=LINE('',#7969,#1878);
#1295=LINE('',#7971,#1879);
#1296=LINE('',#7978,#1880);
#1297=LINE('',#7981,#1881);
#1298=LINE('',#7984,#1882);
#1299=LINE('',#7988,#1883);
#1300=LINE('',#7990,#1884);
#1301=LINE('',#7992,#1885);
#1302=LINE('',#7994,#1886);
#1303=LINE('',#7996,#1887);
#1304=LINE('',#7998,#1888);
#1305=LINE('',#7999,#1889);
#1306=LINE('',#8002,#1890);
#1307=LINE('',#8003,#1891);
#1308=LINE('',#8007,#1892);
#1309=LINE('',#8010,#1893);
#1310=LINE('',#8012,#1894);
#1311=LINE('',#8013,#1895);
#1312=LINE('',#8016,#1896);
#1313=LINE('',#8018,#1897);
#1314=LINE('',#8019,#1898);
#1315=LINE('',#8021,#1899);
#1316=LINE('',#8024,#1900);
#1317=LINE('',#8025,#1901);
#1318=LINE('',#8028,#1902);
#1319=LINE('',#8029,#1903);
#1320=LINE('',#8031,#1904);
#1321=LINE('',#8033,#1905);
#1322=LINE('',#8040,#1906);
#1323=LINE('',#8043,#1907);
#1324=LINE('',#8046,#1908);
#1325=LINE('',#8050,#1909);
#1326=LINE('',#8052,#1910);
#1327=LINE('',#8054,#1911);
#1328=LINE('',#8056,#1912);
#1329=LINE('',#8058,#1913);
#1330=LINE('',#8060,#1914);
#1331=LINE('',#8061,#1915);
#1332=LINE('',#8064,#1916);
#1333=LINE('',#8065,#1917);
#1334=LINE('',#8069,#1918);
#1335=LINE('',#8072,#1919);
#1336=LINE('',#8074,#1920);
#1337=LINE('',#8075,#1921);
#1338=LINE('',#8078,#1922);
#1339=LINE('',#8080,#1923);
#1340=LINE('',#8081,#1924);
#1341=LINE('',#8083,#1925);
#1342=LINE('',#8086,#1926);
#1343=LINE('',#8087,#1927);
#1344=LINE('',#8090,#1928);
#1345=LINE('',#8091,#1929);
#1346=LINE('',#8093,#1930);
#1347=LINE('',#8095,#1931);
#1348=LINE('',#8102,#1932);
#1349=LINE('',#8105,#1933);
#1350=LINE('',#8108,#1934);
#1351=LINE('',#8112,#1935);
#1352=LINE('',#8114,#1936);
#1353=LINE('',#8116,#1937);
#1354=LINE('',#8118,#1938);
#1355=LINE('',#8120,#1939);
#1356=LINE('',#8122,#1940);
#1357=LINE('',#8123,#1941);
#1358=LINE('',#8126,#1942);
#1359=LINE('',#8127,#1943);
#1360=LINE('',#8131,#1944);
#1361=LINE('',#8134,#1945);
#1362=LINE('',#8136,#1946);
#1363=LINE('',#8137,#1947);
#1364=LINE('',#8140,#1948);
#1365=LINE('',#8142,#1949);
#1366=LINE('',#8143,#1950);
#1367=LINE('',#8145,#1951);
#1368=LINE('',#8148,#1952);
#1369=LINE('',#8149,#1953);
#1370=LINE('',#8152,#1954);
#1371=LINE('',#8153,#1955);
#1372=LINE('',#8155,#1956);
#1373=LINE('',#8157,#1957);
#1374=VECTOR('',#5393,10.);
#1375=VECTOR('',#5394,10.);
#1376=VECTOR('',#5395,10.);
#1377=VECTOR('',#5396,10.);
#1378=VECTOR('',#5399,10.);
#1379=VECTOR('',#5400,10.);
#1380=VECTOR('',#5401,10.);
#1381=VECTOR('',#5404,10.);
#1382=VECTOR('',#5405,10.);
#1383=VECTOR('',#5406,10.);
#1384=VECTOR('',#5409,10.);
#1385=VECTOR('',#5412,10.);
#1386=VECTOR('',#5417,10.);
#1387=VECTOR('',#5420,10.);
#1388=VECTOR('',#5423,10.);
#1389=VECTOR('',#5426,10.);
#1390=VECTOR('',#5427,10.);
#1391=VECTOR('',#5428,10.);
#1392=VECTOR('',#5429,10.);
#1393=VECTOR('',#5430,10.);
#1394=VECTOR('',#5433,10.);
#1395=VECTOR('',#5434,10.);
#1396=VECTOR('',#5435,10.);
#1397=VECTOR('',#5438,10.);
#1398=VECTOR('',#5439,10.);
#1399=VECTOR('',#5440,10.);
#1400=VECTOR('',#5441,10.);
#1401=VECTOR('',#5444,10.);
#1402=VECTOR('',#5445,10.);
#1403=VECTOR('',#5446,10.);
#1404=VECTOR('',#5449,10.);
#1405=VECTOR('',#5450,10.);
#1406=VECTOR('',#5451,10.);
#1407=VECTOR('',#5452,10.);
#1408=VECTOR('',#5453,10.);
#1409=VECTOR('',#5454,10.);
#1410=VECTOR('',#5463,10.);
#1411=VECTOR('',#5464,10.);
#1412=VECTOR('',#5465,10.);
#1413=VECTOR('',#5466,10.);
#1414=VECTOR('',#5469,10.);
#1415=VECTOR('',#5470,10.);
#1416=VECTOR('',#5473,10.);
#1417=VECTOR('',#5474,10.);
#1418=VECTOR('',#5475,10.);
#1419=VECTOR('',#5476,10.);
#1420=VECTOR('',#5479,10.);
#1421=VECTOR('',#5480,10.);
#1422=VECTOR('',#5481,10.);
#1423=VECTOR('',#5484,10.);
#1424=VECTOR('',#5485,10.);
#1425=VECTOR('',#5486,10.);
#1426=VECTOR('',#5489,10.);
#1427=VECTOR('',#5492,10.);
#1428=VECTOR('',#5495,10.);
#1429=VECTOR('',#5496,10.);
#1430=VECTOR('',#5497,10.);
#1431=VECTOR('',#5498,10.);
#1432=VECTOR('',#5501,10.);
#1433=VECTOR('',#5502,10.);
#1434=VECTOR('',#5503,10.);
#1435=VECTOR('',#5506,10.);
#1436=VECTOR('',#5507,10.);
#1437=VECTOR('',#5508,10.);
#1438=VECTOR('',#5511,10.);
#1439=VECTOR('',#5514,10.);
#1440=VECTOR('',#5517,10.);
#1441=VECTOR('',#5518,10.);
#1442=VECTOR('',#5519,10.);
#1443=VECTOR('',#5520,10.);
#1444=VECTOR('',#5523,10.);
#1445=VECTOR('',#5524,10.);
#1446=VECTOR('',#5525,10.);
#1447=VECTOR('',#5528,10.);
#1448=VECTOR('',#5529,10.);
#1449=VECTOR('',#5530,10.);
#1450=VECTOR('',#5533,10.);
#1451=VECTOR('',#5536,10.);
#1452=VECTOR('',#5541,1.);
#1453=VECTOR('',#5548,1.);
#1454=VECTOR('',#5555,1.);
#1455=VECTOR('',#5562,1.);
#1456=VECTOR('',#5567,10.);
#1457=VECTOR('',#5568,10.);
#1458=VECTOR('',#5569,10.);
#1459=VECTOR('',#5572,10.);
#1460=VECTOR('',#5573,10.);
#1461=VECTOR('',#5576,10.);
#1462=VECTOR('',#5577,10.);
#1463=VECTOR('',#5580,10.);
#1464=VECTOR('',#5589,10.);
#1465=VECTOR('',#5592,10.);
#1466=VECTOR('',#5597,10.);
#1467=VECTOR('',#5598,10.);
#1468=VECTOR('',#5599,10.);
#1469=VECTOR('',#5602,10.);
#1470=VECTOR('',#5605,10.);
#1471=VECTOR('',#5608,10.);
#1472=VECTOR('',#5611,10.);
#1473=VECTOR('',#5612,10.);
#1474=VECTOR('',#5615,10.);
#1475=VECTOR('',#5618,10.);
#1476=VECTOR('',#5623,10.);
#1477=VECTOR('',#5626,10.);
#1478=VECTOR('',#5629,10.);
#1479=VECTOR('',#5632,10.);
#1480=VECTOR('',#5635,10.);
#1481=VECTOR('',#5638,10.);
#1482=VECTOR('',#5639,10.);
#1483=VECTOR('',#5640,10.);
#1484=VECTOR('',#5641,10.);
#1485=VECTOR('',#5642,10.);
#1486=VECTOR('',#5645,10.);
#1487=VECTOR('',#5648,10.);
#1488=VECTOR('',#5651,10.);
#1489=VECTOR('',#5652,10.);
#1490=VECTOR('',#5655,10.);
#1491=VECTOR('',#5658,10.);
#1492=VECTOR('',#5661,10.);
#1493=VECTOR('',#5664,10.);
#1494=VECTOR('',#5667,10.);
#1495=VECTOR('',#5670,10.);
#1496=VECTOR('',#5675,1000.);
#1497=VECTOR('',#5678,1000.);
#1498=VECTOR('',#5681,1000.);
#1499=VECTOR('',#5682,1000.);
#1500=VECTOR('',#5685,1000.);
#1501=VECTOR('',#5690,1000.);
#1502=VECTOR('',#5703,10.);
#1503=VECTOR('',#5704,10.);
#1504=VECTOR('',#5705,10.);
#1505=VECTOR('',#5708,10.);
#1506=VECTOR('',#5713,10.);
#1507=VECTOR('',#5714,10.);
#1508=VECTOR('',#5717,10.);
#1509=VECTOR('',#5722,10.);
#1510=VECTOR('',#5723,10.);
#1511=VECTOR('',#5726,10.);
#1512=VECTOR('',#5731,10.);
#1513=VECTOR('',#5732,10.);
#1514=VECTOR('',#5735,10.);
#1515=VECTOR('',#5740,10.);
#1516=VECTOR('',#5741,10.);
#1517=VECTOR('',#5744,10.);
#1518=VECTOR('',#5745,10.);
#1519=VECTOR('',#5746,10.);
#1520=VECTOR('',#5749,10.);
#1521=VECTOR('',#5750,10.);
#1522=VECTOR('',#5753,10.);
#1523=VECTOR('',#5754,10.);
#1524=VECTOR('',#5755,10.);
#1525=VECTOR('',#5758,10.);
#1526=VECTOR('',#5759,10.);
#1527=VECTOR('',#5762,10.);
#1528=VECTOR('',#5765,10.);
#1529=VECTOR('',#5768,1000.);
#1530=VECTOR('',#5771,1000.);
#1531=VECTOR('',#5774,1000.);
#1532=VECTOR('',#5777,1000.);
#1533=VECTOR('',#5780,1000.);
#1534=VECTOR('',#5783,1000.);
#1535=VECTOR('',#5786,1000.);
#1536=VECTOR('',#5789,1000.);
#1537=VECTOR('',#5790,1000.);
#1538=VECTOR('',#5793,1000.);
#1539=VECTOR('',#5798,1000.);
#1540=VECTOR('',#5799,1000.);
#1541=VECTOR('',#5802,1000.);
#1542=VECTOR('',#5811,10.);
#1543=VECTOR('',#5814,10.);
#1544=VECTOR('',#5817,10.);
#1545=VECTOR('',#5818,10.);
#1546=VECTOR('',#5819,10.);
#1547=VECTOR('',#5822,10.);
#1548=VECTOR('',#5823,10.);
#1549=VECTOR('',#5824,10.);
#1550=VECTOR('',#5825,10.);
#1551=VECTOR('',#5826,10.);
#1552=VECTOR('',#5827,10.);
#1553=VECTOR('',#5828,10.);
#1554=VECTOR('',#5833,10.);
#1555=VECTOR('',#5838,10.);
#1556=VECTOR('',#5839,10.);
#1557=VECTOR('',#5842,10.);
#1558=VECTOR('',#5843,10.);
#1559=VECTOR('',#5844,10.);
#1560=VECTOR('',#5847,10.);
#1561=VECTOR('',#5848,10.);
#1562=VECTOR('',#5849,10.);
#1563=VECTOR('',#5852,10.);
#1564=VECTOR('',#5855,10.);
#1565=VECTOR('',#5858,10.);
#1566=VECTOR('',#5859,10.);
#1567=VECTOR('',#5862,10.);
#1568=VECTOR('',#5869,10.);
#1569=VECTOR('',#5872,10.);
#1570=VECTOR('',#5875,10.);
#1571=VECTOR('',#5876,10.);
#1572=VECTOR('',#5877,10.);
#1573=VECTOR('',#5880,10.);
#1574=VECTOR('',#5881,10.);
#1575=VECTOR('',#5882,10.);
#1576=VECTOR('',#5883,10.);
#1577=VECTOR('',#5884,10.);
#1578=VECTOR('',#5885,10.);
#1579=VECTOR('',#5886,10.);
#1580=VECTOR('',#5891,10.);
#1581=VECTOR('',#5896,10.);
#1582=VECTOR('',#5897,10.);
#1583=VECTOR('',#5900,10.);
#1584=VECTOR('',#5901,10.);
#1585=VECTOR('',#5902,10.);
#1586=VECTOR('',#5905,10.);
#1587=VECTOR('',#5906,10.);
#1588=VECTOR('',#5907,10.);
#1589=VECTOR('',#5910,10.);
#1590=VECTOR('',#5913,10.);
#1591=VECTOR('',#5916,10.);
#1592=VECTOR('',#5917,10.);
#1593=VECTOR('',#5920,10.);
#1594=VECTOR('',#5927,10.);
#1595=VECTOR('',#5930,10.);
#1596=VECTOR('',#5933,10.);
#1597=VECTOR('',#5934,10.);
#1598=VECTOR('',#5935,10.);
#1599=VECTOR('',#5938,10.);
#1600=VECTOR('',#5939,10.);
#1601=VECTOR('',#5940,10.);
#1602=VECTOR('',#5941,10.);
#1603=VECTOR('',#5942,10.);
#1604=VECTOR('',#5943,10.);
#1605=VECTOR('',#5944,10.);
#1606=VECTOR('',#5949,10.);
#1607=VECTOR('',#5954,10.);
#1608=VECTOR('',#5955,10.);
#1609=VECTOR('',#5958,10.);
#1610=VECTOR('',#5959,10.);
#1611=VECTOR('',#5960,10.);
#1612=VECTOR('',#5963,10.);
#1613=VECTOR('',#5964,10.);
#1614=VECTOR('',#5965,10.);
#1615=VECTOR('',#5968,10.);
#1616=VECTOR('',#5971,10.);
#1617=VECTOR('',#5974,10.);
#1618=VECTOR('',#5975,10.);
#1619=VECTOR('',#5978,10.);
#1620=VECTOR('',#5985,10.);
#1621=VECTOR('',#5988,10.);
#1622=VECTOR('',#5991,10.);
#1623=VECTOR('',#5992,10.);
#1624=VECTOR('',#5993,10.);
#1625=VECTOR('',#5996,10.);
#1626=VECTOR('',#5997,10.);
#1627=VECTOR('',#5998,10.);
#1628=VECTOR('',#5999,10.);
#1629=VECTOR('',#6000,10.);
#1630=VECTOR('',#6001,10.);
#1631=VECTOR('',#6002,10.);
#1632=VECTOR('',#6007,10.);
#1633=VECTOR('',#6012,10.);
#1634=VECTOR('',#6013,10.);
#1635=VECTOR('',#6016,10.);
#1636=VECTOR('',#6017,10.);
#1637=VECTOR('',#6018,10.);
#1638=VECTOR('',#6021,10.);
#1639=VECTOR('',#6022,10.);
#1640=VECTOR('',#6023,10.);
#1641=VECTOR('',#6026,10.);
#1642=VECTOR('',#6029,10.);
#1643=VECTOR('',#6032,10.);
#1644=VECTOR('',#6033,10.);
#1645=VECTOR('',#6036,10.);
#1646=VECTOR('',#6043,10.);
#1647=VECTOR('',#6046,10.);
#1648=VECTOR('',#6049,10.);
#1649=VECTOR('',#6050,10.);
#1650=VECTOR('',#6051,10.);
#1651=VECTOR('',#6054,10.);
#1652=VECTOR('',#6055,10.);
#1653=VECTOR('',#6056,10.);
#1654=VECTOR('',#6057,10.);
#1655=VECTOR('',#6058,10.);
#1656=VECTOR('',#6059,10.);
#1657=VECTOR('',#6060,10.);
#1658=VECTOR('',#6065,10.);
#1659=VECTOR('',#6070,10.);
#1660=VECTOR('',#6071,10.);
#1661=VECTOR('',#6074,10.);
#1662=VECTOR('',#6075,10.);
#1663=VECTOR('',#6076,10.);
#1664=VECTOR('',#6079,10.);
#1665=VECTOR('',#6080,10.);
#1666=VECTOR('',#6081,10.);
#1667=VECTOR('',#6084,10.);
#1668=VECTOR('',#6087,10.);
#1669=VECTOR('',#6090,10.);
#1670=VECTOR('',#6091,10.);
#1671=VECTOR('',#6094,10.);
#1672=VECTOR('',#6101,10.);
#1673=VECTOR('',#6104,10.);
#1674=VECTOR('',#6107,10.);
#1675=VECTOR('',#6108,10.);
#1676=VECTOR('',#6109,10.);
#1677=VECTOR('',#6112,10.);
#1678=VECTOR('',#6113,10.);
#1679=VECTOR('',#6114,10.);
#1680=VECTOR('',#6115,10.);
#1681=VECTOR('',#6116,10.);
#1682=VECTOR('',#6117,10.);
#1683=VECTOR('',#6118,10.);
#1684=VECTOR('',#6123,10.);
#1685=VECTOR('',#6128,10.);
#1686=VECTOR('',#6129,10.);
#1687=VECTOR('',#6132,10.);
#1688=VECTOR('',#6133,10.);
#1689=VECTOR('',#6134,10.);
#1690=VECTOR('',#6137,10.);
#1691=VECTOR('',#6138,10.);
#1692=VECTOR('',#6139,10.);
#1693=VECTOR('',#6142,10.);
#1694=VECTOR('',#6145,10.);
#1695=VECTOR('',#6148,10.);
#1696=VECTOR('',#6149,10.);
#1697=VECTOR('',#6152,10.);
#1698=VECTOR('',#6159,10.);
#1699=VECTOR('',#6162,10.);
#1700=VECTOR('',#6165,10.);
#1701=VECTOR('',#6166,10.);
#1702=VECTOR('',#6167,10.);
#1703=VECTOR('',#6170,10.);
#1704=VECTOR('',#6171,10.);
#1705=VECTOR('',#6172,10.);
#1706=VECTOR('',#6173,10.);
#1707=VECTOR('',#6174,10.);
#1708=VECTOR('',#6175,10.);
#1709=VECTOR('',#6176,10.);
#1710=VECTOR('',#6181,10.);
#1711=VECTOR('',#6186,10.);
#1712=VECTOR('',#6187,10.);
#1713=VECTOR('',#6190,10.);
#1714=VECTOR('',#6191,10.);
#1715=VECTOR('',#6192,10.);
#1716=VECTOR('',#6195,10.);
#1717=VECTOR('',#6196,10.);
#1718=VECTOR('',#6197,10.);
#1719=VECTOR('',#6200,10.);
#1720=VECTOR('',#6203,10.);
#1721=VECTOR('',#6206,10.);
#1722=VECTOR('',#6207,10.);
#1723=VECTOR('',#6210,10.);
#1724=VECTOR('',#6217,10.);
#1725=VECTOR('',#6220,10.);
#1726=VECTOR('',#6223,10.);
#1727=VECTOR('',#6224,10.);
#1728=VECTOR('',#6225,10.);
#1729=VECTOR('',#6228,10.);
#1730=VECTOR('',#6229,10.);
#1731=VECTOR('',#6230,10.);
#1732=VECTOR('',#6231,10.);
#1733=VECTOR('',#6232,10.);
#1734=VECTOR('',#6233,10.);
#1735=VECTOR('',#6234,10.);
#1736=VECTOR('',#6239,10.);
#1737=VECTOR('',#6244,10.);
#1738=VECTOR('',#6245,10.);
#1739=VECTOR('',#6248,10.);
#1740=VECTOR('',#6249,10.);
#1741=VECTOR('',#6250,10.);
#1742=VECTOR('',#6253,10.);
#1743=VECTOR('',#6254,10.);
#1744=VECTOR('',#6255,10.);
#1745=VECTOR('',#6258,10.);
#1746=VECTOR('',#6261,10.);
#1747=VECTOR('',#6264,10.);
#1748=VECTOR('',#6265,10.);
#1749=VECTOR('',#6268,10.);
#1750=VECTOR('',#6275,10.);
#1751=VECTOR('',#6278,10.);
#1752=VECTOR('',#6281,10.);
#1753=VECTOR('',#6284,10.);
#1754=VECTOR('',#6285,10.);
#1755=VECTOR('',#6286,10.);
#1756=VECTOR('',#6287,10.);
#1757=VECTOR('',#6288,10.);
#1758=VECTOR('',#6289,10.);
#1759=VECTOR('',#6290,10.);
#1760=VECTOR('',#6293,10.);
#1761=VECTOR('',#6294,10.);
#1762=VECTOR('',#6299,10.);
#1763=VECTOR('',#6302,10.);
#1764=VECTOR('',#6303,10.);
#1765=VECTOR('',#6304,10.);
#1766=VECTOR('',#6307,10.);
#1767=VECTOR('',#6308,10.);
#1768=VECTOR('',#6309,10.);
#1769=VECTOR('',#6312,10.);
#1770=VECTOR('',#6315,10.);
#1771=VECTOR('',#6316,10.);
#1772=VECTOR('',#6319,10.);
#1773=VECTOR('',#6320,10.);
#1774=VECTOR('',#6323,10.);
#1775=VECTOR('',#6326,10.);
#1776=VECTOR('',#6333,10.);
#1777=VECTOR('',#6336,10.);
#1778=VECTOR('',#6339,10.);
#1779=VECTOR('',#6342,10.);
#1780=VECTOR('',#6343,10.);
#1781=VECTOR('',#6344,10.);
#1782=VECTOR('',#6345,10.);
#1783=VECTOR('',#6346,10.);
#1784=VECTOR('',#6347,10.);
#1785=VECTOR('',#6348,10.);
#1786=VECTOR('',#6351,10.);
#1787=VECTOR('',#6352,10.);
#1788=VECTOR('',#6357,10.);
#1789=VECTOR('',#6360,10.);
#1790=VECTOR('',#6361,10.);
#1791=VECTOR('',#6362,10.);
#1792=VECTOR('',#6365,10.);
#1793=VECTOR('',#6366,10.);
#1794=VECTOR('',#6367,10.);
#1795=VECTOR('',#6370,10.);
#1796=VECTOR('',#6373,10.);
#1797=VECTOR('',#6374,10.);
#1798=VECTOR('',#6377,10.);
#1799=VECTOR('',#6378,10.);
#1800=VECTOR('',#6381,10.);
#1801=VECTOR('',#6384,10.);
#1802=VECTOR('',#6391,10.);
#1803=VECTOR('',#6394,10.);
#1804=VECTOR('',#6397,10.);
#1805=VECTOR('',#6400,10.);
#1806=VECTOR('',#6401,10.);
#1807=VECTOR('',#6402,10.);
#1808=VECTOR('',#6403,10.);
#1809=VECTOR('',#6404,10.);
#1810=VECTOR('',#6405,10.);
#1811=VECTOR('',#6406,10.);
#1812=VECTOR('',#6409,10.);
#1813=VECTOR('',#6410,10.);
#1814=VECTOR('',#6415,10.);
#1815=VECTOR('',#6418,10.);
#1816=VECTOR('',#6419,10.);
#1817=VECTOR('',#6420,10.);
#1818=VECTOR('',#6423,10.);
#1819=VECTOR('',#6424,10.);
#1820=VECTOR('',#6425,10.);
#1821=VECTOR('',#6428,10.);
#1822=VECTOR('',#6431,10.);
#1823=VECTOR('',#6432,10.);
#1824=VECTOR('',#6435,10.);
#1825=VECTOR('',#6436,10.);
#1826=VECTOR('',#6439,10.);
#1827=VECTOR('',#6442,10.);
#1828=VECTOR('',#6449,10.);
#1829=VECTOR('',#6452,10.);
#1830=VECTOR('',#6455,10.);
#1831=VECTOR('',#6458,10.);
#1832=VECTOR('',#6459,10.);
#1833=VECTOR('',#6460,10.);
#1834=VECTOR('',#6461,10.);
#1835=VECTOR('',#6462,10.);
#1836=VECTOR('',#6463,10.);
#1837=VECTOR('',#6464,10.);
#1838=VECTOR('',#6467,10.);
#1839=VECTOR('',#6468,10.);
#1840=VECTOR('',#6473,10.);
#1841=VECTOR('',#6476,10.);
#1842=VECTOR('',#6477,10.);
#1843=VECTOR('',#6478,10.);
#1844=VECTOR('',#6481,10.);
#1845=VECTOR('',#6482,10.);
#1846=VECTOR('',#6483,10.);
#1847=VECTOR('',#6486,10.);
#1848=VECTOR('',#6489,10.);
#1849=VECTOR('',#6490,10.);
#1850=VECTOR('',#6493,10.);
#1851=VECTOR('',#6494,10.);
#1852=VECTOR('',#6497,10.);
#1853=VECTOR('',#6500,10.);
#1854=VECTOR('',#6507,10.);
#1855=VECTOR('',#6510,10.);
#1856=VECTOR('',#6513,10.);
#1857=VECTOR('',#6516,10.);
#1858=VECTOR('',#6517,10.);
#1859=VECTOR('',#6518,10.);
#1860=VECTOR('',#6519,10.);
#1861=VECTOR('',#6520,10.);
#1862=VECTOR('',#6521,10.);
#1863=VECTOR('',#6522,10.);
#1864=VECTOR('',#6525,10.);
#1865=VECTOR('',#6526,10.);
#1866=VECTOR('',#6531,10.);
#1867=VECTOR('',#6534,10.);
#1868=VECTOR('',#6535,10.);
#1869=VECTOR('',#6536,10.);
#1870=VECTOR('',#6539,10.);
#1871=VECTOR('',#6540,10.);
#1872=VECTOR('',#6541,10.);
#1873=VECTOR('',#6544,10.);
#1874=VECTOR('',#6547,10.);
#1875=VECTOR('',#6548,10.);
#1876=VECTOR('',#6551,10.);
#1877=VECTOR('',#6552,10.);
#1878=VECTOR('',#6555,10.);
#1879=VECTOR('',#6558,10.);
#1880=VECTOR('',#6565,10.);
#1881=VECTOR('',#6568,10.);
#1882=VECTOR('',#6571,10.);
#1883=VECTOR('',#6574,10.);
#1884=VECTOR('',#6575,10.);
#1885=VECTOR('',#6576,10.);
#1886=VECTOR('',#6577,10.);
#1887=VECTOR('',#6578,10.);
#1888=VECTOR('',#6579,10.);
#1889=VECTOR('',#6580,10.);
#1890=VECTOR('',#6583,10.);
#1891=VECTOR('',#6584,10.);
#1892=VECTOR('',#6589,10.);
#1893=VECTOR('',#6592,10.);
#1894=VECTOR('',#6593,10.);
#1895=VECTOR('',#6594,10.);
#1896=VECTOR('',#6597,10.);
#1897=VECTOR('',#6598,10.);
#1898=VECTOR('',#6599,10.);
#1899=VECTOR('',#6602,10.);
#1900=VECTOR('',#6605,10.);
#1901=VECTOR('',#6606,10.);
#1902=VECTOR('',#6609,10.);
#1903=VECTOR('',#6610,10.);
#1904=VECTOR('',#6613,10.);
#1905=VECTOR('',#6616,10.);
#1906=VECTOR('',#6623,10.);
#1907=VECTOR('',#6626,10.);
#1908=VECTOR('',#6629,10.);
#1909=VECTOR('',#6632,10.);
#1910=VECTOR('',#6633,10.);
#1911=VECTOR('',#6634,10.);
#1912=VECTOR('',#6635,10.);
#1913=VECTOR('',#6636,10.);
#1914=VECTOR('',#6637,10.);
#1915=VECTOR('',#6638,10.);
#1916=VECTOR('',#6641,10.);
#1917=VECTOR('',#6642,10.);
#1918=VECTOR('',#6647,10.);
#1919=VECTOR('',#6650,10.);
#1920=VECTOR('',#6651,10.);
#1921=VECTOR('',#6652,10.);
#1922=VECTOR('',#6655,10.);
#1923=VECTOR('',#6656,10.);
#1924=VECTOR('',#6657,10.);
#1925=VECTOR('',#6660,10.);
#1926=VECTOR('',#6663,10.);
#1927=VECTOR('',#6664,10.);
#1928=VECTOR('',#6667,10.);
#1929=VECTOR('',#6668,10.);
#1930=VECTOR('',#6671,10.);
#1931=VECTOR('',#6674,10.);
#1932=VECTOR('',#6681,10.);
#1933=VECTOR('',#6684,10.);
#1934=VECTOR('',#6687,10.);
#1935=VECTOR('',#6690,10.);
#1936=VECTOR('',#6691,10.);
#1937=VECTOR('',#6692,10.);
#1938=VECTOR('',#6693,10.);
#1939=VECTOR('',#6694,10.);
#1940=VECTOR('',#6695,10.);
#1941=VECTOR('',#6696,10.);
#1942=VECTOR('',#6699,10.);
#1943=VECTOR('',#6700,10.);
#1944=VECTOR('',#6705,10.);
#1945=VECTOR('',#6708,10.);
#1946=VECTOR('',#6709,10.);
#1947=VECTOR('',#6710,10.);
#1948=VECTOR('',#6713,10.);
#1949=VECTOR('',#6714,10.);
#1950=VECTOR('',#6715,10.);
#1951=VECTOR('',#6718,10.);
#1952=VECTOR('',#6721,10.);
#1953=VECTOR('',#6722,10.);
#1954=VECTOR('',#6725,10.);
#1955=VECTOR('',#6726,10.);
#1956=VECTOR('',#6729,10.);
#1957=VECTOR('',#6732,10.);
#1958=VERTEX_POINT('',#6740);
#1959=VERTEX_POINT('',#6741);
#1960=VERTEX_POINT('',#6743);
#1961=VERTEX_POINT('',#6745);
#1962=VERTEX_POINT('',#6749);
#1963=VERTEX_POINT('',#6751);
#1964=VERTEX_POINT('',#6755);
#1965=VERTEX_POINT('',#6757);
#1966=VERTEX_POINT('',#6765);
#1967=VERTEX_POINT('',#6766);
#1968=VERTEX_POINT('',#6768);
#1969=VERTEX_POINT('',#6770);
#1970=VERTEX_POINT('',#6772);
#1971=VERTEX_POINT('',#6774);
#1972=VERTEX_POINT('',#6776);
#1973=VERTEX_POINT('',#6778);
#1974=VERTEX_POINT('',#6781);
#1975=VERTEX_POINT('',#6782);
#1976=VERTEX_POINT('',#6784);
#1977=VERTEX_POINT('',#6786);
#1978=VERTEX_POINT('',#6790);
#1979=VERTEX_POINT('',#6792);
#1980=VERTEX_POINT('',#6796);
#1981=VERTEX_POINT('',#6797);
#1982=VERTEX_POINT('',#6799);
#1983=VERTEX_POINT('',#6801);
#1984=VERTEX_POINT('',#6805);
#1985=VERTEX_POINT('',#6807);
#1986=VERTEX_POINT('',#6811);
#1987=VERTEX_POINT('',#6813);
#1988=VERTEX_POINT('',#6816);
#1989=VERTEX_POINT('',#6818);
#1990=VERTEX_POINT('',#6821);
#1991=VERTEX_POINT('',#6823);
#1992=VERTEX_POINT('',#6825);
#1993=VERTEX_POINT('',#6827);
#1994=VERTEX_POINT('',#6829);
#1995=VERTEX_POINT('',#6830);
#1996=VERTEX_POINT('',#6832);
#1997=VERTEX_POINT('',#6834);
#1998=VERTEX_POINT('',#6841);
#1999=VERTEX_POINT('',#6842);
#2000=VERTEX_POINT('',#6844);
#2001=VERTEX_POINT('',#6846);
#2002=VERTEX_POINT('',#6850);
#2003=VERTEX_POINT('',#6852);
#2004=VERTEX_POINT('',#6856);
#2005=VERTEX_POINT('',#6858);
#2006=VERTEX_POINT('',#6866);
#2007=VERTEX_POINT('',#6867);
#2008=VERTEX_POINT('',#6869);
#2009=VERTEX_POINT('',#6871);
#2010=VERTEX_POINT('',#6875);
#2011=VERTEX_POINT('',#6877);
#2012=VERTEX_POINT('',#6881);
#2013=VERTEX_POINT('',#6883);
#2014=VERTEX_POINT('',#6891);
#2015=VERTEX_POINT('',#6892);
#2016=VERTEX_POINT('',#6894);
#2017=VERTEX_POINT('',#6896);
#2018=VERTEX_POINT('',#6900);
#2019=VERTEX_POINT('',#6902);
#2020=VERTEX_POINT('',#6906);
#2021=VERTEX_POINT('',#6908);
#2022=VERTEX_POINT('',#6916);
#2023=VERTEX_POINT('',#6921);
#2024=VERTEX_POINT('',#6926);
#2025=VERTEX_POINT('',#6931);
#2026=VERTEX_POINT('',#6936);
#2027=VERTEX_POINT('',#6937);
#2028=VERTEX_POINT('',#6942);
#2029=VERTEX_POINT('',#6946);
#2030=VERTEX_POINT('',#6960);
#2031=VERTEX_POINT('',#6961);
#2032=VERTEX_POINT('',#6963);
#2033=VERTEX_POINT('',#6965);
#2034=VERTEX_POINT('',#6967);
#2035=VERTEX_POINT('',#6969);
#2036=VERTEX_POINT('',#6971);
#2037=VERTEX_POINT('',#6973);
#2038=VERTEX_POINT('',#6975);
#2039=VERTEX_POINT('',#6977);
#2040=VERTEX_POINT('',#6979);
#2041=VERTEX_POINT('',#6981);
#2042=VERTEX_POINT('',#6984);
#2043=VERTEX_POINT('',#6985);
#2044=VERTEX_POINT('',#6987);
#2045=VERTEX_POINT('',#6989);
#2046=VERTEX_POINT('',#6993);
#2047=VERTEX_POINT('',#6994);
#2048=VERTEX_POINT('',#6996);
#2049=VERTEX_POINT('',#6998);
#2050=VERTEX_POINT('',#7000);
#2051=VERTEX_POINT('',#7002);
#2052=VERTEX_POINT('',#7004);
#2053=VERTEX_POINT('',#7006);
#2054=VERTEX_POINT('',#7009);
#2055=VERTEX_POINT('',#7010);
#2056=VERTEX_POINT('',#7012);
#2057=VERTEX_POINT('',#7014);
#2058=VERTEX_POINT('',#7016);
#2059=VERTEX_POINT('',#7018);
#2060=VERTEX_POINT('',#7020);
#2061=VERTEX_POINT('',#7022);
#2062=VERTEX_POINT('',#7024);
#2063=VERTEX_POINT('',#7026);
#2064=VERTEX_POINT('',#7028);
#2065=VERTEX_POINT('',#7030);
#2066=VERTEX_POINT('',#7050);
#2067=VERTEX_POINT('',#7052);
#2068=VERTEX_POINT('',#7056);
#2069=VERTEX_POINT('',#7060);
#2070=VERTEX_POINT('',#7071);
#2071=VERTEX_POINT('',#7073);
#2072=VERTEX_POINT('',#7077);
#2073=VERTEX_POINT('',#7081);
#2074=VERTEX_POINT('',#7085);
#2075=VERTEX_POINT('',#7089);
#2076=VERTEX_POINT('',#7093);
#2077=VERTEX_POINT('',#7097);
#2078=VERTEX_POINT('',#7101);
#2079=VERTEX_POINT('',#7105);
#2080=VERTEX_POINT('',#7109);
#2081=VERTEX_POINT('',#7111);
#2082=VERTEX_POINT('',#7115);
#2083=VERTEX_POINT('',#7119);
#2084=VERTEX_POINT('',#7121);
#2085=VERTEX_POINT('',#7125);
#2086=VERTEX_POINT('',#7133);
#2087=VERTEX_POINT('',#7135);
#2088=VERTEX_POINT('',#7137);
#2089=VERTEX_POINT('',#7139);
#2090=VERTEX_POINT('',#7141);
#2091=VERTEX_POINT('',#7143);
#2092=VERTEX_POINT('',#7145);
#2093=VERTEX_POINT('',#7147);
#2094=VERTEX_POINT('',#7168);
#2095=VERTEX_POINT('',#7169);
#2096=VERTEX_POINT('',#7171);
#2097=VERTEX_POINT('',#7173);
#2098=VERTEX_POINT('',#7177);
#2099=VERTEX_POINT('',#7179);
#2100=VERTEX_POINT('',#7183);
#2101=VERTEX_POINT('',#7185);
#2102=VERTEX_POINT('',#7187);
#2103=VERTEX_POINT('',#7189);
#2104=VERTEX_POINT('',#7191);
#2105=VERTEX_POINT('',#7193);
#2106=VERTEX_POINT('',#7195);
#2107=VERTEX_POINT('',#7199);
#2108=VERTEX_POINT('',#7203);
#2109=VERTEX_POINT('',#7207);
#2110=VERTEX_POINT('',#7209);
#2111=VERTEX_POINT('',#7213);
#2112=VERTEX_POINT('',#7215);
#2113=VERTEX_POINT('',#7223);
#2114=VERTEX_POINT('',#7230);
#2115=VERTEX_POINT('',#7231);
#2116=VERTEX_POINT('',#7233);
#2117=VERTEX_POINT('',#7235);
#2118=VERTEX_POINT('',#7239);
#2119=VERTEX_POINT('',#7241);
#2120=VERTEX_POINT('',#7245);
#2121=VERTEX_POINT('',#7247);
#2122=VERTEX_POINT('',#7249);
#2123=VERTEX_POINT('',#7251);
#2124=VERTEX_POINT('',#7253);
#2125=VERTEX_POINT('',#7255);
#2126=VERTEX_POINT('',#7257);
#2127=VERTEX_POINT('',#7261);
#2128=VERTEX_POINT('',#7265);
#2129=VERTEX_POINT('',#7269);
#2130=VERTEX_POINT('',#7271);
#2131=VERTEX_POINT('',#7275);
#2132=VERTEX_POINT('',#7277);
#2133=VERTEX_POINT('',#7285);
#2134=VERTEX_POINT('',#7292);
#2135=VERTEX_POINT('',#7293);
#2136=VERTEX_POINT('',#7295);
#2137=VERTEX_POINT('',#7297);
#2138=VERTEX_POINT('',#7301);
#2139=VERTEX_POINT('',#7303);
#2140=VERTEX_POINT('',#7307);
#2141=VERTEX_POINT('',#7309);
#2142=VERTEX_POINT('',#7311);
#2143=VERTEX_POINT('',#7313);
#2144=VERTEX_POINT('',#7315);
#2145=VERTEX_POINT('',#7317);
#2146=VERTEX_POINT('',#7319);
#2147=VERTEX_POINT('',#7323);
#2148=VERTEX_POINT('',#7327);
#2149=VERTEX_POINT('',#7331);
#2150=VERTEX_POINT('',#7333);
#2151=VERTEX_POINT('',#7337);
#2152=VERTEX_POINT('',#7339);
#2153=VERTEX_POINT('',#7347);
#2154=VERTEX_POINT('',#7354);
#2155=VERTEX_POINT('',#7355);
#2156=VERTEX_POINT('',#7357);
#2157=VERTEX_POINT('',#7359);
#2158=VERTEX_POINT('',#7363);
#2159=VERTEX_POINT('',#7365);
#2160=VERTEX_POINT('',#7369);
#2161=VERTEX_POINT('',#7371);
#2162=VERTEX_POINT('',#7373);
#2163=VERTEX_POINT('',#7375);
#2164=VERTEX_POINT('',#7377);
#2165=VERTEX_POINT('',#7379);
#2166=VERTEX_POINT('',#7381);
#2167=VERTEX_POINT('',#7385);
#2168=VERTEX_POINT('',#7389);
#2169=VERTEX_POINT('',#7393);
#2170=VERTEX_POINT('',#7395);
#2171=VERTEX_POINT('',#7399);
#2172=VERTEX_POINT('',#7401);
#2173=VERTEX_POINT('',#7409);
#2174=VERTEX_POINT('',#7416);
#2175=VERTEX_POINT('',#7417);
#2176=VERTEX_POINT('',#7419);
#2177=VERTEX_POINT('',#7421);
#2178=VERTEX_POINT('',#7425);
#2179=VERTEX_POINT('',#7427);
#2180=VERTEX_POINT('',#7431);
#2181=VERTEX_POINT('',#7433);
#2182=VERTEX_POINT('',#7435);
#2183=VERTEX_POINT('',#7437);
#2184=VERTEX_POINT('',#7439);
#2185=VERTEX_POINT('',#7441);
#2186=VERTEX_POINT('',#7443);
#2187=VERTEX_POINT('',#7447);
#2188=VERTEX_POINT('',#7451);
#2189=VERTEX_POINT('',#7455);
#2190=VERTEX_POINT('',#7457);
#2191=VERTEX_POINT('',#7461);
#2192=VERTEX_POINT('',#7463);
#2193=VERTEX_POINT('',#7471);
#2194=VERTEX_POINT('',#7478);
#2195=VERTEX_POINT('',#7479);
#2196=VERTEX_POINT('',#7481);
#2197=VERTEX_POINT('',#7483);
#2198=VERTEX_POINT('',#7487);
#2199=VERTEX_POINT('',#7489);
#2200=VERTEX_POINT('',#7493);
#2201=VERTEX_POINT('',#7495);
#2202=VERTEX_POINT('',#7497);
#2203=VERTEX_POINT('',#7499);
#2204=VERTEX_POINT('',#7501);
#2205=VERTEX_POINT('',#7503);
#2206=VERTEX_POINT('',#7505);
#2207=VERTEX_POINT('',#7509);
#2208=VERTEX_POINT('',#7513);
#2209=VERTEX_POINT('',#7517);
#2210=VERTEX_POINT('',#7519);
#2211=VERTEX_POINT('',#7523);
#2212=VERTEX_POINT('',#7525);
#2213=VERTEX_POINT('',#7533);
#2214=VERTEX_POINT('',#7540);
#2215=VERTEX_POINT('',#7541);
#2216=VERTEX_POINT('',#7543);
#2217=VERTEX_POINT('',#7545);
#2218=VERTEX_POINT('',#7549);
#2219=VERTEX_POINT('',#7551);
#2220=VERTEX_POINT('',#7555);
#2221=VERTEX_POINT('',#7557);
#2222=VERTEX_POINT('',#7559);
#2223=VERTEX_POINT('',#7561);
#2224=VERTEX_POINT('',#7563);
#2225=VERTEX_POINT('',#7565);
#2226=VERTEX_POINT('',#7567);
#2227=VERTEX_POINT('',#7571);
#2228=VERTEX_POINT('',#7575);
#2229=VERTEX_POINT('',#7579);
#2230=VERTEX_POINT('',#7581);
#2231=VERTEX_POINT('',#7585);
#2232=VERTEX_POINT('',#7587);
#2233=VERTEX_POINT('',#7595);
#2234=VERTEX_POINT('',#7602);
#2235=VERTEX_POINT('',#7603);
#2236=VERTEX_POINT('',#7605);
#2237=VERTEX_POINT('',#7607);
#2238=VERTEX_POINT('',#7611);
#2239=VERTEX_POINT('',#7613);
#2240=VERTEX_POINT('',#7617);
#2241=VERTEX_POINT('',#7619);
#2242=VERTEX_POINT('',#7621);
#2243=VERTEX_POINT('',#7623);
#2244=VERTEX_POINT('',#7625);
#2245=VERTEX_POINT('',#7627);
#2246=VERTEX_POINT('',#7629);
#2247=VERTEX_POINT('',#7633);
#2248=VERTEX_POINT('',#7637);
#2249=VERTEX_POINT('',#7641);
#2250=VERTEX_POINT('',#7643);
#2251=VERTEX_POINT('',#7647);
#2252=VERTEX_POINT('',#7649);
#2253=VERTEX_POINT('',#7657);
#2254=VERTEX_POINT('',#7664);
#2255=VERTEX_POINT('',#7665);
#2256=VERTEX_POINT('',#7667);
#2257=VERTEX_POINT('',#7669);
#2258=VERTEX_POINT('',#7673);
#2259=VERTEX_POINT('',#7675);
#2260=VERTEX_POINT('',#7677);
#2261=VERTEX_POINT('',#7679);
#2262=VERTEX_POINT('',#7681);
#2263=VERTEX_POINT('',#7683);
#2264=VERTEX_POINT('',#7685);
#2265=VERTEX_POINT('',#7687);
#2266=VERTEX_POINT('',#7691);
#2267=VERTEX_POINT('',#7695);
#2268=VERTEX_POINT('',#7699);
#2269=VERTEX_POINT('',#7701);
#2270=VERTEX_POINT('',#7705);
#2271=VERTEX_POINT('',#7707);
#2272=VERTEX_POINT('',#7713);
#2273=VERTEX_POINT('',#7717);
#2274=VERTEX_POINT('',#7726);
#2275=VERTEX_POINT('',#7727);
#2276=VERTEX_POINT('',#7729);
#2277=VERTEX_POINT('',#7731);
#2278=VERTEX_POINT('',#7735);
#2279=VERTEX_POINT('',#7737);
#2280=VERTEX_POINT('',#7739);
#2281=VERTEX_POINT('',#7741);
#2282=VERTEX_POINT('',#7743);
#2283=VERTEX_POINT('',#7745);
#2284=VERTEX_POINT('',#7747);
#2285=VERTEX_POINT('',#7749);
#2286=VERTEX_POINT('',#7753);
#2287=VERTEX_POINT('',#7757);
#2288=VERTEX_POINT('',#7761);
#2289=VERTEX_POINT('',#7763);
#2290=VERTEX_POINT('',#7767);
#2291=VERTEX_POINT('',#7769);
#2292=VERTEX_POINT('',#7775);
#2293=VERTEX_POINT('',#7779);
#2294=VERTEX_POINT('',#7788);
#2295=VERTEX_POINT('',#7789);
#2296=VERTEX_POINT('',#7791);
#2297=VERTEX_POINT('',#7793);
#2298=VERTEX_POINT('',#7797);
#2299=VERTEX_POINT('',#7799);
#2300=VERTEX_POINT('',#7801);
#2301=VERTEX_POINT('',#7803);
#2302=VERTEX_POINT('',#7805);
#2303=VERTEX_POINT('',#7807);
#2304=VERTEX_POINT('',#7809);
#2305=VERTEX_POINT('',#7811);
#2306=VERTEX_POINT('',#7815);
#2307=VERTEX_POINT('',#7819);
#2308=VERTEX_POINT('',#7823);
#2309=VERTEX_POINT('',#7825);
#2310=VERTEX_POINT('',#7829);
#2311=VERTEX_POINT('',#7831);
#2312=VERTEX_POINT('',#7837);
#2313=VERTEX_POINT('',#7841);
#2314=VERTEX_POINT('',#7850);
#2315=VERTEX_POINT('',#7851);
#2316=VERTEX_POINT('',#7853);
#2317=VERTEX_POINT('',#7855);
#2318=VERTEX_POINT('',#7859);
#2319=VERTEX_POINT('',#7861);
#2320=VERTEX_POINT('',#7863);
#2321=VERTEX_POINT('',#7865);
#2322=VERTEX_POINT('',#7867);
#2323=VERTEX_POINT('',#7869);
#2324=VERTEX_POINT('',#7871);
#2325=VERTEX_POINT('',#7873);
#2326=VERTEX_POINT('',#7877);
#2327=VERTEX_POINT('',#7881);
#2328=VERTEX_POINT('',#7885);
#2329=VERTEX_POINT('',#7887);
#2330=VERTEX_POINT('',#7891);
#2331=VERTEX_POINT('',#7893);
#2332=VERTEX_POINT('',#7899);
#2333=VERTEX_POINT('',#7903);
#2334=VERTEX_POINT('',#7912);
#2335=VERTEX_POINT('',#7913);
#2336=VERTEX_POINT('',#7915);
#2337=VERTEX_POINT('',#7917);
#2338=VERTEX_POINT('',#7921);
#2339=VERTEX_POINT('',#7923);
#2340=VERTEX_POINT('',#7925);
#2341=VERTEX_POINT('',#7927);
#2342=VERTEX_POINT('',#7929);
#2343=VERTEX_POINT('',#7931);
#2344=VERTEX_POINT('',#7933);
#2345=VERTEX_POINT('',#7935);
#2346=VERTEX_POINT('',#7939);
#2347=VERTEX_POINT('',#7943);
#2348=VERTEX_POINT('',#7947);
#2349=VERTEX_POINT('',#7949);
#2350=VERTEX_POINT('',#7953);
#2351=VERTEX_POINT('',#7955);
#2352=VERTEX_POINT('',#7961);
#2353=VERTEX_POINT('',#7965);
#2354=VERTEX_POINT('',#7974);
#2355=VERTEX_POINT('',#7975);
#2356=VERTEX_POINT('',#7977);
#2357=VERTEX_POINT('',#7979);
#2358=VERTEX_POINT('',#7983);
#2359=VERTEX_POINT('',#7985);
#2360=VERTEX_POINT('',#7987);
#2361=VERTEX_POINT('',#7989);
#2362=VERTEX_POINT('',#7991);
#2363=VERTEX_POINT('',#7993);
#2364=VERTEX_POINT('',#7995);
#2365=VERTEX_POINT('',#7997);
#2366=VERTEX_POINT('',#8001);
#2367=VERTEX_POINT('',#8005);
#2368=VERTEX_POINT('',#8009);
#2369=VERTEX_POINT('',#8011);
#2370=VERTEX_POINT('',#8015);
#2371=VERTEX_POINT('',#8017);
#2372=VERTEX_POINT('',#8023);
#2373=VERTEX_POINT('',#8027);
#2374=VERTEX_POINT('',#8036);
#2375=VERTEX_POINT('',#8037);
#2376=VERTEX_POINT('',#8039);
#2377=VERTEX_POINT('',#8041);
#2378=VERTEX_POINT('',#8045);
#2379=VERTEX_POINT('',#8047);
#2380=VERTEX_POINT('',#8049);
#2381=VERTEX_POINT('',#8051);
#2382=VERTEX_POINT('',#8053);
#2383=VERTEX_POINT('',#8055);
#2384=VERTEX_POINT('',#8057);
#2385=VERTEX_POINT('',#8059);
#2386=VERTEX_POINT('',#8063);
#2387=VERTEX_POINT('',#8067);
#2388=VERTEX_POINT('',#8071);
#2389=VERTEX_POINT('',#8073);
#2390=VERTEX_POINT('',#8077);
#2391=VERTEX_POINT('',#8079);
#2392=VERTEX_POINT('',#8085);
#2393=VERTEX_POINT('',#8089);
#2394=VERTEX_POINT('',#8098);
#2395=VERTEX_POINT('',#8099);
#2396=VERTEX_POINT('',#8101);
#2397=VERTEX_POINT('',#8103);
#2398=VERTEX_POINT('',#8107);
#2399=VERTEX_POINT('',#8109);
#2400=VERTEX_POINT('',#8111);
#2401=VERTEX_POINT('',#8113);
#2402=VERTEX_POINT('',#8115);
#2403=VERTEX_POINT('',#8117);
#2404=VERTEX_POINT('',#8119);
#2405=VERTEX_POINT('',#8121);
#2406=VERTEX_POINT('',#8125);
#2407=VERTEX_POINT('',#8129);
#2408=VERTEX_POINT('',#8133);
#2409=VERTEX_POINT('',#8135);
#2410=VERTEX_POINT('',#8139);
#2411=VERTEX_POINT('',#8141);
#2412=VERTEX_POINT('',#8147);
#2413=VERTEX_POINT('',#8151);
#2414=EDGE_CURVE('',#1958,#1959,#790,.T.);
#2415=EDGE_CURVE('',#1960,#1958,#791,.T.);
#2416=EDGE_CURVE('',#1961,#1960,#792,.T.);
#2417=EDGE_CURVE('',#1959,#1961,#793,.T.);
#2418=EDGE_CURVE('',#1959,#1962,#794,.T.);
#2419=EDGE_CURVE('',#1963,#1961,#795,.T.);
#2420=EDGE_CURVE('',#1962,#1963,#796,.T.);
#2421=EDGE_CURVE('',#1962,#1964,#797,.T.);
#2422=EDGE_CURVE('',#1965,#1963,#798,.T.);
#2423=EDGE_CURVE('',#1964,#1965,#799,.T.);
#2424=EDGE_CURVE('',#1965,#1960,#800,.T.);
#2425=EDGE_CURVE('',#1958,#1964,#801,.T.);
#2426=EDGE_CURVE('',#1966,#1967,#118,.T.);
#2427=EDGE_CURVE('',#1967,#1968,#802,.T.);
#2428=EDGE_CURVE('',#1968,#1969,#119,.T.);
#2429=EDGE_CURVE('',#1969,#1970,#803,.T.);
#2430=EDGE_CURVE('',#1970,#1971,#120,.T.);
#2431=EDGE_CURVE('',#1971,#1972,#804,.T.);
#2432=EDGE_CURVE('',#1972,#1973,#121,.T.);
#2433=EDGE_CURVE('',#1973,#1966,#805,.T.);
#2434=EDGE_CURVE('',#1974,#1975,#806,.T.);
#2435=EDGE_CURVE('',#1975,#1976,#807,.T.);
#2436=EDGE_CURVE('',#1976,#1977,#808,.T.);
#2437=EDGE_CURVE('',#1977,#1974,#809,.T.);
#2438=EDGE_CURVE('',#1974,#1978,#810,.T.);
#2439=EDGE_CURVE('',#1978,#1979,#811,.T.);
#2440=EDGE_CURVE('',#1975,#1979,#812,.T.);
#2441=EDGE_CURVE('',#1980,#1981,#813,.T.);
#2442=EDGE_CURVE('',#1980,#1982,#814,.T.);
#2443=EDGE_CURVE('',#1982,#1983,#815,.T.);
#2444=EDGE_CURVE('',#1981,#1983,#816,.T.);
#2445=EDGE_CURVE('',#1984,#1982,#817,.T.);
#2446=EDGE_CURVE('',#1985,#1984,#818,.T.);
#2447=EDGE_CURVE('',#1983,#1985,#819,.T.);
#2448=EDGE_CURVE('',#1986,#1978,#820,.T.);
#2449=EDGE_CURVE('',#1987,#1986,#821,.T.);
#2450=EDGE_CURVE('',#1979,#1987,#822,.T.);
#2451=EDGE_CURVE('',#1981,#1988,#823,.T.);
#2452=EDGE_CURVE('',#1988,#1989,#824,.T.);
#2453=EDGE_CURVE('',#1989,#1980,#825,.T.);
#2454=EDGE_CURVE('',#1990,#1990,#122,.T.);
#2455=EDGE_CURVE('',#1991,#1991,#123,.T.);
#2456=EDGE_CURVE('',#1992,#1992,#124,.T.);
#2457=EDGE_CURVE('',#1993,#1993,#125,.T.);
#2458=EDGE_CURVE('',#1994,#1995,#826,.T.);
#2459=EDGE_CURVE('',#1995,#1996,#827,.T.);
#2460=EDGE_CURVE('',#1996,#1997,#828,.T.);
#2461=EDGE_CURVE('',#1997,#1994,#829,.T.);
#2462=EDGE_CURVE('',#1989,#1984,#830,.T.);
#2463=EDGE_CURVE('',#1988,#1985,#831,.T.);
#2464=EDGE_CURVE('',#1998,#1999,#832,.T.);
#2465=EDGE_CURVE('',#1999,#2000,#833,.T.);
#2466=EDGE_CURVE('',#2000,#2001,#834,.T.);
#2467=EDGE_CURVE('',#1998,#2001,#835,.T.);
#2468=EDGE_CURVE('',#1999,#2002,#836,.T.);
#2469=EDGE_CURVE('',#2002,#2003,#837,.T.);
#2470=EDGE_CURVE('',#2003,#2000,#838,.T.);
#2471=EDGE_CURVE('',#2002,#2004,#839,.T.);
#2472=EDGE_CURVE('',#2005,#2004,#840,.T.);
#2473=EDGE_CURVE('',#2005,#2003,#841,.T.);
#2474=EDGE_CURVE('',#2001,#2005,#842,.T.);
#2475=EDGE_CURVE('',#2004,#1998,#843,.T.);
#2476=EDGE_CURVE('',#2006,#2007,#844,.T.);
#2477=EDGE_CURVE('',#2007,#2008,#845,.T.);
#2478=EDGE_CURVE('',#2008,#2009,#846,.T.);
#2479=EDGE_CURVE('',#2006,#2009,#847,.T.);
#2480=EDGE_CURVE('',#2007,#2010,#848,.T.);
#2481=EDGE_CURVE('',#2010,#2011,#849,.T.);
#2482=EDGE_CURVE('',#2011,#2008,#850,.T.);
#2483=EDGE_CURVE('',#2010,#2012,#851,.T.);
#2484=EDGE_CURVE('',#2013,#2012,#852,.T.);
#2485=EDGE_CURVE('',#2013,#2011,#853,.T.);
#2486=EDGE_CURVE('',#2009,#2013,#854,.T.);
#2487=EDGE_CURVE('',#2012,#2006,#855,.T.);
#2488=EDGE_CURVE('',#2014,#2015,#856,.T.);
#2489=EDGE_CURVE('',#2016,#2014,#857,.T.);
#2490=EDGE_CURVE('',#2017,#2016,#858,.T.);
#2491=EDGE_CURVE('',#2015,#2017,#859,.T.);
#2492=EDGE_CURVE('',#2015,#2018,#860,.T.);
#2493=EDGE_CURVE('',#2019,#2017,#861,.T.);
#2494=EDGE_CURVE('',#2018,#2019,#862,.T.);
#2495=EDGE_CURVE('',#2018,#2020,#863,.T.);
#2496=EDGE_CURVE('',#2021,#2019,#864,.T.);
#2497=EDGE_CURVE('',#2020,#2021,#865,.T.);
#2498=EDGE_CURVE('',#2021,#2016,#866,.T.);
#2499=EDGE_CURVE('',#2014,#2020,#867,.T.);
#2500=EDGE_CURVE('',#2022,#2022,#126,.T.);
#2501=EDGE_CURVE('',#2022,#1990,#868,.T.);
#2502=EDGE_CURVE('',#2023,#2023,#127,.T.);
#2503=EDGE_CURVE('',#2023,#1991,#869,.T.);
#2504=EDGE_CURVE('',#2024,#2024,#128,.T.);
#2505=EDGE_CURVE('',#2024,#1992,#870,.T.);
#2506=EDGE_CURVE('',#2025,#2025,#129,.T.);
#2507=EDGE_CURVE('',#2025,#1993,#871,.T.);
#2508=EDGE_CURVE('',#2026,#2027,#872,.T.);
#2509=EDGE_CURVE('',#1995,#2027,#873,.T.);
#2510=EDGE_CURVE('',#1994,#2026,#874,.T.);
#2511=EDGE_CURVE('',#2027,#2028,#875,.T.);
#2512=EDGE_CURVE('',#1996,#2028,#876,.T.);
#2513=EDGE_CURVE('',#2028,#2029,#877,.T.);
#2514=EDGE_CURVE('',#1997,#2029,#878,.T.);
#2515=EDGE_CURVE('',#2029,#2026,#879,.T.);
#2516=EDGE_CURVE('',#1977,#1986,#880,.T.);
#2517=EDGE_CURVE('',#1976,#1987,#881,.T.);
#2518=EDGE_CURVE('',#2030,#2031,#882,.T.);
#2519=EDGE_CURVE('',#2030,#2032,#883,.T.);
#2520=EDGE_CURVE('',#2033,#2032,#884,.T.);
#2521=EDGE_CURVE('',#2034,#2033,#130,.T.);
#2522=EDGE_CURVE('',#2035,#2034,#885,.T.);
#2523=EDGE_CURVE('',#2036,#2035,#131,.T.);
#2524=EDGE_CURVE('',#2037,#2036,#886,.T.);
#2525=EDGE_CURVE('',#2038,#2037,#132,.T.);
#2526=EDGE_CURVE('',#2039,#2038,#887,.T.);
#2527=EDGE_CURVE('',#2040,#2039,#133,.T.);
#2528=EDGE_CURVE('',#2041,#2040,#888,.T.);
#2529=EDGE_CURVE('',#2041,#2031,#889,.T.);
#2530=EDGE_CURVE('',#2042,#2043,#134,.T.);
#2531=EDGE_CURVE('',#2044,#2042,#890,.T.);
#2532=EDGE_CURVE('',#2045,#2044,#135,.T.);
#2533=EDGE_CURVE('',#2043,#2045,#891,.T.);
#2534=EDGE_CURVE('',#2046,#2047,#136,.T.);
#2535=EDGE_CURVE('',#2048,#2046,#892,.T.);
#2536=EDGE_CURVE('',#2049,#2048,#137,.T.);
#2537=EDGE_CURVE('',#2050,#2049,#893,.T.);
#2538=EDGE_CURVE('',#2051,#2050,#138,.T.);
#2539=EDGE_CURVE('',#2052,#2051,#894,.T.);
#2540=EDGE_CURVE('',#2053,#2052,#139,.T.);
#2541=EDGE_CURVE('',#2047,#2053,#895,.T.);
#2542=EDGE_CURVE('',#2054,#2055,#140,.T.);
#2543=EDGE_CURVE('',#2056,#2054,#896,.T.);
#2544=EDGE_CURVE('',#2057,#2056,#141,.T.);
#2545=EDGE_CURVE('',#2058,#2057,#897,.T.);
#2546=EDGE_CURVE('',#2059,#2058,#898,.T.);
#2547=EDGE_CURVE('',#2060,#2059,#899,.T.);
#2548=EDGE_CURVE('',#2061,#2060,#900,.T.);
#2549=EDGE_CURVE('',#2062,#2061,#901,.T.);
#2550=EDGE_CURVE('',#2063,#2062,#142,.T.);
#2551=EDGE_CURVE('',#2064,#2063,#902,.T.);
#2552=EDGE_CURVE('',#2065,#2064,#143,.T.);
#2553=EDGE_CURVE('',#2055,#2065,#903,.T.);
#2554=EDGE_CURVE('',#2046,#1966,#904,.T.);
#2555=EDGE_CURVE('',#2048,#1973,#905,.T.);
#2556=EDGE_CURVE('',#2049,#1972,#906,.T.);
#2557=EDGE_CURVE('',#2050,#1971,#907,.T.);
#2558=EDGE_CURVE('',#2051,#1970,#908,.T.);
#2559=EDGE_CURVE('',#2052,#1969,#909,.T.);
#2560=EDGE_CURVE('',#2053,#1968,#910,.T.);
#2561=EDGE_CURVE('',#2047,#1967,#911,.T.);
#2562=EDGE_CURVE('',#2066,#2044,#912,.T.);
#2563=EDGE_CURVE('',#2066,#2067,#144,.T.);
#2564=EDGE_CURVE('',#2067,#2045,#913,.T.);
#2565=EDGE_CURVE('',#2068,#2042,#914,.T.);
#2566=EDGE_CURVE('',#2068,#2066,#915,.T.);
#2567=EDGE_CURVE('',#2069,#2043,#916,.T.);
#2568=EDGE_CURVE('',#2069,#2068,#145,.T.);
#2569=EDGE_CURVE('',#2067,#2069,#917,.T.);
#2570=EDGE_CURVE('',#2068,#2069,#146,.T.);
#2571=EDGE_CURVE('',#2066,#2067,#147,.T.);
#2572=EDGE_CURVE('',#2070,#2040,#918,.T.);
#2573=EDGE_CURVE('',#2071,#2070,#919,.T.);
#2574=EDGE_CURVE('',#2071,#2041,#920,.T.);
#2575=EDGE_CURVE('',#2072,#2039,#921,.T.);
#2576=EDGE_CURVE('',#2072,#2070,#148,.T.);
#2577=EDGE_CURVE('',#2073,#2038,#922,.T.);
#2578=EDGE_CURVE('',#2072,#2073,#923,.T.);
#2579=EDGE_CURVE('',#2074,#2037,#924,.T.);
#2580=EDGE_CURVE('',#2074,#2073,#149,.T.);
#2581=EDGE_CURVE('',#2075,#2036,#925,.T.);
#2582=EDGE_CURVE('',#2074,#2075,#926,.T.);
#2583=EDGE_CURVE('',#2076,#2035,#927,.T.);
#2584=EDGE_CURVE('',#2076,#2075,#150,.T.);
#2585=EDGE_CURVE('',#2077,#2034,#928,.T.);
#2586=EDGE_CURVE('',#2076,#2077,#929,.T.);
#2587=EDGE_CURVE('',#2078,#2033,#930,.T.);
#2588=EDGE_CURVE('',#2078,#2077,#151,.T.);
#2589=EDGE_CURVE('',#2079,#2032,#931,.T.);
#2590=EDGE_CURVE('',#2078,#2079,#932,.T.);
#2591=EDGE_CURVE('',#2080,#2059,#933,.T.);
#2592=EDGE_CURVE('',#2080,#2081,#934,.T.);
#2593=EDGE_CURVE('',#2081,#2060,#935,.T.);
#2594=EDGE_CURVE('',#2082,#2058,#936,.T.);
#2595=EDGE_CURVE('',#2082,#2080,#937,.T.);
#2596=EDGE_CURVE('',#2083,#2031,#938,.T.);
#2597=EDGE_CURVE('',#2084,#2083,#939,.T.);
#2598=EDGE_CURVE('',#2084,#2030,#940,.T.);
#2599=EDGE_CURVE('',#2081,#2085,#941,.T.);
#2600=EDGE_CURVE('',#2061,#2085,#942,.T.);
#2601=EDGE_CURVE('',#2079,#2084,#943,.T.);
#2602=EDGE_CURVE('',#2083,#2071,#944,.T.);
#2603=EDGE_CURVE('',#2082,#2086,#945,.T.);
#2604=EDGE_CURVE('',#2086,#2087,#152,.T.);
#2605=EDGE_CURVE('',#2087,#2088,#946,.T.);
#2606=EDGE_CURVE('',#2088,#2089,#153,.T.);
#2607=EDGE_CURVE('',#2089,#2090,#947,.T.);
#2608=EDGE_CURVE('',#2090,#2091,#154,.T.);
#2609=EDGE_CURVE('',#2091,#2092,#948,.T.);
#2610=EDGE_CURVE('',#2092,#2093,#155,.T.);
#2611=EDGE_CURVE('',#2093,#2085,#949,.T.);
#2612=EDGE_CURVE('',#2086,#2057,#950,.T.);
#2613=EDGE_CURVE('',#2093,#2062,#951,.T.);
#2614=EDGE_CURVE('',#2091,#2064,#952,.T.);
#2615=EDGE_CURVE('',#2090,#2065,#953,.T.);
#2616=EDGE_CURVE('',#2092,#2063,#954,.T.);
#2617=EDGE_CURVE('',#2089,#2055,#955,.T.);
#2618=EDGE_CURVE('',#2088,#2054,#956,.T.);
#2619=EDGE_CURVE('',#2087,#2056,#957,.T.);
#2620=EDGE_CURVE('',#2094,#2095,#156,.T.);
#2621=EDGE_CURVE('',#2095,#2096,#958,.T.);
#2622=EDGE_CURVE('',#2096,#2097,#157,.T.);
#2623=EDGE_CURVE('',#2097,#2094,#959,.T.);
#2624=EDGE_CURVE('',#2098,#2097,#960,.T.);
#2625=EDGE_CURVE('',#2099,#2098,#961,.T.);
#2626=EDGE_CURVE('',#2099,#2094,#962,.T.);
#2627=EDGE_CURVE('',#2100,#2096,#963,.T.);
#2628=EDGE_CURVE('',#2101,#2100,#964,.T.);
#2629=EDGE_CURVE('',#2101,#2102,#965,.T.);
#2630=EDGE_CURVE('',#2102,#2103,#966,.T.);
#2631=EDGE_CURVE('',#2104,#2103,#967,.T.);
#2632=EDGE_CURVE('',#2105,#2104,#968,.T.);
#2633=EDGE_CURVE('',#2105,#2106,#969,.T.);
#2634=EDGE_CURVE('',#2098,#2106,#158,.T.);
#2635=EDGE_CURVE('',#2106,#2107,#970,.T.);
#2636=EDGE_CURVE('',#2107,#2099,#159,.T.);
#2637=EDGE_CURVE('',#2105,#2108,#971,.T.);
#2638=EDGE_CURVE('',#2108,#2107,#972,.T.);
#2639=EDGE_CURVE('',#2103,#2109,#973,.T.);
#2640=EDGE_CURVE('',#2110,#2109,#974,.T.);
#2641=EDGE_CURVE('',#2104,#2110,#975,.T.);
#2642=EDGE_CURVE('',#2111,#2101,#976,.T.);
#2643=EDGE_CURVE('',#2111,#2112,#977,.T.);
#2644=EDGE_CURVE('',#2112,#2102,#978,.T.);
#2645=EDGE_CURVE('',#2112,#2109,#979,.T.);
#2646=EDGE_CURVE('',#2108,#2110,#980,.T.);
#2647=EDGE_CURVE('',#2113,#2100,#981,.T.);
#2648=EDGE_CURVE('',#2111,#2113,#982,.T.);
#2649=EDGE_CURVE('',#2113,#2095,#983,.T.);
#2650=EDGE_CURVE('',#2114,#2115,#160,.T.);
#2651=EDGE_CURVE('',#2115,#2116,#984,.T.);
#2652=EDGE_CURVE('',#2116,#2117,#161,.T.);
#2653=EDGE_CURVE('',#2117,#2114,#985,.T.);
#2654=EDGE_CURVE('',#2118,#2117,#986,.T.);
#2655=EDGE_CURVE('',#2119,#2118,#987,.T.);
#2656=EDGE_CURVE('',#2119,#2114,#988,.T.);
#2657=EDGE_CURVE('',#2120,#2116,#989,.T.);
#2658=EDGE_CURVE('',#2121,#2120,#990,.T.);
#2659=EDGE_CURVE('',#2121,#2122,#991,.T.);
#2660=EDGE_CURVE('',#2122,#2123,#992,.T.);
#2661=EDGE_CURVE('',#2124,#2123,#993,.T.);
#2662=EDGE_CURVE('',#2125,#2124,#994,.T.);
#2663=EDGE_CURVE('',#2125,#2126,#995,.T.);
#2664=EDGE_CURVE('',#2118,#2126,#162,.T.);
#2665=EDGE_CURVE('',#2126,#2127,#996,.T.);
#2666=EDGE_CURVE('',#2127,#2119,#163,.T.);
#2667=EDGE_CURVE('',#2125,#2128,#997,.T.);
#2668=EDGE_CURVE('',#2128,#2127,#998,.T.);
#2669=EDGE_CURVE('',#2123,#2129,#999,.T.);
#2670=EDGE_CURVE('',#2130,#2129,#1000,.T.);
#2671=EDGE_CURVE('',#2124,#2130,#1001,.T.);
#2672=EDGE_CURVE('',#2131,#2121,#1002,.T.);
#2673=EDGE_CURVE('',#2131,#2132,#1003,.T.);
#2674=EDGE_CURVE('',#2132,#2122,#1004,.T.);
#2675=EDGE_CURVE('',#2132,#2129,#1005,.T.);
#2676=EDGE_CURVE('',#2128,#2130,#1006,.T.);
#2677=EDGE_CURVE('',#2133,#2120,#1007,.T.);
#2678=EDGE_CURVE('',#2131,#2133,#1008,.T.);
#2679=EDGE_CURVE('',#2133,#2115,#1009,.T.);
#2680=EDGE_CURVE('',#2134,#2135,#164,.T.);
#2681=EDGE_CURVE('',#2135,#2136,#1010,.T.);
#2682=EDGE_CURVE('',#2136,#2137,#165,.T.);
#2683=EDGE_CURVE('',#2137,#2134,#1011,.T.);
#2684=EDGE_CURVE('',#2138,#2137,#1012,.T.);
#2685=EDGE_CURVE('',#2139,#2138,#1013,.T.);
#2686=EDGE_CURVE('',#2139,#2134,#1014,.T.);
#2687=EDGE_CURVE('',#2140,#2136,#1015,.T.);
#2688=EDGE_CURVE('',#2141,#2140,#1016,.T.);
#2689=EDGE_CURVE('',#2141,#2142,#1017,.T.);
#2690=EDGE_CURVE('',#2142,#2143,#1018,.T.);
#2691=EDGE_CURVE('',#2144,#2143,#1019,.T.);
#2692=EDGE_CURVE('',#2145,#2144,#1020,.T.);
#2693=EDGE_CURVE('',#2145,#2146,#1021,.T.);
#2694=EDGE_CURVE('',#2138,#2146,#166,.T.);
#2695=EDGE_CURVE('',#2146,#2147,#1022,.T.);
#2696=EDGE_CURVE('',#2147,#2139,#167,.T.);
#2697=EDGE_CURVE('',#2145,#2148,#1023,.T.);
#2698=EDGE_CURVE('',#2148,#2147,#1024,.T.);
#2699=EDGE_CURVE('',#2143,#2149,#1025,.T.);
#2700=EDGE_CURVE('',#2150,#2149,#1026,.T.);
#2701=EDGE_CURVE('',#2144,#2150,#1027,.T.);
#2702=EDGE_CURVE('',#2151,#2141,#1028,.T.);
#2703=EDGE_CURVE('',#2151,#2152,#1029,.T.);
#2704=EDGE_CURVE('',#2152,#2142,#1030,.T.);
#2705=EDGE_CURVE('',#2152,#2149,#1031,.T.);
#2706=EDGE_CURVE('',#2148,#2150,#1032,.T.);
#2707=EDGE_CURVE('',#2153,#2140,#1033,.T.);
#2708=EDGE_CURVE('',#2151,#2153,#1034,.T.);
#2709=EDGE_CURVE('',#2153,#2135,#1035,.T.);
#2710=EDGE_CURVE('',#2154,#2155,#168,.T.);
#2711=EDGE_CURVE('',#2155,#2156,#1036,.T.);
#2712=EDGE_CURVE('',#2156,#2157,#169,.T.);
#2713=EDGE_CURVE('',#2157,#2154,#1037,.T.);
#2714=EDGE_CURVE('',#2158,#2157,#1038,.T.);
#2715=EDGE_CURVE('',#2159,#2158,#1039,.T.);
#2716=EDGE_CURVE('',#2159,#2154,#1040,.T.);
#2717=EDGE_CURVE('',#2160,#2156,#1041,.T.);
#2718=EDGE_CURVE('',#2161,#2160,#1042,.T.);
#2719=EDGE_CURVE('',#2161,#2162,#1043,.T.);
#2720=EDGE_CURVE('',#2162,#2163,#1044,.T.);
#2721=EDGE_CURVE('',#2164,#2163,#1045,.T.);
#2722=EDGE_CURVE('',#2165,#2164,#1046,.T.);
#2723=EDGE_CURVE('',#2165,#2166,#1047,.T.);
#2724=EDGE_CURVE('',#2158,#2166,#170,.T.);
#2725=EDGE_CURVE('',#2166,#2167,#1048,.T.);
#2726=EDGE_CURVE('',#2167,#2159,#171,.T.);
#2727=EDGE_CURVE('',#2165,#2168,#1049,.T.);
#2728=EDGE_CURVE('',#2168,#2167,#1050,.T.);
#2729=EDGE_CURVE('',#2163,#2169,#1051,.T.);
#2730=EDGE_CURVE('',#2170,#2169,#1052,.T.);
#2731=EDGE_CURVE('',#2164,#2170,#1053,.T.);
#2732=EDGE_CURVE('',#2171,#2161,#1054,.T.);
#2733=EDGE_CURVE('',#2171,#2172,#1055,.T.);
#2734=EDGE_CURVE('',#2172,#2162,#1056,.T.);
#2735=EDGE_CURVE('',#2172,#2169,#1057,.T.);
#2736=EDGE_CURVE('',#2168,#2170,#1058,.T.);
#2737=EDGE_CURVE('',#2173,#2160,#1059,.T.);
#2738=EDGE_CURVE('',#2171,#2173,#1060,.T.);
#2739=EDGE_CURVE('',#2173,#2155,#1061,.T.);
#2740=EDGE_CURVE('',#2174,#2175,#172,.T.);
#2741=EDGE_CURVE('',#2175,#2176,#1062,.T.);
#2742=EDGE_CURVE('',#2176,#2177,#173,.T.);
#2743=EDGE_CURVE('',#2177,#2174,#1063,.T.);
#2744=EDGE_CURVE('',#2178,#2177,#1064,.T.);
#2745=EDGE_CURVE('',#2179,#2178,#1065,.T.);
#2746=EDGE_CURVE('',#2179,#2174,#1066,.T.);
#2747=EDGE_CURVE('',#2180,#2176,#1067,.T.);
#2748=EDGE_CURVE('',#2181,#2180,#1068,.T.);
#2749=EDGE_CURVE('',#2181,#2182,#1069,.T.);
#2750=EDGE_CURVE('',#2182,#2183,#1070,.T.);
#2751=EDGE_CURVE('',#2184,#2183,#1071,.T.);
#2752=EDGE_CURVE('',#2185,#2184,#1072,.T.);
#2753=EDGE_CURVE('',#2185,#2186,#1073,.T.);
#2754=EDGE_CURVE('',#2178,#2186,#174,.T.);
#2755=EDGE_CURVE('',#2186,#2187,#1074,.T.);
#2756=EDGE_CURVE('',#2187,#2179,#175,.T.);
#2757=EDGE_CURVE('',#2185,#2188,#1075,.T.);
#2758=EDGE_CURVE('',#2188,#2187,#1076,.T.);
#2759=EDGE_CURVE('',#2183,#2189,#1077,.T.);
#2760=EDGE_CURVE('',#2190,#2189,#1078,.T.);
#2761=EDGE_CURVE('',#2184,#2190,#1079,.T.);
#2762=EDGE_CURVE('',#2191,#2181,#1080,.T.);
#2763=EDGE_CURVE('',#2191,#2192,#1081,.T.);
#2764=EDGE_CURVE('',#2192,#2182,#1082,.T.);
#2765=EDGE_CURVE('',#2192,#2189,#1083,.T.);
#2766=EDGE_CURVE('',#2188,#2190,#1084,.T.);
#2767=EDGE_CURVE('',#2193,#2180,#1085,.T.);
#2768=EDGE_CURVE('',#2191,#2193,#1086,.T.);
#2769=EDGE_CURVE('',#2193,#2175,#1087,.T.);
#2770=EDGE_CURVE('',#2194,#2195,#176,.T.);
#2771=EDGE_CURVE('',#2195,#2196,#1088,.T.);
#2772=EDGE_CURVE('',#2196,#2197,#177,.T.);
#2773=EDGE_CURVE('',#2197,#2194,#1089,.T.);
#2774=EDGE_CURVE('',#2198,#2197,#1090,.T.);
#2775=EDGE_CURVE('',#2199,#2198,#1091,.T.);
#2776=EDGE_CURVE('',#2199,#2194,#1092,.T.);
#2777=EDGE_CURVE('',#2200,#2196,#1093,.T.);
#2778=EDGE_CURVE('',#2201,#2200,#1094,.T.);
#2779=EDGE_CURVE('',#2201,#2202,#1095,.T.);
#2780=EDGE_CURVE('',#2202,#2203,#1096,.T.);
#2781=EDGE_CURVE('',#2204,#2203,#1097,.T.);
#2782=EDGE_CURVE('',#2205,#2204,#1098,.T.);
#2783=EDGE_CURVE('',#2205,#2206,#1099,.T.);
#2784=EDGE_CURVE('',#2198,#2206,#178,.T.);
#2785=EDGE_CURVE('',#2206,#2207,#1100,.T.);
#2786=EDGE_CURVE('',#2207,#2199,#179,.T.);
#2787=EDGE_CURVE('',#2205,#2208,#1101,.T.);
#2788=EDGE_CURVE('',#2208,#2207,#1102,.T.);
#2789=EDGE_CURVE('',#2203,#2209,#1103,.T.);
#2790=EDGE_CURVE('',#2210,#2209,#1104,.T.);
#2791=EDGE_CURVE('',#2204,#2210,#1105,.T.);
#2792=EDGE_CURVE('',#2211,#2201,#1106,.T.);
#2793=EDGE_CURVE('',#2211,#2212,#1107,.T.);
#2794=EDGE_CURVE('',#2212,#2202,#1108,.T.);
#2795=EDGE_CURVE('',#2212,#2209,#1109,.T.);
#2796=EDGE_CURVE('',#2208,#2210,#1110,.T.);
#2797=EDGE_CURVE('',#2213,#2200,#1111,.T.);
#2798=EDGE_CURVE('',#2211,#2213,#1112,.T.);
#2799=EDGE_CURVE('',#2213,#2195,#1113,.T.);
#2800=EDGE_CURVE('',#2214,#2215,#180,.T.);
#2801=EDGE_CURVE('',#2215,#2216,#1114,.T.);
#2802=EDGE_CURVE('',#2216,#2217,#181,.T.);
#2803=EDGE_CURVE('',#2217,#2214,#1115,.T.);
#2804=EDGE_CURVE('',#2218,#2217,#1116,.T.);
#2805=EDGE_CURVE('',#2219,#2218,#1117,.T.);
#2806=EDGE_CURVE('',#2219,#2214,#1118,.T.);
#2807=EDGE_CURVE('',#2220,#2216,#1119,.T.);
#2808=EDGE_CURVE('',#2221,#2220,#1120,.T.);
#2809=EDGE_CURVE('',#2221,#2222,#1121,.T.);
#2810=EDGE_CURVE('',#2222,#2223,#1122,.T.);
#2811=EDGE_CURVE('',#2224,#2223,#1123,.T.);
#2812=EDGE_CURVE('',#2225,#2224,#1124,.T.);
#2813=EDGE_CURVE('',#2225,#2226,#1125,.T.);
#2814=EDGE_CURVE('',#2218,#2226,#182,.T.);
#2815=EDGE_CURVE('',#2226,#2227,#1126,.T.);
#2816=EDGE_CURVE('',#2227,#2219,#183,.T.);
#2817=EDGE_CURVE('',#2225,#2228,#1127,.T.);
#2818=EDGE_CURVE('',#2228,#2227,#1128,.T.);
#2819=EDGE_CURVE('',#2223,#2229,#1129,.T.);
#2820=EDGE_CURVE('',#2230,#2229,#1130,.T.);
#2821=EDGE_CURVE('',#2224,#2230,#1131,.T.);
#2822=EDGE_CURVE('',#2231,#2221,#1132,.T.);
#2823=EDGE_CURVE('',#2231,#2232,#1133,.T.);
#2824=EDGE_CURVE('',#2232,#2222,#1134,.T.);
#2825=EDGE_CURVE('',#2232,#2229,#1135,.T.);
#2826=EDGE_CURVE('',#2228,#2230,#1136,.T.);
#2827=EDGE_CURVE('',#2233,#2220,#1137,.T.);
#2828=EDGE_CURVE('',#2231,#2233,#1138,.T.);
#2829=EDGE_CURVE('',#2233,#2215,#1139,.T.);
#2830=EDGE_CURVE('',#2234,#2235,#184,.T.);
#2831=EDGE_CURVE('',#2235,#2236,#1140,.T.);
#2832=EDGE_CURVE('',#2236,#2237,#185,.T.);
#2833=EDGE_CURVE('',#2237,#2234,#1141,.T.);
#2834=EDGE_CURVE('',#2238,#2237,#1142,.T.);
#2835=EDGE_CURVE('',#2239,#2238,#1143,.T.);
#2836=EDGE_CURVE('',#2239,#2234,#1144,.T.);
#2837=EDGE_CURVE('',#2240,#2236,#1145,.T.);
#2838=EDGE_CURVE('',#2241,#2240,#1146,.T.);
#2839=EDGE_CURVE('',#2241,#2242,#1147,.T.);
#2840=EDGE_CURVE('',#2242,#2243,#1148,.T.);
#2841=EDGE_CURVE('',#2244,#2243,#1149,.T.);
#2842=EDGE_CURVE('',#2245,#2244,#1150,.T.);
#2843=EDGE_CURVE('',#2245,#2246,#1151,.T.);
#2844=EDGE_CURVE('',#2238,#2246,#186,.T.);
#2845=EDGE_CURVE('',#2246,#2247,#1152,.T.);
#2846=EDGE_CURVE('',#2247,#2239,#187,.T.);
#2847=EDGE_CURVE('',#2245,#2248,#1153,.T.);
#2848=EDGE_CURVE('',#2248,#2247,#1154,.T.);
#2849=EDGE_CURVE('',#2243,#2249,#1155,.T.);
#2850=EDGE_CURVE('',#2250,#2249,#1156,.T.);
#2851=EDGE_CURVE('',#2244,#2250,#1157,.T.);
#2852=EDGE_CURVE('',#2251,#2241,#1158,.T.);
#2853=EDGE_CURVE('',#2251,#2252,#1159,.T.);
#2854=EDGE_CURVE('',#2252,#2242,#1160,.T.);
#2855=EDGE_CURVE('',#2252,#2249,#1161,.T.);
#2856=EDGE_CURVE('',#2248,#2250,#1162,.T.);
#2857=EDGE_CURVE('',#2253,#2240,#1163,.T.);
#2858=EDGE_CURVE('',#2251,#2253,#1164,.T.);
#2859=EDGE_CURVE('',#2253,#2235,#1165,.T.);
#2860=EDGE_CURVE('',#2254,#2255,#188,.T.);
#2861=EDGE_CURVE('',#2255,#2256,#1166,.T.);
#2862=EDGE_CURVE('',#2256,#2257,#189,.T.);
#2863=EDGE_CURVE('',#2257,#2254,#1167,.T.);
#2864=EDGE_CURVE('',#2254,#2258,#1168,.T.);
#2865=EDGE_CURVE('',#2259,#2258,#190,.T.);
#2866=EDGE_CURVE('',#2260,#2259,#1169,.T.);
#2867=EDGE_CURVE('',#2261,#2260,#1170,.T.);
#2868=EDGE_CURVE('',#2261,#2262,#1171,.T.);
#2869=EDGE_CURVE('',#2262,#2263,#1172,.T.);
#2870=EDGE_CURVE('',#2264,#2263,#1173,.T.);
#2871=EDGE_CURVE('',#2265,#2264,#1174,.T.);
#2872=EDGE_CURVE('',#2265,#2255,#1175,.T.);
#2873=EDGE_CURVE('',#2257,#2266,#1176,.T.);
#2874=EDGE_CURVE('',#2258,#2266,#1177,.T.);
#2875=EDGE_CURVE('',#2266,#2267,#191,.T.);
#2876=EDGE_CURVE('',#2267,#2259,#1178,.T.);
#2877=EDGE_CURVE('',#2263,#2268,#1179,.T.);
#2878=EDGE_CURVE('',#2269,#2268,#1180,.T.);
#2879=EDGE_CURVE('',#2264,#2269,#1181,.T.);
#2880=EDGE_CURVE('',#2270,#2261,#1182,.T.);
#2881=EDGE_CURVE('',#2270,#2271,#1183,.T.);
#2882=EDGE_CURVE('',#2271,#2262,#1184,.T.);
#2883=EDGE_CURVE('',#2271,#2268,#1185,.T.);
#2884=EDGE_CURVE('',#2272,#2269,#1186,.T.);
#2885=EDGE_CURVE('',#2265,#2272,#1187,.T.);
#2886=EDGE_CURVE('',#2273,#2260,#1188,.T.);
#2887=EDGE_CURVE('',#2270,#2273,#1189,.T.);
#2888=EDGE_CURVE('',#2273,#2267,#1190,.T.);
#2889=EDGE_CURVE('',#2272,#2256,#1191,.T.);
#2890=EDGE_CURVE('',#2274,#2275,#192,.T.);
#2891=EDGE_CURVE('',#2275,#2276,#1192,.T.);
#2892=EDGE_CURVE('',#2276,#2277,#193,.T.);
#2893=EDGE_CURVE('',#2277,#2274,#1193,.T.);
#2894=EDGE_CURVE('',#2274,#2278,#1194,.T.);
#2895=EDGE_CURVE('',#2279,#2278,#194,.T.);
#2896=EDGE_CURVE('',#2280,#2279,#1195,.T.);
#2897=EDGE_CURVE('',#2281,#2280,#1196,.T.);
#2898=EDGE_CURVE('',#2281,#2282,#1197,.T.);
#2899=EDGE_CURVE('',#2282,#2283,#1198,.T.);
#2900=EDGE_CURVE('',#2284,#2283,#1199,.T.);
#2901=EDGE_CURVE('',#2285,#2284,#1200,.T.);
#2902=EDGE_CURVE('',#2285,#2275,#1201,.T.);
#2903=EDGE_CURVE('',#2277,#2286,#1202,.T.);
#2904=EDGE_CURVE('',#2278,#2286,#1203,.T.);
#2905=EDGE_CURVE('',#2286,#2287,#195,.T.);
#2906=EDGE_CURVE('',#2287,#2279,#1204,.T.);
#2907=EDGE_CURVE('',#2283,#2288,#1205,.T.);
#2908=EDGE_CURVE('',#2289,#2288,#1206,.T.);
#2909=EDGE_CURVE('',#2284,#2289,#1207,.T.);
#2910=EDGE_CURVE('',#2290,#2281,#1208,.T.);
#2911=EDGE_CURVE('',#2290,#2291,#1209,.T.);
#2912=EDGE_CURVE('',#2291,#2282,#1210,.T.);
#2913=EDGE_CURVE('',#2291,#2288,#1211,.T.);
#2914=EDGE_CURVE('',#2292,#2289,#1212,.T.);
#2915=EDGE_CURVE('',#2285,#2292,#1213,.T.);
#2916=EDGE_CURVE('',#2293,#2280,#1214,.T.);
#2917=EDGE_CURVE('',#2290,#2293,#1215,.T.);
#2918=EDGE_CURVE('',#2293,#2287,#1216,.T.);
#2919=EDGE_CURVE('',#2292,#2276,#1217,.T.);
#2920=EDGE_CURVE('',#2294,#2295,#196,.T.);
#2921=EDGE_CURVE('',#2295,#2296,#1218,.T.);
#2922=EDGE_CURVE('',#2296,#2297,#197,.T.);
#2923=EDGE_CURVE('',#2297,#2294,#1219,.T.);
#2924=EDGE_CURVE('',#2294,#2298,#1220,.T.);
#2925=EDGE_CURVE('',#2299,#2298,#198,.T.);
#2926=EDGE_CURVE('',#2300,#2299,#1221,.T.);
#2927=EDGE_CURVE('',#2301,#2300,#1222,.T.);
#2928=EDGE_CURVE('',#2301,#2302,#1223,.T.);
#2929=EDGE_CURVE('',#2302,#2303,#1224,.T.);
#2930=EDGE_CURVE('',#2304,#2303,#1225,.T.);
#2931=EDGE_CURVE('',#2305,#2304,#1226,.T.);
#2932=EDGE_CURVE('',#2305,#2295,#1227,.T.);
#2933=EDGE_CURVE('',#2297,#2306,#1228,.T.);
#2934=EDGE_CURVE('',#2298,#2306,#1229,.T.);
#2935=EDGE_CURVE('',#2306,#2307,#199,.T.);
#2936=EDGE_CURVE('',#2307,#2299,#1230,.T.);
#2937=EDGE_CURVE('',#2303,#2308,#1231,.T.);
#2938=EDGE_CURVE('',#2309,#2308,#1232,.T.);
#2939=EDGE_CURVE('',#2304,#2309,#1233,.T.);
#2940=EDGE_CURVE('',#2310,#2301,#1234,.T.);
#2941=EDGE_CURVE('',#2310,#2311,#1235,.T.);
#2942=EDGE_CURVE('',#2311,#2302,#1236,.T.);
#2943=EDGE_CURVE('',#2311,#2308,#1237,.T.);
#2944=EDGE_CURVE('',#2312,#2309,#1238,.T.);
#2945=EDGE_CURVE('',#2305,#2312,#1239,.T.);
#2946=EDGE_CURVE('',#2313,#2300,#1240,.T.);
#2947=EDGE_CURVE('',#2310,#2313,#1241,.T.);
#2948=EDGE_CURVE('',#2313,#2307,#1242,.T.);
#2949=EDGE_CURVE('',#2312,#2296,#1243,.T.);
#2950=EDGE_CURVE('',#2314,#2315,#200,.T.);
#2951=EDGE_CURVE('',#2315,#2316,#1244,.T.);
#2952=EDGE_CURVE('',#2316,#2317,#201,.T.);
#2953=EDGE_CURVE('',#2317,#2314,#1245,.T.);
#2954=EDGE_CURVE('',#2314,#2318,#1246,.T.);
#2955=EDGE_CURVE('',#2319,#2318,#202,.T.);
#2956=EDGE_CURVE('',#2320,#2319,#1247,.T.);
#2957=EDGE_CURVE('',#2321,#2320,#1248,.T.);
#2958=EDGE_CURVE('',#2321,#2322,#1249,.T.);
#2959=EDGE_CURVE('',#2322,#2323,#1250,.T.);
#2960=EDGE_CURVE('',#2324,#2323,#1251,.T.);
#2961=EDGE_CURVE('',#2325,#2324,#1252,.T.);
#2962=EDGE_CURVE('',#2325,#2315,#1253,.T.);
#2963=EDGE_CURVE('',#2317,#2326,#1254,.T.);
#2964=EDGE_CURVE('',#2318,#2326,#1255,.T.);
#2965=EDGE_CURVE('',#2326,#2327,#203,.T.);
#2966=EDGE_CURVE('',#2327,#2319,#1256,.T.);
#2967=EDGE_CURVE('',#2323,#2328,#1257,.T.);
#2968=EDGE_CURVE('',#2329,#2328,#1258,.T.);
#2969=EDGE_CURVE('',#2324,#2329,#1259,.T.);
#2970=EDGE_CURVE('',#2330,#2321,#1260,.T.);
#2971=EDGE_CURVE('',#2330,#2331,#1261,.T.);
#2972=EDGE_CURVE('',#2331,#2322,#1262,.T.);
#2973=EDGE_CURVE('',#2331,#2328,#1263,.T.);
#2974=EDGE_CURVE('',#2332,#2329,#1264,.T.);
#2975=EDGE_CURVE('',#2325,#2332,#1265,.T.);
#2976=EDGE_CURVE('',#2333,#2320,#1266,.T.);
#2977=EDGE_CURVE('',#2330,#2333,#1267,.T.);
#2978=EDGE_CURVE('',#2333,#2327,#1268,.T.);
#2979=EDGE_CURVE('',#2332,#2316,#1269,.T.);
#2980=EDGE_CURVE('',#2334,#2335,#204,.T.);
#2981=EDGE_CURVE('',#2335,#2336,#1270,.T.);
#2982=EDGE_CURVE('',#2336,#2337,#205,.T.);
#2983=EDGE_CURVE('',#2337,#2334,#1271,.T.);
#2984=EDGE_CURVE('',#2334,#2338,#1272,.T.);
#2985=EDGE_CURVE('',#2339,#2338,#206,.T.);
#2986=EDGE_CURVE('',#2340,#2339,#1273,.T.);
#2987=EDGE_CURVE('',#2341,#2340,#1274,.T.);
#2988=EDGE_CURVE('',#2341,#2342,#1275,.T.);
#2989=EDGE_CURVE('',#2342,#2343,#1276,.T.);
#2990=EDGE_CURVE('',#2344,#2343,#1277,.T.);
#2991=EDGE_CURVE('',#2345,#2344,#1278,.T.);
#2992=EDGE_CURVE('',#2345,#2335,#1279,.T.);
#2993=EDGE_CURVE('',#2337,#2346,#1280,.T.);
#2994=EDGE_CURVE('',#2338,#2346,#1281,.T.);
#2995=EDGE_CURVE('',#2346,#2347,#207,.T.);
#2996=EDGE_CURVE('',#2347,#2339,#1282,.T.);
#2997=EDGE_CURVE('',#2343,#2348,#1283,.T.);
#2998=EDGE_CURVE('',#2349,#2348,#1284,.T.);
#2999=EDGE_CURVE('',#2344,#2349,#1285,.T.);
#3000=EDGE_CURVE('',#2350,#2341,#1286,.T.);
#3001=EDGE_CURVE('',#2350,#2351,#1287,.T.);
#3002=EDGE_CURVE('',#2351,#2342,#1288,.T.);
#3003=EDGE_CURVE('',#2351,#2348,#1289,.T.);
#3004=EDGE_CURVE('',#2352,#2349,#1290,.T.);
#3005=EDGE_CURVE('',#2345,#2352,#1291,.T.);
#3006=EDGE_CURVE('',#2353,#2340,#1292,.T.);
#3007=EDGE_CURVE('',#2350,#2353,#1293,.T.);
#3008=EDGE_CURVE('',#2353,#2347,#1294,.T.);
#3009=EDGE_CURVE('',#2352,#2336,#1295,.T.);
#3010=EDGE_CURVE('',#2354,#2355,#208,.T.);
#3011=EDGE_CURVE('',#2355,#2356,#1296,.T.);
#3012=EDGE_CURVE('',#2356,#2357,#209,.T.);
#3013=EDGE_CURVE('',#2357,#2354,#1297,.T.);
#3014=EDGE_CURVE('',#2354,#2358,#1298,.T.);
#3015=EDGE_CURVE('',#2359,#2358,#210,.T.);
#3016=EDGE_CURVE('',#2360,#2359,#1299,.T.);
#3017=EDGE_CURVE('',#2361,#2360,#1300,.T.);
#3018=EDGE_CURVE('',#2361,#2362,#1301,.T.);
#3019=EDGE_CURVE('',#2362,#2363,#1302,.T.);
#3020=EDGE_CURVE('',#2364,#2363,#1303,.T.);
#3021=EDGE_CURVE('',#2365,#2364,#1304,.T.);
#3022=EDGE_CURVE('',#2365,#2355,#1305,.T.);
#3023=EDGE_CURVE('',#2357,#2366,#1306,.T.);
#3024=EDGE_CURVE('',#2358,#2366,#1307,.T.);
#3025=EDGE_CURVE('',#2366,#2367,#211,.T.);
#3026=EDGE_CURVE('',#2367,#2359,#1308,.T.);
#3027=EDGE_CURVE('',#2363,#2368,#1309,.T.);
#3028=EDGE_CURVE('',#2369,#2368,#1310,.T.);
#3029=EDGE_CURVE('',#2364,#2369,#1311,.T.);
#3030=EDGE_CURVE('',#2370,#2361,#1312,.T.);
#3031=EDGE_CURVE('',#2370,#2371,#1313,.T.);
#3032=EDGE_CURVE('',#2371,#2362,#1314,.T.);
#3033=EDGE_CURVE('',#2371,#2368,#1315,.T.);
#3034=EDGE_CURVE('',#2372,#2369,#1316,.T.);
#3035=EDGE_CURVE('',#2365,#2372,#1317,.T.);
#3036=EDGE_CURVE('',#2373,#2360,#1318,.T.);
#3037=EDGE_CURVE('',#2370,#2373,#1319,.T.);
#3038=EDGE_CURVE('',#2373,#2367,#1320,.T.);
#3039=EDGE_CURVE('',#2372,#2356,#1321,.T.);
#3040=EDGE_CURVE('',#2374,#2375,#212,.T.);
#3041=EDGE_CURVE('',#2375,#2376,#1322,.T.);
#3042=EDGE_CURVE('',#2376,#2377,#213,.T.);
#3043=EDGE_CURVE('',#2377,#2374,#1323,.T.);
#3044=EDGE_CURVE('',#2374,#2378,#1324,.T.);
#3045=EDGE_CURVE('',#2379,#2378,#214,.T.);
#3046=EDGE_CURVE('',#2380,#2379,#1325,.T.);
#3047=EDGE_CURVE('',#2381,#2380,#1326,.T.);
#3048=EDGE_CURVE('',#2381,#2382,#1327,.T.);
#3049=EDGE_CURVE('',#2382,#2383,#1328,.T.);
#3050=EDGE_CURVE('',#2384,#2383,#1329,.T.);
#3051=EDGE_CURVE('',#2385,#2384,#1330,.T.);
#3052=EDGE_CURVE('',#2385,#2375,#1331,.T.);
#3053=EDGE_CURVE('',#2377,#2386,#1332,.T.);
#3054=EDGE_CURVE('',#2378,#2386,#1333,.T.);
#3055=EDGE_CURVE('',#2386,#2387,#215,.T.);
#3056=EDGE_CURVE('',#2387,#2379,#1334,.T.);
#3057=EDGE_CURVE('',#2383,#2388,#1335,.T.);
#3058=EDGE_CURVE('',#2389,#2388,#1336,.T.);
#3059=EDGE_CURVE('',#2384,#2389,#1337,.T.);
#3060=EDGE_CURVE('',#2390,#2381,#1338,.T.);
#3061=EDGE_CURVE('',#2390,#2391,#1339,.T.);
#3062=EDGE_CURVE('',#2391,#2382,#1340,.T.);
#3063=EDGE_CURVE('',#2391,#2388,#1341,.T.);
#3064=EDGE_CURVE('',#2392,#2389,#1342,.T.);
#3065=EDGE_CURVE('',#2385,#2392,#1343,.T.);
#3066=EDGE_CURVE('',#2393,#2380,#1344,.T.);
#3067=EDGE_CURVE('',#2390,#2393,#1345,.T.);
#3068=EDGE_CURVE('',#2393,#2387,#1346,.T.);
#3069=EDGE_CURVE('',#2392,#2376,#1347,.T.);
#3070=EDGE_CURVE('',#2394,#2395,#216,.T.);
#3071=EDGE_CURVE('',#2395,#2396,#1348,.T.);
#3072=EDGE_CURVE('',#2396,#2397,#217,.T.);
#3073=EDGE_CURVE('',#2397,#2394,#1349,.T.);
#3074=EDGE_CURVE('',#2394,#2398,#1350,.T.);
#3075=EDGE_CURVE('',#2399,#2398,#218,.T.);
#3076=EDGE_CURVE('',#2400,#2399,#1351,.T.);
#3077=EDGE_CURVE('',#2401,#2400,#1352,.T.);
#3078=EDGE_CURVE('',#2401,#2402,#1353,.T.);
#3079=EDGE_CURVE('',#2402,#2403,#1354,.T.);
#3080=EDGE_CURVE('',#2404,#2403,#1355,.T.);
#3081=EDGE_CURVE('',#2405,#2404,#1356,.T.);
#3082=EDGE_CURVE('',#2405,#2395,#1357,.T.);
#3083=EDGE_CURVE('',#2397,#2406,#1358,.T.);
#3084=EDGE_CURVE('',#2398,#2406,#1359,.T.);
#3085=EDGE_CURVE('',#2406,#2407,#219,.T.);
#3086=EDGE_CURVE('',#2407,#2399,#1360,.T.);
#3087=EDGE_CURVE('',#2403,#2408,#1361,.T.);
#3088=EDGE_CURVE('',#2409,#2408,#1362,.T.);
#3089=EDGE_CURVE('',#2404,#2409,#1363,.T.);
#3090=EDGE_CURVE('',#2410,#2401,#1364,.T.);
#3091=EDGE_CURVE('',#2410,#2411,#1365,.T.);
#3092=EDGE_CURVE('',#2411,#2402,#1366,.T.);
#3093=EDGE_CURVE('',#2411,#2408,#1367,.T.);
#3094=EDGE_CURVE('',#2412,#2409,#1368,.T.);
#3095=EDGE_CURVE('',#2405,#2412,#1369,.T.);
#3096=EDGE_CURVE('',#2413,#2400,#1370,.T.);
#3097=EDGE_CURVE('',#2410,#2413,#1371,.T.);
#3098=EDGE_CURVE('',#2413,#2407,#1372,.T.);
#3099=EDGE_CURVE('',#2412,#2396,#1373,.T.);
#3100=ORIENTED_EDGE('',*,*,#2414,.F.);
#3101=ORIENTED_EDGE('',*,*,#2415,.F.);
#3102=ORIENTED_EDGE('',*,*,#2416,.F.);
#3103=ORIENTED_EDGE('',*,*,#2417,.F.);
#3104=ORIENTED_EDGE('',*,*,#2418,.F.);
#3105=ORIENTED_EDGE('',*,*,#2417,.T.);
#3106=ORIENTED_EDGE('',*,*,#2419,.F.);
#3107=ORIENTED_EDGE('',*,*,#2420,.F.);
#3108=ORIENTED_EDGE('',*,*,#2421,.F.);
#3109=ORIENTED_EDGE('',*,*,#2420,.T.);
#3110=ORIENTED_EDGE('',*,*,#2422,.F.);
#3111=ORIENTED_EDGE('',*,*,#2423,.F.);
#3112=ORIENTED_EDGE('',*,*,#2424,.F.);
#3113=ORIENTED_EDGE('',*,*,#2422,.T.);
#3114=ORIENTED_EDGE('',*,*,#2419,.T.);
#3115=ORIENTED_EDGE('',*,*,#2416,.T.);
#3116=ORIENTED_EDGE('',*,*,#2425,.F.);
#3117=ORIENTED_EDGE('',*,*,#2414,.T.);
#3118=ORIENTED_EDGE('',*,*,#2418,.T.);
#3119=ORIENTED_EDGE('',*,*,#2421,.T.);
#3120=ORIENTED_EDGE('',*,*,#2426,.T.);
#3121=ORIENTED_EDGE('',*,*,#2427,.T.);
#3122=ORIENTED_EDGE('',*,*,#2428,.T.);
#3123=ORIENTED_EDGE('',*,*,#2429,.T.);
#3124=ORIENTED_EDGE('',*,*,#2430,.T.);
#3125=ORIENTED_EDGE('',*,*,#2431,.T.);
#3126=ORIENTED_EDGE('',*,*,#2432,.T.);
#3127=ORIENTED_EDGE('',*,*,#2433,.T.);
#3128=ORIENTED_EDGE('',*,*,#2434,.T.);
#3129=ORIENTED_EDGE('',*,*,#2435,.T.);
#3130=ORIENTED_EDGE('',*,*,#2436,.T.);
#3131=ORIENTED_EDGE('',*,*,#2437,.T.);
#3132=ORIENTED_EDGE('',*,*,#2434,.F.);
#3133=ORIENTED_EDGE('',*,*,#2438,.T.);
#3134=ORIENTED_EDGE('',*,*,#2439,.T.);
#3135=ORIENTED_EDGE('',*,*,#2440,.F.);
#3136=ORIENTED_EDGE('',*,*,#2441,.F.);
#3137=ORIENTED_EDGE('',*,*,#2442,.T.);
#3138=ORIENTED_EDGE('',*,*,#2443,.T.);
#3139=ORIENTED_EDGE('',*,*,#2444,.F.);
#3140=ORIENTED_EDGE('',*,*,#2443,.F.);
#3141=ORIENTED_EDGE('',*,*,#2445,.F.);
#3142=ORIENTED_EDGE('',*,*,#2446,.F.);
#3143=ORIENTED_EDGE('',*,*,#2447,.F.);
#3144=ORIENTED_EDGE('',*,*,#2439,.F.);
#3145=ORIENTED_EDGE('',*,*,#2448,.F.);
#3146=ORIENTED_EDGE('',*,*,#2449,.F.);
#3147=ORIENTED_EDGE('',*,*,#2450,.F.);
#3148=ORIENTED_EDGE('',*,*,#2441,.T.);
#3149=ORIENTED_EDGE('',*,*,#2451,.T.);
#3150=ORIENTED_EDGE('',*,*,#2452,.T.);
#3151=ORIENTED_EDGE('',*,*,#2453,.T.);
#3152=ORIENTED_EDGE('',*,*,#2454,.T.);
#3153=ORIENTED_EDGE('',*,*,#2455,.T.);
#3154=ORIENTED_EDGE('',*,*,#2456,.T.);
#3155=ORIENTED_EDGE('',*,*,#2457,.T.);
#3156=ORIENTED_EDGE('',*,*,#2458,.T.);
#3157=ORIENTED_EDGE('',*,*,#2459,.T.);
#3158=ORIENTED_EDGE('',*,*,#2460,.T.);
#3159=ORIENTED_EDGE('',*,*,#2461,.T.);
#3160=ORIENTED_EDGE('',*,*,#2446,.T.);
#3161=ORIENTED_EDGE('',*,*,#2462,.F.);
#3162=ORIENTED_EDGE('',*,*,#2452,.F.);
#3163=ORIENTED_EDGE('',*,*,#2463,.T.);
#3164=ORIENTED_EDGE('',*,*,#2464,.T.);
#3165=ORIENTED_EDGE('',*,*,#2465,.T.);
#3166=ORIENTED_EDGE('',*,*,#2466,.T.);
#3167=ORIENTED_EDGE('',*,*,#2467,.F.);
#3168=ORIENTED_EDGE('',*,*,#2468,.T.);
#3169=ORIENTED_EDGE('',*,*,#2469,.T.);
#3170=ORIENTED_EDGE('',*,*,#2470,.T.);
#3171=ORIENTED_EDGE('',*,*,#2465,.F.);
#3172=ORIENTED_EDGE('',*,*,#2471,.T.);
#3173=ORIENTED_EDGE('',*,*,#2472,.F.);
#3174=ORIENTED_EDGE('',*,*,#2473,.T.);
#3175=ORIENTED_EDGE('',*,*,#2469,.F.);
#3176=ORIENTED_EDGE('',*,*,#2474,.F.);
#3177=ORIENTED_EDGE('',*,*,#2466,.F.);
#3178=ORIENTED_EDGE('',*,*,#2470,.F.);
#3179=ORIENTED_EDGE('',*,*,#2473,.F.);
#3180=ORIENTED_EDGE('',*,*,#2475,.F.);
#3181=ORIENTED_EDGE('',*,*,#2471,.F.);
#3182=ORIENTED_EDGE('',*,*,#2468,.F.);
#3183=ORIENTED_EDGE('',*,*,#2464,.F.);
#3184=ORIENTED_EDGE('',*,*,#2476,.T.);
#3185=ORIENTED_EDGE('',*,*,#2477,.T.);
#3186=ORIENTED_EDGE('',*,*,#2478,.T.);
#3187=ORIENTED_EDGE('',*,*,#2479,.F.);
#3188=ORIENTED_EDGE('',*,*,#2480,.T.);
#3189=ORIENTED_EDGE('',*,*,#2481,.T.);
#3190=ORIENTED_EDGE('',*,*,#2482,.T.);
#3191=ORIENTED_EDGE('',*,*,#2477,.F.);
#3192=ORIENTED_EDGE('',*,*,#2483,.T.);
#3193=ORIENTED_EDGE('',*,*,#2484,.F.);
#3194=ORIENTED_EDGE('',*,*,#2485,.T.);
#3195=ORIENTED_EDGE('',*,*,#2481,.F.);
#3196=ORIENTED_EDGE('',*,*,#2486,.F.);
#3197=ORIENTED_EDGE('',*,*,#2478,.F.);
#3198=ORIENTED_EDGE('',*,*,#2482,.F.);
#3199=ORIENTED_EDGE('',*,*,#2485,.F.);
#3200=ORIENTED_EDGE('',*,*,#2487,.F.);
#3201=ORIENTED_EDGE('',*,*,#2483,.F.);
#3202=ORIENTED_EDGE('',*,*,#2480,.F.);
#3203=ORIENTED_EDGE('',*,*,#2476,.F.);
#3204=ORIENTED_EDGE('',*,*,#2488,.F.);
#3205=ORIENTED_EDGE('',*,*,#2489,.F.);
#3206=ORIENTED_EDGE('',*,*,#2490,.F.);
#3207=ORIENTED_EDGE('',*,*,#2491,.F.);
#3208=ORIENTED_EDGE('',*,*,#2492,.F.);
#3209=ORIENTED_EDGE('',*,*,#2491,.T.);
#3210=ORIENTED_EDGE('',*,*,#2493,.F.);
#3211=ORIENTED_EDGE('',*,*,#2494,.F.);
#3212=ORIENTED_EDGE('',*,*,#2495,.F.);
#3213=ORIENTED_EDGE('',*,*,#2494,.T.);
#3214=ORIENTED_EDGE('',*,*,#2496,.F.);
#3215=ORIENTED_EDGE('',*,*,#2497,.F.);
#3216=ORIENTED_EDGE('',*,*,#2498,.F.);
#3217=ORIENTED_EDGE('',*,*,#2496,.T.);
#3218=ORIENTED_EDGE('',*,*,#2493,.T.);
#3219=ORIENTED_EDGE('',*,*,#2490,.T.);
#3220=ORIENTED_EDGE('',*,*,#2499,.F.);
#3221=ORIENTED_EDGE('',*,*,#2488,.T.);
#3222=ORIENTED_EDGE('',*,*,#2492,.T.);
#3223=ORIENTED_EDGE('',*,*,#2495,.T.);
#3224=ORIENTED_EDGE('',*,*,#2500,.F.);
#3225=ORIENTED_EDGE('',*,*,#2501,.T.);
#3226=ORIENTED_EDGE('',*,*,#2454,.F.);
#3227=ORIENTED_EDGE('',*,*,#2501,.F.);
#3228=ORIENTED_EDGE('',*,*,#2500,.T.);
#3229=ORIENTED_EDGE('',*,*,#2502,.F.);
#3230=ORIENTED_EDGE('',*,*,#2503,.T.);
#3231=ORIENTED_EDGE('',*,*,#2455,.F.);
#3232=ORIENTED_EDGE('',*,*,#2503,.F.);
#3233=ORIENTED_EDGE('',*,*,#2502,.T.);
#3234=ORIENTED_EDGE('',*,*,#2504,.F.);
#3235=ORIENTED_EDGE('',*,*,#2505,.T.);
#3236=ORIENTED_EDGE('',*,*,#2456,.F.);
#3237=ORIENTED_EDGE('',*,*,#2505,.F.);
#3238=ORIENTED_EDGE('',*,*,#2504,.T.);
#3239=ORIENTED_EDGE('',*,*,#2506,.F.);
#3240=ORIENTED_EDGE('',*,*,#2507,.T.);
#3241=ORIENTED_EDGE('',*,*,#2457,.F.);
#3242=ORIENTED_EDGE('',*,*,#2507,.F.);
#3243=ORIENTED_EDGE('',*,*,#2506,.T.);
#3244=ORIENTED_EDGE('',*,*,#2508,.T.);
#3245=ORIENTED_EDGE('',*,*,#2509,.F.);
#3246=ORIENTED_EDGE('',*,*,#2458,.F.);
#3247=ORIENTED_EDGE('',*,*,#2510,.T.);
#3248=ORIENTED_EDGE('',*,*,#2511,.T.);
#3249=ORIENTED_EDGE('',*,*,#2512,.F.);
#3250=ORIENTED_EDGE('',*,*,#2459,.F.);
#3251=ORIENTED_EDGE('',*,*,#2509,.T.);
#3252=ORIENTED_EDGE('',*,*,#2513,.T.);
#3253=ORIENTED_EDGE('',*,*,#2514,.F.);
#3254=ORIENTED_EDGE('',*,*,#2460,.F.);
#3255=ORIENTED_EDGE('',*,*,#2512,.T.);
#3256=ORIENTED_EDGE('',*,*,#2515,.T.);
#3257=ORIENTED_EDGE('',*,*,#2510,.F.);
#3258=ORIENTED_EDGE('',*,*,#2461,.F.);
#3259=ORIENTED_EDGE('',*,*,#2514,.T.);
#3260=ORIENTED_EDGE('',*,*,#2513,.F.);
#3261=ORIENTED_EDGE('',*,*,#2511,.F.);
#3262=ORIENTED_EDGE('',*,*,#2508,.F.);
#3263=ORIENTED_EDGE('',*,*,#2515,.F.);
#3264=ORIENTED_EDGE('',*,*,#2447,.T.);
#3265=ORIENTED_EDGE('',*,*,#2463,.F.);
#3266=ORIENTED_EDGE('',*,*,#2451,.F.);
#3267=ORIENTED_EDGE('',*,*,#2444,.T.);
#3268=ORIENTED_EDGE('',*,*,#2445,.T.);
#3269=ORIENTED_EDGE('',*,*,#2442,.F.);
#3270=ORIENTED_EDGE('',*,*,#2453,.F.);
#3271=ORIENTED_EDGE('',*,*,#2462,.T.);
#3272=ORIENTED_EDGE('',*,*,#2437,.F.);
#3273=ORIENTED_EDGE('',*,*,#2516,.T.);
#3274=ORIENTED_EDGE('',*,*,#2448,.T.);
#3275=ORIENTED_EDGE('',*,*,#2438,.F.);
#3276=ORIENTED_EDGE('',*,*,#2436,.F.);
#3277=ORIENTED_EDGE('',*,*,#2517,.T.);
#3278=ORIENTED_EDGE('',*,*,#2449,.T.);
#3279=ORIENTED_EDGE('',*,*,#2516,.F.);
#3280=ORIENTED_EDGE('',*,*,#2435,.F.);
#3281=ORIENTED_EDGE('',*,*,#2440,.T.);
#3282=ORIENTED_EDGE('',*,*,#2450,.T.);
#3283=ORIENTED_EDGE('',*,*,#2517,.F.);
#3284=ORIENTED_EDGE('',*,*,#2518,.F.);
#3285=ORIENTED_EDGE('',*,*,#2519,.T.);
#3286=ORIENTED_EDGE('',*,*,#2520,.F.);
#3287=ORIENTED_EDGE('',*,*,#2521,.F.);
#3288=ORIENTED_EDGE('',*,*,#2522,.F.);
#3289=ORIENTED_EDGE('',*,*,#2523,.F.);
#3290=ORIENTED_EDGE('',*,*,#2524,.F.);
#3291=ORIENTED_EDGE('',*,*,#2525,.F.);
#3292=ORIENTED_EDGE('',*,*,#2526,.F.);
#3293=ORIENTED_EDGE('',*,*,#2527,.F.);
#3294=ORIENTED_EDGE('',*,*,#2528,.F.);
#3295=ORIENTED_EDGE('',*,*,#2529,.T.);
#3296=ORIENTED_EDGE('',*,*,#2530,.F.);
#3297=ORIENTED_EDGE('',*,*,#2531,.F.);
#3298=ORIENTED_EDGE('',*,*,#2532,.F.);
#3299=ORIENTED_EDGE('',*,*,#2533,.F.);
#3300=ORIENTED_EDGE('',*,*,#2534,.F.);
#3301=ORIENTED_EDGE('',*,*,#2535,.F.);
#3302=ORIENTED_EDGE('',*,*,#2536,.F.);
#3303=ORIENTED_EDGE('',*,*,#2537,.F.);
#3304=ORIENTED_EDGE('',*,*,#2538,.F.);
#3305=ORIENTED_EDGE('',*,*,#2539,.F.);
#3306=ORIENTED_EDGE('',*,*,#2540,.F.);
#3307=ORIENTED_EDGE('',*,*,#2541,.F.);
#3308=ORIENTED_EDGE('',*,*,#2542,.F.);
#3309=ORIENTED_EDGE('',*,*,#2543,.F.);
#3310=ORIENTED_EDGE('',*,*,#2544,.F.);
#3311=ORIENTED_EDGE('',*,*,#2545,.F.);
#3312=ORIENTED_EDGE('',*,*,#2546,.F.);
#3313=ORIENTED_EDGE('',*,*,#2547,.F.);
#3314=ORIENTED_EDGE('',*,*,#2548,.F.);
#3315=ORIENTED_EDGE('',*,*,#2549,.F.);
#3316=ORIENTED_EDGE('',*,*,#2550,.F.);
#3317=ORIENTED_EDGE('',*,*,#2551,.F.);
#3318=ORIENTED_EDGE('',*,*,#2552,.F.);
#3319=ORIENTED_EDGE('',*,*,#2553,.F.);
#3320=ORIENTED_EDGE('',*,*,#2535,.T.);
#3321=ORIENTED_EDGE('',*,*,#2554,.T.);
#3322=ORIENTED_EDGE('',*,*,#2433,.F.);
#3323=ORIENTED_EDGE('',*,*,#2555,.F.);
#3324=ORIENTED_EDGE('',*,*,#2536,.T.);
#3325=ORIENTED_EDGE('',*,*,#2555,.T.);
#3326=ORIENTED_EDGE('',*,*,#2432,.F.);
#3327=ORIENTED_EDGE('',*,*,#2556,.F.);
#3328=ORIENTED_EDGE('',*,*,#2537,.T.);
#3329=ORIENTED_EDGE('',*,*,#2556,.T.);
#3330=ORIENTED_EDGE('',*,*,#2431,.F.);
#3331=ORIENTED_EDGE('',*,*,#2557,.F.);
#3332=ORIENTED_EDGE('',*,*,#2415,.T.);
#3333=ORIENTED_EDGE('',*,*,#2425,.T.);
#3334=ORIENTED_EDGE('',*,*,#2423,.T.);
#3335=ORIENTED_EDGE('',*,*,#2424,.T.);
#3336=ORIENTED_EDGE('',*,*,#2467,.T.);
#3337=ORIENTED_EDGE('',*,*,#2474,.T.);
#3338=ORIENTED_EDGE('',*,*,#2472,.T.);
#3339=ORIENTED_EDGE('',*,*,#2475,.T.);
#3340=ORIENTED_EDGE('',*,*,#2538,.T.);
#3341=ORIENTED_EDGE('',*,*,#2557,.T.);
#3342=ORIENTED_EDGE('',*,*,#2430,.F.);
#3343=ORIENTED_EDGE('',*,*,#2558,.F.);
#3344=ORIENTED_EDGE('',*,*,#2539,.T.);
#3345=ORIENTED_EDGE('',*,*,#2558,.T.);
#3346=ORIENTED_EDGE('',*,*,#2429,.F.);
#3347=ORIENTED_EDGE('',*,*,#2559,.F.);
#3348=ORIENTED_EDGE('',*,*,#2540,.T.);
#3349=ORIENTED_EDGE('',*,*,#2559,.T.);
#3350=ORIENTED_EDGE('',*,*,#2428,.F.);
#3351=ORIENTED_EDGE('',*,*,#2560,.F.);
#3352=ORIENTED_EDGE('',*,*,#2541,.T.);
#3353=ORIENTED_EDGE('',*,*,#2560,.T.);
#3354=ORIENTED_EDGE('',*,*,#2427,.F.);
#3355=ORIENTED_EDGE('',*,*,#2561,.F.);
#3356=ORIENTED_EDGE('',*,*,#2484,.T.);
#3357=ORIENTED_EDGE('',*,*,#2487,.T.);
#3358=ORIENTED_EDGE('',*,*,#2479,.T.);
#3359=ORIENTED_EDGE('',*,*,#2486,.T.);
#3360=ORIENTED_EDGE('',*,*,#2497,.T.);
#3361=ORIENTED_EDGE('',*,*,#2498,.T.);
#3362=ORIENTED_EDGE('',*,*,#2489,.T.);
#3363=ORIENTED_EDGE('',*,*,#2499,.T.);
#3364=ORIENTED_EDGE('',*,*,#2534,.T.);
#3365=ORIENTED_EDGE('',*,*,#2561,.T.);
#3366=ORIENTED_EDGE('',*,*,#2426,.F.);
#3367=ORIENTED_EDGE('',*,*,#2554,.F.);
#3368=ORIENTED_EDGE('',*,*,#2532,.T.);
#3369=ORIENTED_EDGE('',*,*,#2562,.F.);
#3370=ORIENTED_EDGE('',*,*,#2563,.T.);
#3371=ORIENTED_EDGE('',*,*,#2564,.T.);
#3372=ORIENTED_EDGE('',*,*,#2531,.T.);
#3373=ORIENTED_EDGE('',*,*,#2565,.F.);
#3374=ORIENTED_EDGE('',*,*,#2566,.T.);
#3375=ORIENTED_EDGE('',*,*,#2562,.T.);
#3376=ORIENTED_EDGE('',*,*,#2530,.T.);
#3377=ORIENTED_EDGE('',*,*,#2567,.F.);
#3378=ORIENTED_EDGE('',*,*,#2568,.T.);
#3379=ORIENTED_EDGE('',*,*,#2565,.T.);
#3380=ORIENTED_EDGE('',*,*,#2533,.T.);
#3381=ORIENTED_EDGE('',*,*,#2564,.F.);
#3382=ORIENTED_EDGE('',*,*,#2569,.T.);
#3383=ORIENTED_EDGE('',*,*,#2567,.T.);
#3384=ORIENTED_EDGE('',*,*,#2568,.F.);
#3385=ORIENTED_EDGE('',*,*,#2570,.F.);
#3386=ORIENTED_EDGE('',*,*,#2571,.F.);
#3387=ORIENTED_EDGE('',*,*,#2566,.F.);
#3388=ORIENTED_EDGE('',*,*,#2570,.T.);
#3389=ORIENTED_EDGE('',*,*,#2569,.F.);
#3390=ORIENTED_EDGE('',*,*,#2563,.F.);
#3391=ORIENTED_EDGE('',*,*,#2571,.T.);
#3392=ORIENTED_EDGE('',*,*,#2528,.T.);
#3393=ORIENTED_EDGE('',*,*,#2572,.F.);
#3394=ORIENTED_EDGE('',*,*,#2573,.F.);
#3395=ORIENTED_EDGE('',*,*,#2574,.T.);
#3396=ORIENTED_EDGE('',*,*,#2527,.T.);
#3397=ORIENTED_EDGE('',*,*,#2575,.F.);
#3398=ORIENTED_EDGE('',*,*,#2576,.T.);
#3399=ORIENTED_EDGE('',*,*,#2572,.T.);
#3400=ORIENTED_EDGE('',*,*,#2526,.T.);
#3401=ORIENTED_EDGE('',*,*,#2577,.F.);
#3402=ORIENTED_EDGE('',*,*,#2578,.F.);
#3403=ORIENTED_EDGE('',*,*,#2575,.T.);
#3404=ORIENTED_EDGE('',*,*,#2525,.T.);
#3405=ORIENTED_EDGE('',*,*,#2579,.F.);
#3406=ORIENTED_EDGE('',*,*,#2580,.T.);
#3407=ORIENTED_EDGE('',*,*,#2577,.T.);
#3408=ORIENTED_EDGE('',*,*,#2524,.T.);
#3409=ORIENTED_EDGE('',*,*,#2581,.F.);
#3410=ORIENTED_EDGE('',*,*,#2582,.F.);
#3411=ORIENTED_EDGE('',*,*,#2579,.T.);
#3412=ORIENTED_EDGE('',*,*,#2523,.T.);
#3413=ORIENTED_EDGE('',*,*,#2583,.F.);
#3414=ORIENTED_EDGE('',*,*,#2584,.T.);
#3415=ORIENTED_EDGE('',*,*,#2581,.T.);
#3416=ORIENTED_EDGE('',*,*,#2522,.T.);
#3417=ORIENTED_EDGE('',*,*,#2585,.F.);
#3418=ORIENTED_EDGE('',*,*,#2586,.F.);
#3419=ORIENTED_EDGE('',*,*,#2583,.T.);
#3420=ORIENTED_EDGE('',*,*,#2521,.T.);
#3421=ORIENTED_EDGE('',*,*,#2587,.F.);
#3422=ORIENTED_EDGE('',*,*,#2588,.T.);
#3423=ORIENTED_EDGE('',*,*,#2585,.T.);
#3424=ORIENTED_EDGE('',*,*,#2520,.T.);
#3425=ORIENTED_EDGE('',*,*,#2589,.F.);
#3426=ORIENTED_EDGE('',*,*,#2590,.F.);
#3427=ORIENTED_EDGE('',*,*,#2587,.T.);
#3428=ORIENTED_EDGE('',*,*,#2547,.T.);
#3429=ORIENTED_EDGE('',*,*,#2591,.F.);
#3430=ORIENTED_EDGE('',*,*,#2592,.T.);
#3431=ORIENTED_EDGE('',*,*,#2593,.T.);
#3432=ORIENTED_EDGE('',*,*,#2546,.T.);
#3433=ORIENTED_EDGE('',*,*,#2594,.F.);
#3434=ORIENTED_EDGE('',*,*,#2595,.T.);
#3435=ORIENTED_EDGE('',*,*,#2591,.T.);
#3436=ORIENTED_EDGE('',*,*,#2518,.T.);
#3437=ORIENTED_EDGE('',*,*,#2596,.F.);
#3438=ORIENTED_EDGE('',*,*,#2597,.F.);
#3439=ORIENTED_EDGE('',*,*,#2598,.T.);
#3440=ORIENTED_EDGE('',*,*,#2548,.T.);
#3441=ORIENTED_EDGE('',*,*,#2593,.F.);
#3442=ORIENTED_EDGE('',*,*,#2599,.T.);
#3443=ORIENTED_EDGE('',*,*,#2600,.F.);
#3444=ORIENTED_EDGE('',*,*,#2519,.F.);
#3445=ORIENTED_EDGE('',*,*,#2598,.F.);
#3446=ORIENTED_EDGE('',*,*,#2601,.F.);
#3447=ORIENTED_EDGE('',*,*,#2589,.T.);
#3448=ORIENTED_EDGE('',*,*,#2529,.F.);
#3449=ORIENTED_EDGE('',*,*,#2574,.F.);
#3450=ORIENTED_EDGE('',*,*,#2602,.F.);
#3451=ORIENTED_EDGE('',*,*,#2596,.T.);
#3452=ORIENTED_EDGE('',*,*,#2603,.T.);
#3453=ORIENTED_EDGE('',*,*,#2604,.T.);
#3454=ORIENTED_EDGE('',*,*,#2605,.T.);
#3455=ORIENTED_EDGE('',*,*,#2606,.T.);
#3456=ORIENTED_EDGE('',*,*,#2607,.T.);
#3457=ORIENTED_EDGE('',*,*,#2608,.T.);
#3458=ORIENTED_EDGE('',*,*,#2609,.T.);
#3459=ORIENTED_EDGE('',*,*,#2610,.T.);
#3460=ORIENTED_EDGE('',*,*,#2611,.T.);
#3461=ORIENTED_EDGE('',*,*,#2599,.F.);
#3462=ORIENTED_EDGE('',*,*,#2592,.F.);
#3463=ORIENTED_EDGE('',*,*,#2595,.F.);
#3464=ORIENTED_EDGE('',*,*,#2601,.T.);
#3465=ORIENTED_EDGE('',*,*,#2597,.T.);
#3466=ORIENTED_EDGE('',*,*,#2602,.T.);
#3467=ORIENTED_EDGE('',*,*,#2573,.T.);
#3468=ORIENTED_EDGE('',*,*,#2576,.F.);
#3469=ORIENTED_EDGE('',*,*,#2578,.T.);
#3470=ORIENTED_EDGE('',*,*,#2580,.F.);
#3471=ORIENTED_EDGE('',*,*,#2582,.T.);
#3472=ORIENTED_EDGE('',*,*,#2584,.F.);
#3473=ORIENTED_EDGE('',*,*,#2586,.T.);
#3474=ORIENTED_EDGE('',*,*,#2588,.F.);
#3475=ORIENTED_EDGE('',*,*,#2590,.T.);
#3476=ORIENTED_EDGE('',*,*,#2594,.T.);
#3477=ORIENTED_EDGE('',*,*,#2545,.T.);
#3478=ORIENTED_EDGE('',*,*,#2612,.F.);
#3479=ORIENTED_EDGE('',*,*,#2603,.F.);
#3480=ORIENTED_EDGE('',*,*,#2600,.T.);
#3481=ORIENTED_EDGE('',*,*,#2611,.F.);
#3482=ORIENTED_EDGE('',*,*,#2613,.T.);
#3483=ORIENTED_EDGE('',*,*,#2549,.T.);
#3484=ORIENTED_EDGE('',*,*,#2552,.T.);
#3485=ORIENTED_EDGE('',*,*,#2614,.F.);
#3486=ORIENTED_EDGE('',*,*,#2608,.F.);
#3487=ORIENTED_EDGE('',*,*,#2615,.T.);
#3488=ORIENTED_EDGE('',*,*,#2551,.T.);
#3489=ORIENTED_EDGE('',*,*,#2616,.F.);
#3490=ORIENTED_EDGE('',*,*,#2609,.F.);
#3491=ORIENTED_EDGE('',*,*,#2614,.T.);
#3492=ORIENTED_EDGE('',*,*,#2550,.T.);
#3493=ORIENTED_EDGE('',*,*,#2613,.F.);
#3494=ORIENTED_EDGE('',*,*,#2610,.F.);
#3495=ORIENTED_EDGE('',*,*,#2616,.T.);
#3496=ORIENTED_EDGE('',*,*,#2542,.T.);
#3497=ORIENTED_EDGE('',*,*,#2617,.F.);
#3498=ORIENTED_EDGE('',*,*,#2606,.F.);
#3499=ORIENTED_EDGE('',*,*,#2618,.T.);
#3500=ORIENTED_EDGE('',*,*,#2544,.T.);
#3501=ORIENTED_EDGE('',*,*,#2619,.F.);
#3502=ORIENTED_EDGE('',*,*,#2604,.F.);
#3503=ORIENTED_EDGE('',*,*,#2612,.T.);
#3504=ORIENTED_EDGE('',*,*,#2543,.T.);
#3505=ORIENTED_EDGE('',*,*,#2618,.F.);
#3506=ORIENTED_EDGE('',*,*,#2605,.F.);
#3507=ORIENTED_EDGE('',*,*,#2619,.T.);
#3508=ORIENTED_EDGE('',*,*,#2553,.T.);
#3509=ORIENTED_EDGE('',*,*,#2615,.F.);
#3510=ORIENTED_EDGE('',*,*,#2607,.F.);
#3511=ORIENTED_EDGE('',*,*,#2617,.T.);
#3512=ORIENTED_EDGE('',*,*,#2620,.T.);
#3513=ORIENTED_EDGE('',*,*,#2621,.T.);
#3514=ORIENTED_EDGE('',*,*,#2622,.T.);
#3515=ORIENTED_EDGE('',*,*,#2623,.T.);
#3516=ORIENTED_EDGE('',*,*,#2623,.F.);
#3517=ORIENTED_EDGE('',*,*,#2624,.F.);
#3518=ORIENTED_EDGE('',*,*,#2625,.F.);
#3519=ORIENTED_EDGE('',*,*,#2626,.T.);
#3520=ORIENTED_EDGE('',*,*,#2622,.F.);
#3521=ORIENTED_EDGE('',*,*,#2627,.F.);
#3522=ORIENTED_EDGE('',*,*,#2628,.F.);
#3523=ORIENTED_EDGE('',*,*,#2629,.T.);
#3524=ORIENTED_EDGE('',*,*,#2630,.T.);
#3525=ORIENTED_EDGE('',*,*,#2631,.F.);
#3526=ORIENTED_EDGE('',*,*,#2632,.F.);
#3527=ORIENTED_EDGE('',*,*,#2633,.T.);
#3528=ORIENTED_EDGE('',*,*,#2634,.F.);
#3529=ORIENTED_EDGE('',*,*,#2624,.T.);
#3530=ORIENTED_EDGE('',*,*,#2634,.T.);
#3531=ORIENTED_EDGE('',*,*,#2635,.T.);
#3532=ORIENTED_EDGE('',*,*,#2636,.T.);
#3533=ORIENTED_EDGE('',*,*,#2625,.T.);
#3534=ORIENTED_EDGE('',*,*,#2635,.F.);
#3535=ORIENTED_EDGE('',*,*,#2633,.F.);
#3536=ORIENTED_EDGE('',*,*,#2637,.T.);
#3537=ORIENTED_EDGE('',*,*,#2638,.T.);
#3538=ORIENTED_EDGE('',*,*,#2639,.T.);
#3539=ORIENTED_EDGE('',*,*,#2640,.F.);
#3540=ORIENTED_EDGE('',*,*,#2641,.F.);
#3541=ORIENTED_EDGE('',*,*,#2631,.T.);
#3542=ORIENTED_EDGE('',*,*,#2642,.F.);
#3543=ORIENTED_EDGE('',*,*,#2643,.T.);
#3544=ORIENTED_EDGE('',*,*,#2644,.T.);
#3545=ORIENTED_EDGE('',*,*,#2629,.F.);
#3546=ORIENTED_EDGE('',*,*,#2644,.F.);
#3547=ORIENTED_EDGE('',*,*,#2645,.T.);
#3548=ORIENTED_EDGE('',*,*,#2639,.F.);
#3549=ORIENTED_EDGE('',*,*,#2630,.F.);
#3550=ORIENTED_EDGE('',*,*,#2641,.T.);
#3551=ORIENTED_EDGE('',*,*,#2646,.F.);
#3552=ORIENTED_EDGE('',*,*,#2637,.F.);
#3553=ORIENTED_EDGE('',*,*,#2632,.T.);
#3554=ORIENTED_EDGE('',*,*,#2642,.T.);
#3555=ORIENTED_EDGE('',*,*,#2628,.T.);
#3556=ORIENTED_EDGE('',*,*,#2647,.F.);
#3557=ORIENTED_EDGE('',*,*,#2648,.F.);
#3558=ORIENTED_EDGE('',*,*,#2621,.F.);
#3559=ORIENTED_EDGE('',*,*,#2649,.F.);
#3560=ORIENTED_EDGE('',*,*,#2647,.T.);
#3561=ORIENTED_EDGE('',*,*,#2627,.T.);
#3562=ORIENTED_EDGE('',*,*,#2620,.F.);
#3563=ORIENTED_EDGE('',*,*,#2626,.F.);
#3564=ORIENTED_EDGE('',*,*,#2636,.F.);
#3565=ORIENTED_EDGE('',*,*,#2638,.F.);
#3566=ORIENTED_EDGE('',*,*,#2646,.T.);
#3567=ORIENTED_EDGE('',*,*,#2640,.T.);
#3568=ORIENTED_EDGE('',*,*,#2645,.F.);
#3569=ORIENTED_EDGE('',*,*,#2643,.F.);
#3570=ORIENTED_EDGE('',*,*,#2648,.T.);
#3571=ORIENTED_EDGE('',*,*,#2649,.T.);
#3572=ORIENTED_EDGE('',*,*,#2650,.T.);
#3573=ORIENTED_EDGE('',*,*,#2651,.T.);
#3574=ORIENTED_EDGE('',*,*,#2652,.T.);
#3575=ORIENTED_EDGE('',*,*,#2653,.T.);
#3576=ORIENTED_EDGE('',*,*,#2653,.F.);
#3577=ORIENTED_EDGE('',*,*,#2654,.F.);
#3578=ORIENTED_EDGE('',*,*,#2655,.F.);
#3579=ORIENTED_EDGE('',*,*,#2656,.T.);
#3580=ORIENTED_EDGE('',*,*,#2652,.F.);
#3581=ORIENTED_EDGE('',*,*,#2657,.F.);
#3582=ORIENTED_EDGE('',*,*,#2658,.F.);
#3583=ORIENTED_EDGE('',*,*,#2659,.T.);
#3584=ORIENTED_EDGE('',*,*,#2660,.T.);
#3585=ORIENTED_EDGE('',*,*,#2661,.F.);
#3586=ORIENTED_EDGE('',*,*,#2662,.F.);
#3587=ORIENTED_EDGE('',*,*,#2663,.T.);
#3588=ORIENTED_EDGE('',*,*,#2664,.F.);
#3589=ORIENTED_EDGE('',*,*,#2654,.T.);
#3590=ORIENTED_EDGE('',*,*,#2664,.T.);
#3591=ORIENTED_EDGE('',*,*,#2665,.T.);
#3592=ORIENTED_EDGE('',*,*,#2666,.T.);
#3593=ORIENTED_EDGE('',*,*,#2655,.T.);
#3594=ORIENTED_EDGE('',*,*,#2665,.F.);
#3595=ORIENTED_EDGE('',*,*,#2663,.F.);
#3596=ORIENTED_EDGE('',*,*,#2667,.T.);
#3597=ORIENTED_EDGE('',*,*,#2668,.T.);
#3598=ORIENTED_EDGE('',*,*,#2669,.T.);
#3599=ORIENTED_EDGE('',*,*,#2670,.F.);
#3600=ORIENTED_EDGE('',*,*,#2671,.F.);
#3601=ORIENTED_EDGE('',*,*,#2661,.T.);
#3602=ORIENTED_EDGE('',*,*,#2672,.F.);
#3603=ORIENTED_EDGE('',*,*,#2673,.T.);
#3604=ORIENTED_EDGE('',*,*,#2674,.T.);
#3605=ORIENTED_EDGE('',*,*,#2659,.F.);
#3606=ORIENTED_EDGE('',*,*,#2674,.F.);
#3607=ORIENTED_EDGE('',*,*,#2675,.T.);
#3608=ORIENTED_EDGE('',*,*,#2669,.F.);
#3609=ORIENTED_EDGE('',*,*,#2660,.F.);
#3610=ORIENTED_EDGE('',*,*,#2671,.T.);
#3611=ORIENTED_EDGE('',*,*,#2676,.F.);
#3612=ORIENTED_EDGE('',*,*,#2667,.F.);
#3613=ORIENTED_EDGE('',*,*,#2662,.T.);
#3614=ORIENTED_EDGE('',*,*,#2672,.T.);
#3615=ORIENTED_EDGE('',*,*,#2658,.T.);
#3616=ORIENTED_EDGE('',*,*,#2677,.F.);
#3617=ORIENTED_EDGE('',*,*,#2678,.F.);
#3618=ORIENTED_EDGE('',*,*,#2651,.F.);
#3619=ORIENTED_EDGE('',*,*,#2679,.F.);
#3620=ORIENTED_EDGE('',*,*,#2677,.T.);
#3621=ORIENTED_EDGE('',*,*,#2657,.T.);
#3622=ORIENTED_EDGE('',*,*,#2650,.F.);
#3623=ORIENTED_EDGE('',*,*,#2656,.F.);
#3624=ORIENTED_EDGE('',*,*,#2666,.F.);
#3625=ORIENTED_EDGE('',*,*,#2668,.F.);
#3626=ORIENTED_EDGE('',*,*,#2676,.T.);
#3627=ORIENTED_EDGE('',*,*,#2670,.T.);
#3628=ORIENTED_EDGE('',*,*,#2675,.F.);
#3629=ORIENTED_EDGE('',*,*,#2673,.F.);
#3630=ORIENTED_EDGE('',*,*,#2678,.T.);
#3631=ORIENTED_EDGE('',*,*,#2679,.T.);
#3632=ORIENTED_EDGE('',*,*,#2680,.T.);
#3633=ORIENTED_EDGE('',*,*,#2681,.T.);
#3634=ORIENTED_EDGE('',*,*,#2682,.T.);
#3635=ORIENTED_EDGE('',*,*,#2683,.T.);
#3636=ORIENTED_EDGE('',*,*,#2683,.F.);
#3637=ORIENTED_EDGE('',*,*,#2684,.F.);
#3638=ORIENTED_EDGE('',*,*,#2685,.F.);
#3639=ORIENTED_EDGE('',*,*,#2686,.T.);
#3640=ORIENTED_EDGE('',*,*,#2682,.F.);
#3641=ORIENTED_EDGE('',*,*,#2687,.F.);
#3642=ORIENTED_EDGE('',*,*,#2688,.F.);
#3643=ORIENTED_EDGE('',*,*,#2689,.T.);
#3644=ORIENTED_EDGE('',*,*,#2690,.T.);
#3645=ORIENTED_EDGE('',*,*,#2691,.F.);
#3646=ORIENTED_EDGE('',*,*,#2692,.F.);
#3647=ORIENTED_EDGE('',*,*,#2693,.T.);
#3648=ORIENTED_EDGE('',*,*,#2694,.F.);
#3649=ORIENTED_EDGE('',*,*,#2684,.T.);
#3650=ORIENTED_EDGE('',*,*,#2694,.T.);
#3651=ORIENTED_EDGE('',*,*,#2695,.T.);
#3652=ORIENTED_EDGE('',*,*,#2696,.T.);
#3653=ORIENTED_EDGE('',*,*,#2685,.T.);
#3654=ORIENTED_EDGE('',*,*,#2695,.F.);
#3655=ORIENTED_EDGE('',*,*,#2693,.F.);
#3656=ORIENTED_EDGE('',*,*,#2697,.T.);
#3657=ORIENTED_EDGE('',*,*,#2698,.T.);
#3658=ORIENTED_EDGE('',*,*,#2699,.T.);
#3659=ORIENTED_EDGE('',*,*,#2700,.F.);
#3660=ORIENTED_EDGE('',*,*,#2701,.F.);
#3661=ORIENTED_EDGE('',*,*,#2691,.T.);
#3662=ORIENTED_EDGE('',*,*,#2702,.F.);
#3663=ORIENTED_EDGE('',*,*,#2703,.T.);
#3664=ORIENTED_EDGE('',*,*,#2704,.T.);
#3665=ORIENTED_EDGE('',*,*,#2689,.F.);
#3666=ORIENTED_EDGE('',*,*,#2704,.F.);
#3667=ORIENTED_EDGE('',*,*,#2705,.T.);
#3668=ORIENTED_EDGE('',*,*,#2699,.F.);
#3669=ORIENTED_EDGE('',*,*,#2690,.F.);
#3670=ORIENTED_EDGE('',*,*,#2701,.T.);
#3671=ORIENTED_EDGE('',*,*,#2706,.F.);
#3672=ORIENTED_EDGE('',*,*,#2697,.F.);
#3673=ORIENTED_EDGE('',*,*,#2692,.T.);
#3674=ORIENTED_EDGE('',*,*,#2702,.T.);
#3675=ORIENTED_EDGE('',*,*,#2688,.T.);
#3676=ORIENTED_EDGE('',*,*,#2707,.F.);
#3677=ORIENTED_EDGE('',*,*,#2708,.F.);
#3678=ORIENTED_EDGE('',*,*,#2681,.F.);
#3679=ORIENTED_EDGE('',*,*,#2709,.F.);
#3680=ORIENTED_EDGE('',*,*,#2707,.T.);
#3681=ORIENTED_EDGE('',*,*,#2687,.T.);
#3682=ORIENTED_EDGE('',*,*,#2680,.F.);
#3683=ORIENTED_EDGE('',*,*,#2686,.F.);
#3684=ORIENTED_EDGE('',*,*,#2696,.F.);
#3685=ORIENTED_EDGE('',*,*,#2698,.F.);
#3686=ORIENTED_EDGE('',*,*,#2706,.T.);
#3687=ORIENTED_EDGE('',*,*,#2700,.T.);
#3688=ORIENTED_EDGE('',*,*,#2705,.F.);
#3689=ORIENTED_EDGE('',*,*,#2703,.F.);
#3690=ORIENTED_EDGE('',*,*,#2708,.T.);
#3691=ORIENTED_EDGE('',*,*,#2709,.T.);
#3692=ORIENTED_EDGE('',*,*,#2710,.T.);
#3693=ORIENTED_EDGE('',*,*,#2711,.T.);
#3694=ORIENTED_EDGE('',*,*,#2712,.T.);
#3695=ORIENTED_EDGE('',*,*,#2713,.T.);
#3696=ORIENTED_EDGE('',*,*,#2713,.F.);
#3697=ORIENTED_EDGE('',*,*,#2714,.F.);
#3698=ORIENTED_EDGE('',*,*,#2715,.F.);
#3699=ORIENTED_EDGE('',*,*,#2716,.T.);
#3700=ORIENTED_EDGE('',*,*,#2712,.F.);
#3701=ORIENTED_EDGE('',*,*,#2717,.F.);
#3702=ORIENTED_EDGE('',*,*,#2718,.F.);
#3703=ORIENTED_EDGE('',*,*,#2719,.T.);
#3704=ORIENTED_EDGE('',*,*,#2720,.T.);
#3705=ORIENTED_EDGE('',*,*,#2721,.F.);
#3706=ORIENTED_EDGE('',*,*,#2722,.F.);
#3707=ORIENTED_EDGE('',*,*,#2723,.T.);
#3708=ORIENTED_EDGE('',*,*,#2724,.F.);
#3709=ORIENTED_EDGE('',*,*,#2714,.T.);
#3710=ORIENTED_EDGE('',*,*,#2724,.T.);
#3711=ORIENTED_EDGE('',*,*,#2725,.T.);
#3712=ORIENTED_EDGE('',*,*,#2726,.T.);
#3713=ORIENTED_EDGE('',*,*,#2715,.T.);
#3714=ORIENTED_EDGE('',*,*,#2725,.F.);
#3715=ORIENTED_EDGE('',*,*,#2723,.F.);
#3716=ORIENTED_EDGE('',*,*,#2727,.T.);
#3717=ORIENTED_EDGE('',*,*,#2728,.T.);
#3718=ORIENTED_EDGE('',*,*,#2729,.T.);
#3719=ORIENTED_EDGE('',*,*,#2730,.F.);
#3720=ORIENTED_EDGE('',*,*,#2731,.F.);
#3721=ORIENTED_EDGE('',*,*,#2721,.T.);
#3722=ORIENTED_EDGE('',*,*,#2732,.F.);
#3723=ORIENTED_EDGE('',*,*,#2733,.T.);
#3724=ORIENTED_EDGE('',*,*,#2734,.T.);
#3725=ORIENTED_EDGE('',*,*,#2719,.F.);
#3726=ORIENTED_EDGE('',*,*,#2734,.F.);
#3727=ORIENTED_EDGE('',*,*,#2735,.T.);
#3728=ORIENTED_EDGE('',*,*,#2729,.F.);
#3729=ORIENTED_EDGE('',*,*,#2720,.F.);
#3730=ORIENTED_EDGE('',*,*,#2731,.T.);
#3731=ORIENTED_EDGE('',*,*,#2736,.F.);
#3732=ORIENTED_EDGE('',*,*,#2727,.F.);
#3733=ORIENTED_EDGE('',*,*,#2722,.T.);
#3734=ORIENTED_EDGE('',*,*,#2732,.T.);
#3735=ORIENTED_EDGE('',*,*,#2718,.T.);
#3736=ORIENTED_EDGE('',*,*,#2737,.F.);
#3737=ORIENTED_EDGE('',*,*,#2738,.F.);
#3738=ORIENTED_EDGE('',*,*,#2711,.F.);
#3739=ORIENTED_EDGE('',*,*,#2739,.F.);
#3740=ORIENTED_EDGE('',*,*,#2737,.T.);
#3741=ORIENTED_EDGE('',*,*,#2717,.T.);
#3742=ORIENTED_EDGE('',*,*,#2710,.F.);
#3743=ORIENTED_EDGE('',*,*,#2716,.F.);
#3744=ORIENTED_EDGE('',*,*,#2726,.F.);
#3745=ORIENTED_EDGE('',*,*,#2728,.F.);
#3746=ORIENTED_EDGE('',*,*,#2736,.T.);
#3747=ORIENTED_EDGE('',*,*,#2730,.T.);
#3748=ORIENTED_EDGE('',*,*,#2735,.F.);
#3749=ORIENTED_EDGE('',*,*,#2733,.F.);
#3750=ORIENTED_EDGE('',*,*,#2738,.T.);
#3751=ORIENTED_EDGE('',*,*,#2739,.T.);
#3752=ORIENTED_EDGE('',*,*,#2740,.T.);
#3753=ORIENTED_EDGE('',*,*,#2741,.T.);
#3754=ORIENTED_EDGE('',*,*,#2742,.T.);
#3755=ORIENTED_EDGE('',*,*,#2743,.T.);
#3756=ORIENTED_EDGE('',*,*,#2743,.F.);
#3757=ORIENTED_EDGE('',*,*,#2744,.F.);
#3758=ORIENTED_EDGE('',*,*,#2745,.F.);
#3759=ORIENTED_EDGE('',*,*,#2746,.T.);
#3760=ORIENTED_EDGE('',*,*,#2742,.F.);
#3761=ORIENTED_EDGE('',*,*,#2747,.F.);
#3762=ORIENTED_EDGE('',*,*,#2748,.F.);
#3763=ORIENTED_EDGE('',*,*,#2749,.T.);
#3764=ORIENTED_EDGE('',*,*,#2750,.T.);
#3765=ORIENTED_EDGE('',*,*,#2751,.F.);
#3766=ORIENTED_EDGE('',*,*,#2752,.F.);
#3767=ORIENTED_EDGE('',*,*,#2753,.T.);
#3768=ORIENTED_EDGE('',*,*,#2754,.F.);
#3769=ORIENTED_EDGE('',*,*,#2744,.T.);
#3770=ORIENTED_EDGE('',*,*,#2754,.T.);
#3771=ORIENTED_EDGE('',*,*,#2755,.T.);
#3772=ORIENTED_EDGE('',*,*,#2756,.T.);
#3773=ORIENTED_EDGE('',*,*,#2745,.T.);
#3774=ORIENTED_EDGE('',*,*,#2755,.F.);
#3775=ORIENTED_EDGE('',*,*,#2753,.F.);
#3776=ORIENTED_EDGE('',*,*,#2757,.T.);
#3777=ORIENTED_EDGE('',*,*,#2758,.T.);
#3778=ORIENTED_EDGE('',*,*,#2759,.T.);
#3779=ORIENTED_EDGE('',*,*,#2760,.F.);
#3780=ORIENTED_EDGE('',*,*,#2761,.F.);
#3781=ORIENTED_EDGE('',*,*,#2751,.T.);
#3782=ORIENTED_EDGE('',*,*,#2762,.F.);
#3783=ORIENTED_EDGE('',*,*,#2763,.T.);
#3784=ORIENTED_EDGE('',*,*,#2764,.T.);
#3785=ORIENTED_EDGE('',*,*,#2749,.F.);
#3786=ORIENTED_EDGE('',*,*,#2764,.F.);
#3787=ORIENTED_EDGE('',*,*,#2765,.T.);
#3788=ORIENTED_EDGE('',*,*,#2759,.F.);
#3789=ORIENTED_EDGE('',*,*,#2750,.F.);
#3790=ORIENTED_EDGE('',*,*,#2761,.T.);
#3791=ORIENTED_EDGE('',*,*,#2766,.F.);
#3792=ORIENTED_EDGE('',*,*,#2757,.F.);
#3793=ORIENTED_EDGE('',*,*,#2752,.T.);
#3794=ORIENTED_EDGE('',*,*,#2762,.T.);
#3795=ORIENTED_EDGE('',*,*,#2748,.T.);
#3796=ORIENTED_EDGE('',*,*,#2767,.F.);
#3797=ORIENTED_EDGE('',*,*,#2768,.F.);
#3798=ORIENTED_EDGE('',*,*,#2741,.F.);
#3799=ORIENTED_EDGE('',*,*,#2769,.F.);
#3800=ORIENTED_EDGE('',*,*,#2767,.T.);
#3801=ORIENTED_EDGE('',*,*,#2747,.T.);
#3802=ORIENTED_EDGE('',*,*,#2740,.F.);
#3803=ORIENTED_EDGE('',*,*,#2746,.F.);
#3804=ORIENTED_EDGE('',*,*,#2756,.F.);
#3805=ORIENTED_EDGE('',*,*,#2758,.F.);
#3806=ORIENTED_EDGE('',*,*,#2766,.T.);
#3807=ORIENTED_EDGE('',*,*,#2760,.T.);
#3808=ORIENTED_EDGE('',*,*,#2765,.F.);
#3809=ORIENTED_EDGE('',*,*,#2763,.F.);
#3810=ORIENTED_EDGE('',*,*,#2768,.T.);
#3811=ORIENTED_EDGE('',*,*,#2769,.T.);
#3812=ORIENTED_EDGE('',*,*,#2770,.T.);
#3813=ORIENTED_EDGE('',*,*,#2771,.T.);
#3814=ORIENTED_EDGE('',*,*,#2772,.T.);
#3815=ORIENTED_EDGE('',*,*,#2773,.T.);
#3816=ORIENTED_EDGE('',*,*,#2773,.F.);
#3817=ORIENTED_EDGE('',*,*,#2774,.F.);
#3818=ORIENTED_EDGE('',*,*,#2775,.F.);
#3819=ORIENTED_EDGE('',*,*,#2776,.T.);
#3820=ORIENTED_EDGE('',*,*,#2772,.F.);
#3821=ORIENTED_EDGE('',*,*,#2777,.F.);
#3822=ORIENTED_EDGE('',*,*,#2778,.F.);
#3823=ORIENTED_EDGE('',*,*,#2779,.T.);
#3824=ORIENTED_EDGE('',*,*,#2780,.T.);
#3825=ORIENTED_EDGE('',*,*,#2781,.F.);
#3826=ORIENTED_EDGE('',*,*,#2782,.F.);
#3827=ORIENTED_EDGE('',*,*,#2783,.T.);
#3828=ORIENTED_EDGE('',*,*,#2784,.F.);
#3829=ORIENTED_EDGE('',*,*,#2774,.T.);
#3830=ORIENTED_EDGE('',*,*,#2784,.T.);
#3831=ORIENTED_EDGE('',*,*,#2785,.T.);
#3832=ORIENTED_EDGE('',*,*,#2786,.T.);
#3833=ORIENTED_EDGE('',*,*,#2775,.T.);
#3834=ORIENTED_EDGE('',*,*,#2785,.F.);
#3835=ORIENTED_EDGE('',*,*,#2783,.F.);
#3836=ORIENTED_EDGE('',*,*,#2787,.T.);
#3837=ORIENTED_EDGE('',*,*,#2788,.T.);
#3838=ORIENTED_EDGE('',*,*,#2789,.T.);
#3839=ORIENTED_EDGE('',*,*,#2790,.F.);
#3840=ORIENTED_EDGE('',*,*,#2791,.F.);
#3841=ORIENTED_EDGE('',*,*,#2781,.T.);
#3842=ORIENTED_EDGE('',*,*,#2792,.F.);
#3843=ORIENTED_EDGE('',*,*,#2793,.T.);
#3844=ORIENTED_EDGE('',*,*,#2794,.T.);
#3845=ORIENTED_EDGE('',*,*,#2779,.F.);
#3846=ORIENTED_EDGE('',*,*,#2794,.F.);
#3847=ORIENTED_EDGE('',*,*,#2795,.T.);
#3848=ORIENTED_EDGE('',*,*,#2789,.F.);
#3849=ORIENTED_EDGE('',*,*,#2780,.F.);
#3850=ORIENTED_EDGE('',*,*,#2791,.T.);
#3851=ORIENTED_EDGE('',*,*,#2796,.F.);
#3852=ORIENTED_EDGE('',*,*,#2787,.F.);
#3853=ORIENTED_EDGE('',*,*,#2782,.T.);
#3854=ORIENTED_EDGE('',*,*,#2792,.T.);
#3855=ORIENTED_EDGE('',*,*,#2778,.T.);
#3856=ORIENTED_EDGE('',*,*,#2797,.F.);
#3857=ORIENTED_EDGE('',*,*,#2798,.F.);
#3858=ORIENTED_EDGE('',*,*,#2771,.F.);
#3859=ORIENTED_EDGE('',*,*,#2799,.F.);
#3860=ORIENTED_EDGE('',*,*,#2797,.T.);
#3861=ORIENTED_EDGE('',*,*,#2777,.T.);
#3862=ORIENTED_EDGE('',*,*,#2770,.F.);
#3863=ORIENTED_EDGE('',*,*,#2776,.F.);
#3864=ORIENTED_EDGE('',*,*,#2786,.F.);
#3865=ORIENTED_EDGE('',*,*,#2788,.F.);
#3866=ORIENTED_EDGE('',*,*,#2796,.T.);
#3867=ORIENTED_EDGE('',*,*,#2790,.T.);
#3868=ORIENTED_EDGE('',*,*,#2795,.F.);
#3869=ORIENTED_EDGE('',*,*,#2793,.F.);
#3870=ORIENTED_EDGE('',*,*,#2798,.T.);
#3871=ORIENTED_EDGE('',*,*,#2799,.T.);
#3872=ORIENTED_EDGE('',*,*,#2800,.T.);
#3873=ORIENTED_EDGE('',*,*,#2801,.T.);
#3874=ORIENTED_EDGE('',*,*,#2802,.T.);
#3875=ORIENTED_EDGE('',*,*,#2803,.T.);
#3876=ORIENTED_EDGE('',*,*,#2803,.F.);
#3877=ORIENTED_EDGE('',*,*,#2804,.F.);
#3878=ORIENTED_EDGE('',*,*,#2805,.F.);
#3879=ORIENTED_EDGE('',*,*,#2806,.T.);
#3880=ORIENTED_EDGE('',*,*,#2802,.F.);
#3881=ORIENTED_EDGE('',*,*,#2807,.F.);
#3882=ORIENTED_EDGE('',*,*,#2808,.F.);
#3883=ORIENTED_EDGE('',*,*,#2809,.T.);
#3884=ORIENTED_EDGE('',*,*,#2810,.T.);
#3885=ORIENTED_EDGE('',*,*,#2811,.F.);
#3886=ORIENTED_EDGE('',*,*,#2812,.F.);
#3887=ORIENTED_EDGE('',*,*,#2813,.T.);
#3888=ORIENTED_EDGE('',*,*,#2814,.F.);
#3889=ORIENTED_EDGE('',*,*,#2804,.T.);
#3890=ORIENTED_EDGE('',*,*,#2814,.T.);
#3891=ORIENTED_EDGE('',*,*,#2815,.T.);
#3892=ORIENTED_EDGE('',*,*,#2816,.T.);
#3893=ORIENTED_EDGE('',*,*,#2805,.T.);
#3894=ORIENTED_EDGE('',*,*,#2815,.F.);
#3895=ORIENTED_EDGE('',*,*,#2813,.F.);
#3896=ORIENTED_EDGE('',*,*,#2817,.T.);
#3897=ORIENTED_EDGE('',*,*,#2818,.T.);
#3898=ORIENTED_EDGE('',*,*,#2819,.T.);
#3899=ORIENTED_EDGE('',*,*,#2820,.F.);
#3900=ORIENTED_EDGE('',*,*,#2821,.F.);
#3901=ORIENTED_EDGE('',*,*,#2811,.T.);
#3902=ORIENTED_EDGE('',*,*,#2822,.F.);
#3903=ORIENTED_EDGE('',*,*,#2823,.T.);
#3904=ORIENTED_EDGE('',*,*,#2824,.T.);
#3905=ORIENTED_EDGE('',*,*,#2809,.F.);
#3906=ORIENTED_EDGE('',*,*,#2824,.F.);
#3907=ORIENTED_EDGE('',*,*,#2825,.T.);
#3908=ORIENTED_EDGE('',*,*,#2819,.F.);
#3909=ORIENTED_EDGE('',*,*,#2810,.F.);
#3910=ORIENTED_EDGE('',*,*,#2821,.T.);
#3911=ORIENTED_EDGE('',*,*,#2826,.F.);
#3912=ORIENTED_EDGE('',*,*,#2817,.F.);
#3913=ORIENTED_EDGE('',*,*,#2812,.T.);
#3914=ORIENTED_EDGE('',*,*,#2822,.T.);
#3915=ORIENTED_EDGE('',*,*,#2808,.T.);
#3916=ORIENTED_EDGE('',*,*,#2827,.F.);
#3917=ORIENTED_EDGE('',*,*,#2828,.F.);
#3918=ORIENTED_EDGE('',*,*,#2801,.F.);
#3919=ORIENTED_EDGE('',*,*,#2829,.F.);
#3920=ORIENTED_EDGE('',*,*,#2827,.T.);
#3921=ORIENTED_EDGE('',*,*,#2807,.T.);
#3922=ORIENTED_EDGE('',*,*,#2800,.F.);
#3923=ORIENTED_EDGE('',*,*,#2806,.F.);
#3924=ORIENTED_EDGE('',*,*,#2816,.F.);
#3925=ORIENTED_EDGE('',*,*,#2818,.F.);
#3926=ORIENTED_EDGE('',*,*,#2826,.T.);
#3927=ORIENTED_EDGE('',*,*,#2820,.T.);
#3928=ORIENTED_EDGE('',*,*,#2825,.F.);
#3929=ORIENTED_EDGE('',*,*,#2823,.F.);
#3930=ORIENTED_EDGE('',*,*,#2828,.T.);
#3931=ORIENTED_EDGE('',*,*,#2829,.T.);
#3932=ORIENTED_EDGE('',*,*,#2830,.T.);
#3933=ORIENTED_EDGE('',*,*,#2831,.T.);
#3934=ORIENTED_EDGE('',*,*,#2832,.T.);
#3935=ORIENTED_EDGE('',*,*,#2833,.T.);
#3936=ORIENTED_EDGE('',*,*,#2833,.F.);
#3937=ORIENTED_EDGE('',*,*,#2834,.F.);
#3938=ORIENTED_EDGE('',*,*,#2835,.F.);
#3939=ORIENTED_EDGE('',*,*,#2836,.T.);
#3940=ORIENTED_EDGE('',*,*,#2832,.F.);
#3941=ORIENTED_EDGE('',*,*,#2837,.F.);
#3942=ORIENTED_EDGE('',*,*,#2838,.F.);
#3943=ORIENTED_EDGE('',*,*,#2839,.T.);
#3944=ORIENTED_EDGE('',*,*,#2840,.T.);
#3945=ORIENTED_EDGE('',*,*,#2841,.F.);
#3946=ORIENTED_EDGE('',*,*,#2842,.F.);
#3947=ORIENTED_EDGE('',*,*,#2843,.T.);
#3948=ORIENTED_EDGE('',*,*,#2844,.F.);
#3949=ORIENTED_EDGE('',*,*,#2834,.T.);
#3950=ORIENTED_EDGE('',*,*,#2844,.T.);
#3951=ORIENTED_EDGE('',*,*,#2845,.T.);
#3952=ORIENTED_EDGE('',*,*,#2846,.T.);
#3953=ORIENTED_EDGE('',*,*,#2835,.T.);
#3954=ORIENTED_EDGE('',*,*,#2845,.F.);
#3955=ORIENTED_EDGE('',*,*,#2843,.F.);
#3956=ORIENTED_EDGE('',*,*,#2847,.T.);
#3957=ORIENTED_EDGE('',*,*,#2848,.T.);
#3958=ORIENTED_EDGE('',*,*,#2849,.T.);
#3959=ORIENTED_EDGE('',*,*,#2850,.F.);
#3960=ORIENTED_EDGE('',*,*,#2851,.F.);
#3961=ORIENTED_EDGE('',*,*,#2841,.T.);
#3962=ORIENTED_EDGE('',*,*,#2852,.F.);
#3963=ORIENTED_EDGE('',*,*,#2853,.T.);
#3964=ORIENTED_EDGE('',*,*,#2854,.T.);
#3965=ORIENTED_EDGE('',*,*,#2839,.F.);
#3966=ORIENTED_EDGE('',*,*,#2854,.F.);
#3967=ORIENTED_EDGE('',*,*,#2855,.T.);
#3968=ORIENTED_EDGE('',*,*,#2849,.F.);
#3969=ORIENTED_EDGE('',*,*,#2840,.F.);
#3970=ORIENTED_EDGE('',*,*,#2851,.T.);
#3971=ORIENTED_EDGE('',*,*,#2856,.F.);
#3972=ORIENTED_EDGE('',*,*,#2847,.F.);
#3973=ORIENTED_EDGE('',*,*,#2842,.T.);
#3974=ORIENTED_EDGE('',*,*,#2852,.T.);
#3975=ORIENTED_EDGE('',*,*,#2838,.T.);
#3976=ORIENTED_EDGE('',*,*,#2857,.F.);
#3977=ORIENTED_EDGE('',*,*,#2858,.F.);
#3978=ORIENTED_EDGE('',*,*,#2831,.F.);
#3979=ORIENTED_EDGE('',*,*,#2859,.F.);
#3980=ORIENTED_EDGE('',*,*,#2857,.T.);
#3981=ORIENTED_EDGE('',*,*,#2837,.T.);
#3982=ORIENTED_EDGE('',*,*,#2830,.F.);
#3983=ORIENTED_EDGE('',*,*,#2836,.F.);
#3984=ORIENTED_EDGE('',*,*,#2846,.F.);
#3985=ORIENTED_EDGE('',*,*,#2848,.F.);
#3986=ORIENTED_EDGE('',*,*,#2856,.T.);
#3987=ORIENTED_EDGE('',*,*,#2850,.T.);
#3988=ORIENTED_EDGE('',*,*,#2855,.F.);
#3989=ORIENTED_EDGE('',*,*,#2853,.F.);
#3990=ORIENTED_EDGE('',*,*,#2858,.T.);
#3991=ORIENTED_EDGE('',*,*,#2859,.T.);
#3992=ORIENTED_EDGE('',*,*,#2860,.T.);
#3993=ORIENTED_EDGE('',*,*,#2861,.T.);
#3994=ORIENTED_EDGE('',*,*,#2862,.T.);
#3995=ORIENTED_EDGE('',*,*,#2863,.T.);
#3996=ORIENTED_EDGE('',*,*,#2860,.F.);
#3997=ORIENTED_EDGE('',*,*,#2864,.T.);
#3998=ORIENTED_EDGE('',*,*,#2865,.F.);
#3999=ORIENTED_EDGE('',*,*,#2866,.F.);
#4000=ORIENTED_EDGE('',*,*,#2867,.F.);
#4001=ORIENTED_EDGE('',*,*,#2868,.T.);
#4002=ORIENTED_EDGE('',*,*,#2869,.T.);
#4003=ORIENTED_EDGE('',*,*,#2870,.F.);
#4004=ORIENTED_EDGE('',*,*,#2871,.F.);
#4005=ORIENTED_EDGE('',*,*,#2872,.T.);
#4006=ORIENTED_EDGE('',*,*,#2863,.F.);
#4007=ORIENTED_EDGE('',*,*,#2873,.T.);
#4008=ORIENTED_EDGE('',*,*,#2874,.F.);
#4009=ORIENTED_EDGE('',*,*,#2864,.F.);
#4010=ORIENTED_EDGE('',*,*,#2875,.T.);
#4011=ORIENTED_EDGE('',*,*,#2876,.T.);
#4012=ORIENTED_EDGE('',*,*,#2865,.T.);
#4013=ORIENTED_EDGE('',*,*,#2874,.T.);
#4014=ORIENTED_EDGE('',*,*,#2877,.T.);
#4015=ORIENTED_EDGE('',*,*,#2878,.F.);
#4016=ORIENTED_EDGE('',*,*,#2879,.F.);
#4017=ORIENTED_EDGE('',*,*,#2870,.T.);
#4018=ORIENTED_EDGE('',*,*,#2880,.F.);
#4019=ORIENTED_EDGE('',*,*,#2881,.T.);
#4020=ORIENTED_EDGE('',*,*,#2882,.T.);
#4021=ORIENTED_EDGE('',*,*,#2868,.F.);
#4022=ORIENTED_EDGE('',*,*,#2882,.F.);
#4023=ORIENTED_EDGE('',*,*,#2883,.T.);
#4024=ORIENTED_EDGE('',*,*,#2877,.F.);
#4025=ORIENTED_EDGE('',*,*,#2869,.F.);
#4026=ORIENTED_EDGE('',*,*,#2879,.T.);
#4027=ORIENTED_EDGE('',*,*,#2884,.F.);
#4028=ORIENTED_EDGE('',*,*,#2885,.F.);
#4029=ORIENTED_EDGE('',*,*,#2871,.T.);
#4030=ORIENTED_EDGE('',*,*,#2880,.T.);
#4031=ORIENTED_EDGE('',*,*,#2867,.T.);
#4032=ORIENTED_EDGE('',*,*,#2886,.F.);
#4033=ORIENTED_EDGE('',*,*,#2887,.F.);
#4034=ORIENTED_EDGE('',*,*,#2876,.F.);
#4035=ORIENTED_EDGE('',*,*,#2888,.F.);
#4036=ORIENTED_EDGE('',*,*,#2886,.T.);
#4037=ORIENTED_EDGE('',*,*,#2866,.T.);
#4038=ORIENTED_EDGE('',*,*,#2861,.F.);
#4039=ORIENTED_EDGE('',*,*,#2872,.F.);
#4040=ORIENTED_EDGE('',*,*,#2885,.T.);
#4041=ORIENTED_EDGE('',*,*,#2889,.T.);
#4042=ORIENTED_EDGE('',*,*,#2862,.F.);
#4043=ORIENTED_EDGE('',*,*,#2889,.F.);
#4044=ORIENTED_EDGE('',*,*,#2884,.T.);
#4045=ORIENTED_EDGE('',*,*,#2878,.T.);
#4046=ORIENTED_EDGE('',*,*,#2883,.F.);
#4047=ORIENTED_EDGE('',*,*,#2881,.F.);
#4048=ORIENTED_EDGE('',*,*,#2887,.T.);
#4049=ORIENTED_EDGE('',*,*,#2888,.T.);
#4050=ORIENTED_EDGE('',*,*,#2875,.F.);
#4051=ORIENTED_EDGE('',*,*,#2873,.F.);
#4052=ORIENTED_EDGE('',*,*,#2890,.T.);
#4053=ORIENTED_EDGE('',*,*,#2891,.T.);
#4054=ORIENTED_EDGE('',*,*,#2892,.T.);
#4055=ORIENTED_EDGE('',*,*,#2893,.T.);
#4056=ORIENTED_EDGE('',*,*,#2890,.F.);
#4057=ORIENTED_EDGE('',*,*,#2894,.T.);
#4058=ORIENTED_EDGE('',*,*,#2895,.F.);
#4059=ORIENTED_EDGE('',*,*,#2896,.F.);
#4060=ORIENTED_EDGE('',*,*,#2897,.F.);
#4061=ORIENTED_EDGE('',*,*,#2898,.T.);
#4062=ORIENTED_EDGE('',*,*,#2899,.T.);
#4063=ORIENTED_EDGE('',*,*,#2900,.F.);
#4064=ORIENTED_EDGE('',*,*,#2901,.F.);
#4065=ORIENTED_EDGE('',*,*,#2902,.T.);
#4066=ORIENTED_EDGE('',*,*,#2893,.F.);
#4067=ORIENTED_EDGE('',*,*,#2903,.T.);
#4068=ORIENTED_EDGE('',*,*,#2904,.F.);
#4069=ORIENTED_EDGE('',*,*,#2894,.F.);
#4070=ORIENTED_EDGE('',*,*,#2905,.T.);
#4071=ORIENTED_EDGE('',*,*,#2906,.T.);
#4072=ORIENTED_EDGE('',*,*,#2895,.T.);
#4073=ORIENTED_EDGE('',*,*,#2904,.T.);
#4074=ORIENTED_EDGE('',*,*,#2907,.T.);
#4075=ORIENTED_EDGE('',*,*,#2908,.F.);
#4076=ORIENTED_EDGE('',*,*,#2909,.F.);
#4077=ORIENTED_EDGE('',*,*,#2900,.T.);
#4078=ORIENTED_EDGE('',*,*,#2910,.F.);
#4079=ORIENTED_EDGE('',*,*,#2911,.T.);
#4080=ORIENTED_EDGE('',*,*,#2912,.T.);
#4081=ORIENTED_EDGE('',*,*,#2898,.F.);
#4082=ORIENTED_EDGE('',*,*,#2912,.F.);
#4083=ORIENTED_EDGE('',*,*,#2913,.T.);
#4084=ORIENTED_EDGE('',*,*,#2907,.F.);
#4085=ORIENTED_EDGE('',*,*,#2899,.F.);
#4086=ORIENTED_EDGE('',*,*,#2909,.T.);
#4087=ORIENTED_EDGE('',*,*,#2914,.F.);
#4088=ORIENTED_EDGE('',*,*,#2915,.F.);
#4089=ORIENTED_EDGE('',*,*,#2901,.T.);
#4090=ORIENTED_EDGE('',*,*,#2910,.T.);
#4091=ORIENTED_EDGE('',*,*,#2897,.T.);
#4092=ORIENTED_EDGE('',*,*,#2916,.F.);
#4093=ORIENTED_EDGE('',*,*,#2917,.F.);
#4094=ORIENTED_EDGE('',*,*,#2906,.F.);
#4095=ORIENTED_EDGE('',*,*,#2918,.F.);
#4096=ORIENTED_EDGE('',*,*,#2916,.T.);
#4097=ORIENTED_EDGE('',*,*,#2896,.T.);
#4098=ORIENTED_EDGE('',*,*,#2891,.F.);
#4099=ORIENTED_EDGE('',*,*,#2902,.F.);
#4100=ORIENTED_EDGE('',*,*,#2915,.T.);
#4101=ORIENTED_EDGE('',*,*,#2919,.T.);
#4102=ORIENTED_EDGE('',*,*,#2892,.F.);
#4103=ORIENTED_EDGE('',*,*,#2919,.F.);
#4104=ORIENTED_EDGE('',*,*,#2914,.T.);
#4105=ORIENTED_EDGE('',*,*,#2908,.T.);
#4106=ORIENTED_EDGE('',*,*,#2913,.F.);
#4107=ORIENTED_EDGE('',*,*,#2911,.F.);
#4108=ORIENTED_EDGE('',*,*,#2917,.T.);
#4109=ORIENTED_EDGE('',*,*,#2918,.T.);
#4110=ORIENTED_EDGE('',*,*,#2905,.F.);
#4111=ORIENTED_EDGE('',*,*,#2903,.F.);
#4112=ORIENTED_EDGE('',*,*,#2920,.T.);
#4113=ORIENTED_EDGE('',*,*,#2921,.T.);
#4114=ORIENTED_EDGE('',*,*,#2922,.T.);
#4115=ORIENTED_EDGE('',*,*,#2923,.T.);
#4116=ORIENTED_EDGE('',*,*,#2920,.F.);
#4117=ORIENTED_EDGE('',*,*,#2924,.T.);
#4118=ORIENTED_EDGE('',*,*,#2925,.F.);
#4119=ORIENTED_EDGE('',*,*,#2926,.F.);
#4120=ORIENTED_EDGE('',*,*,#2927,.F.);
#4121=ORIENTED_EDGE('',*,*,#2928,.T.);
#4122=ORIENTED_EDGE('',*,*,#2929,.T.);
#4123=ORIENTED_EDGE('',*,*,#2930,.F.);
#4124=ORIENTED_EDGE('',*,*,#2931,.F.);
#4125=ORIENTED_EDGE('',*,*,#2932,.T.);
#4126=ORIENTED_EDGE('',*,*,#2923,.F.);
#4127=ORIENTED_EDGE('',*,*,#2933,.T.);
#4128=ORIENTED_EDGE('',*,*,#2934,.F.);
#4129=ORIENTED_EDGE('',*,*,#2924,.F.);
#4130=ORIENTED_EDGE('',*,*,#2935,.T.);
#4131=ORIENTED_EDGE('',*,*,#2936,.T.);
#4132=ORIENTED_EDGE('',*,*,#2925,.T.);
#4133=ORIENTED_EDGE('',*,*,#2934,.T.);
#4134=ORIENTED_EDGE('',*,*,#2937,.T.);
#4135=ORIENTED_EDGE('',*,*,#2938,.F.);
#4136=ORIENTED_EDGE('',*,*,#2939,.F.);
#4137=ORIENTED_EDGE('',*,*,#2930,.T.);
#4138=ORIENTED_EDGE('',*,*,#2940,.F.);
#4139=ORIENTED_EDGE('',*,*,#2941,.T.);
#4140=ORIENTED_EDGE('',*,*,#2942,.T.);
#4141=ORIENTED_EDGE('',*,*,#2928,.F.);
#4142=ORIENTED_EDGE('',*,*,#2942,.F.);
#4143=ORIENTED_EDGE('',*,*,#2943,.T.);
#4144=ORIENTED_EDGE('',*,*,#2937,.F.);
#4145=ORIENTED_EDGE('',*,*,#2929,.F.);
#4146=ORIENTED_EDGE('',*,*,#2939,.T.);
#4147=ORIENTED_EDGE('',*,*,#2944,.F.);
#4148=ORIENTED_EDGE('',*,*,#2945,.F.);
#4149=ORIENTED_EDGE('',*,*,#2931,.T.);
#4150=ORIENTED_EDGE('',*,*,#2940,.T.);
#4151=ORIENTED_EDGE('',*,*,#2927,.T.);
#4152=ORIENTED_EDGE('',*,*,#2946,.F.);
#4153=ORIENTED_EDGE('',*,*,#2947,.F.);
#4154=ORIENTED_EDGE('',*,*,#2936,.F.);
#4155=ORIENTED_EDGE('',*,*,#2948,.F.);
#4156=ORIENTED_EDGE('',*,*,#2946,.T.);
#4157=ORIENTED_EDGE('',*,*,#2926,.T.);
#4158=ORIENTED_EDGE('',*,*,#2921,.F.);
#4159=ORIENTED_EDGE('',*,*,#2932,.F.);
#4160=ORIENTED_EDGE('',*,*,#2945,.T.);
#4161=ORIENTED_EDGE('',*,*,#2949,.T.);
#4162=ORIENTED_EDGE('',*,*,#2922,.F.);
#4163=ORIENTED_EDGE('',*,*,#2949,.F.);
#4164=ORIENTED_EDGE('',*,*,#2944,.T.);
#4165=ORIENTED_EDGE('',*,*,#2938,.T.);
#4166=ORIENTED_EDGE('',*,*,#2943,.F.);
#4167=ORIENTED_EDGE('',*,*,#2941,.F.);
#4168=ORIENTED_EDGE('',*,*,#2947,.T.);
#4169=ORIENTED_EDGE('',*,*,#2948,.T.);
#4170=ORIENTED_EDGE('',*,*,#2935,.F.);
#4171=ORIENTED_EDGE('',*,*,#2933,.F.);
#4172=ORIENTED_EDGE('',*,*,#2950,.T.);
#4173=ORIENTED_EDGE('',*,*,#2951,.T.);
#4174=ORIENTED_EDGE('',*,*,#2952,.T.);
#4175=ORIENTED_EDGE('',*,*,#2953,.T.);
#4176=ORIENTED_EDGE('',*,*,#2950,.F.);
#4177=ORIENTED_EDGE('',*,*,#2954,.T.);
#4178=ORIENTED_EDGE('',*,*,#2955,.F.);
#4179=ORIENTED_EDGE('',*,*,#2956,.F.);
#4180=ORIENTED_EDGE('',*,*,#2957,.F.);
#4181=ORIENTED_EDGE('',*,*,#2958,.T.);
#4182=ORIENTED_EDGE('',*,*,#2959,.T.);
#4183=ORIENTED_EDGE('',*,*,#2960,.F.);
#4184=ORIENTED_EDGE('',*,*,#2961,.F.);
#4185=ORIENTED_EDGE('',*,*,#2962,.T.);
#4186=ORIENTED_EDGE('',*,*,#2953,.F.);
#4187=ORIENTED_EDGE('',*,*,#2963,.T.);
#4188=ORIENTED_EDGE('',*,*,#2964,.F.);
#4189=ORIENTED_EDGE('',*,*,#2954,.F.);
#4190=ORIENTED_EDGE('',*,*,#2965,.T.);
#4191=ORIENTED_EDGE('',*,*,#2966,.T.);
#4192=ORIENTED_EDGE('',*,*,#2955,.T.);
#4193=ORIENTED_EDGE('',*,*,#2964,.T.);
#4194=ORIENTED_EDGE('',*,*,#2967,.T.);
#4195=ORIENTED_EDGE('',*,*,#2968,.F.);
#4196=ORIENTED_EDGE('',*,*,#2969,.F.);
#4197=ORIENTED_EDGE('',*,*,#2960,.T.);
#4198=ORIENTED_EDGE('',*,*,#2970,.F.);
#4199=ORIENTED_EDGE('',*,*,#2971,.T.);
#4200=ORIENTED_EDGE('',*,*,#2972,.T.);
#4201=ORIENTED_EDGE('',*,*,#2958,.F.);
#4202=ORIENTED_EDGE('',*,*,#2972,.F.);
#4203=ORIENTED_EDGE('',*,*,#2973,.T.);
#4204=ORIENTED_EDGE('',*,*,#2967,.F.);
#4205=ORIENTED_EDGE('',*,*,#2959,.F.);
#4206=ORIENTED_EDGE('',*,*,#2969,.T.);
#4207=ORIENTED_EDGE('',*,*,#2974,.F.);
#4208=ORIENTED_EDGE('',*,*,#2975,.F.);
#4209=ORIENTED_EDGE('',*,*,#2961,.T.);
#4210=ORIENTED_EDGE('',*,*,#2970,.T.);
#4211=ORIENTED_EDGE('',*,*,#2957,.T.);
#4212=ORIENTED_EDGE('',*,*,#2976,.F.);
#4213=ORIENTED_EDGE('',*,*,#2977,.F.);
#4214=ORIENTED_EDGE('',*,*,#2966,.F.);
#4215=ORIENTED_EDGE('',*,*,#2978,.F.);
#4216=ORIENTED_EDGE('',*,*,#2976,.T.);
#4217=ORIENTED_EDGE('',*,*,#2956,.T.);
#4218=ORIENTED_EDGE('',*,*,#2951,.F.);
#4219=ORIENTED_EDGE('',*,*,#2962,.F.);
#4220=ORIENTED_EDGE('',*,*,#2975,.T.);
#4221=ORIENTED_EDGE('',*,*,#2979,.T.);
#4222=ORIENTED_EDGE('',*,*,#2952,.F.);
#4223=ORIENTED_EDGE('',*,*,#2979,.F.);
#4224=ORIENTED_EDGE('',*,*,#2974,.T.);
#4225=ORIENTED_EDGE('',*,*,#2968,.T.);
#4226=ORIENTED_EDGE('',*,*,#2973,.F.);
#4227=ORIENTED_EDGE('',*,*,#2971,.F.);
#4228=ORIENTED_EDGE('',*,*,#2977,.T.);
#4229=ORIENTED_EDGE('',*,*,#2978,.T.);
#4230=ORIENTED_EDGE('',*,*,#2965,.F.);
#4231=ORIENTED_EDGE('',*,*,#2963,.F.);
#4232=ORIENTED_EDGE('',*,*,#2980,.T.);
#4233=ORIENTED_EDGE('',*,*,#2981,.T.);
#4234=ORIENTED_EDGE('',*,*,#2982,.T.);
#4235=ORIENTED_EDGE('',*,*,#2983,.T.);
#4236=ORIENTED_EDGE('',*,*,#2980,.F.);
#4237=ORIENTED_EDGE('',*,*,#2984,.T.);
#4238=ORIENTED_EDGE('',*,*,#2985,.F.);
#4239=ORIENTED_EDGE('',*,*,#2986,.F.);
#4240=ORIENTED_EDGE('',*,*,#2987,.F.);
#4241=ORIENTED_EDGE('',*,*,#2988,.T.);
#4242=ORIENTED_EDGE('',*,*,#2989,.T.);
#4243=ORIENTED_EDGE('',*,*,#2990,.F.);
#4244=ORIENTED_EDGE('',*,*,#2991,.F.);
#4245=ORIENTED_EDGE('',*,*,#2992,.T.);
#4246=ORIENTED_EDGE('',*,*,#2983,.F.);
#4247=ORIENTED_EDGE('',*,*,#2993,.T.);
#4248=ORIENTED_EDGE('',*,*,#2994,.F.);
#4249=ORIENTED_EDGE('',*,*,#2984,.F.);
#4250=ORIENTED_EDGE('',*,*,#2995,.T.);
#4251=ORIENTED_EDGE('',*,*,#2996,.T.);
#4252=ORIENTED_EDGE('',*,*,#2985,.T.);
#4253=ORIENTED_EDGE('',*,*,#2994,.T.);
#4254=ORIENTED_EDGE('',*,*,#2997,.T.);
#4255=ORIENTED_EDGE('',*,*,#2998,.F.);
#4256=ORIENTED_EDGE('',*,*,#2999,.F.);
#4257=ORIENTED_EDGE('',*,*,#2990,.T.);
#4258=ORIENTED_EDGE('',*,*,#3000,.F.);
#4259=ORIENTED_EDGE('',*,*,#3001,.T.);
#4260=ORIENTED_EDGE('',*,*,#3002,.T.);
#4261=ORIENTED_EDGE('',*,*,#2988,.F.);
#4262=ORIENTED_EDGE('',*,*,#3002,.F.);
#4263=ORIENTED_EDGE('',*,*,#3003,.T.);
#4264=ORIENTED_EDGE('',*,*,#2997,.F.);
#4265=ORIENTED_EDGE('',*,*,#2989,.F.);
#4266=ORIENTED_EDGE('',*,*,#2999,.T.);
#4267=ORIENTED_EDGE('',*,*,#3004,.F.);
#4268=ORIENTED_EDGE('',*,*,#3005,.F.);
#4269=ORIENTED_EDGE('',*,*,#2991,.T.);
#4270=ORIENTED_EDGE('',*,*,#3000,.T.);
#4271=ORIENTED_EDGE('',*,*,#2987,.T.);
#4272=ORIENTED_EDGE('',*,*,#3006,.F.);
#4273=ORIENTED_EDGE('',*,*,#3007,.F.);
#4274=ORIENTED_EDGE('',*,*,#2996,.F.);
#4275=ORIENTED_EDGE('',*,*,#3008,.F.);
#4276=ORIENTED_EDGE('',*,*,#3006,.T.);
#4277=ORIENTED_EDGE('',*,*,#2986,.T.);
#4278=ORIENTED_EDGE('',*,*,#2981,.F.);
#4279=ORIENTED_EDGE('',*,*,#2992,.F.);
#4280=ORIENTED_EDGE('',*,*,#3005,.T.);
#4281=ORIENTED_EDGE('',*,*,#3009,.T.);
#4282=ORIENTED_EDGE('',*,*,#2982,.F.);
#4283=ORIENTED_EDGE('',*,*,#3009,.F.);
#4284=ORIENTED_EDGE('',*,*,#3004,.T.);
#4285=ORIENTED_EDGE('',*,*,#2998,.T.);
#4286=ORIENTED_EDGE('',*,*,#3003,.F.);
#4287=ORIENTED_EDGE('',*,*,#3001,.F.);
#4288=ORIENTED_EDGE('',*,*,#3007,.T.);
#4289=ORIENTED_EDGE('',*,*,#3008,.T.);
#4290=ORIENTED_EDGE('',*,*,#2995,.F.);
#4291=ORIENTED_EDGE('',*,*,#2993,.F.);
#4292=ORIENTED_EDGE('',*,*,#3010,.T.);
#4293=ORIENTED_EDGE('',*,*,#3011,.T.);
#4294=ORIENTED_EDGE('',*,*,#3012,.T.);
#4295=ORIENTED_EDGE('',*,*,#3013,.T.);
#4296=ORIENTED_EDGE('',*,*,#3010,.F.);
#4297=ORIENTED_EDGE('',*,*,#3014,.T.);
#4298=ORIENTED_EDGE('',*,*,#3015,.F.);
#4299=ORIENTED_EDGE('',*,*,#3016,.F.);
#4300=ORIENTED_EDGE('',*,*,#3017,.F.);
#4301=ORIENTED_EDGE('',*,*,#3018,.T.);
#4302=ORIENTED_EDGE('',*,*,#3019,.T.);
#4303=ORIENTED_EDGE('',*,*,#3020,.F.);
#4304=ORIENTED_EDGE('',*,*,#3021,.F.);
#4305=ORIENTED_EDGE('',*,*,#3022,.T.);
#4306=ORIENTED_EDGE('',*,*,#3013,.F.);
#4307=ORIENTED_EDGE('',*,*,#3023,.T.);
#4308=ORIENTED_EDGE('',*,*,#3024,.F.);
#4309=ORIENTED_EDGE('',*,*,#3014,.F.);
#4310=ORIENTED_EDGE('',*,*,#3025,.T.);
#4311=ORIENTED_EDGE('',*,*,#3026,.T.);
#4312=ORIENTED_EDGE('',*,*,#3015,.T.);
#4313=ORIENTED_EDGE('',*,*,#3024,.T.);
#4314=ORIENTED_EDGE('',*,*,#3027,.T.);
#4315=ORIENTED_EDGE('',*,*,#3028,.F.);
#4316=ORIENTED_EDGE('',*,*,#3029,.F.);
#4317=ORIENTED_EDGE('',*,*,#3020,.T.);
#4318=ORIENTED_EDGE('',*,*,#3030,.F.);
#4319=ORIENTED_EDGE('',*,*,#3031,.T.);
#4320=ORIENTED_EDGE('',*,*,#3032,.T.);
#4321=ORIENTED_EDGE('',*,*,#3018,.F.);
#4322=ORIENTED_EDGE('',*,*,#3032,.F.);
#4323=ORIENTED_EDGE('',*,*,#3033,.T.);
#4324=ORIENTED_EDGE('',*,*,#3027,.F.);
#4325=ORIENTED_EDGE('',*,*,#3019,.F.);
#4326=ORIENTED_EDGE('',*,*,#3029,.T.);
#4327=ORIENTED_EDGE('',*,*,#3034,.F.);
#4328=ORIENTED_EDGE('',*,*,#3035,.F.);
#4329=ORIENTED_EDGE('',*,*,#3021,.T.);
#4330=ORIENTED_EDGE('',*,*,#3030,.T.);
#4331=ORIENTED_EDGE('',*,*,#3017,.T.);
#4332=ORIENTED_EDGE('',*,*,#3036,.F.);
#4333=ORIENTED_EDGE('',*,*,#3037,.F.);
#4334=ORIENTED_EDGE('',*,*,#3026,.F.);
#4335=ORIENTED_EDGE('',*,*,#3038,.F.);
#4336=ORIENTED_EDGE('',*,*,#3036,.T.);
#4337=ORIENTED_EDGE('',*,*,#3016,.T.);
#4338=ORIENTED_EDGE('',*,*,#3011,.F.);
#4339=ORIENTED_EDGE('',*,*,#3022,.F.);
#4340=ORIENTED_EDGE('',*,*,#3035,.T.);
#4341=ORIENTED_EDGE('',*,*,#3039,.T.);
#4342=ORIENTED_EDGE('',*,*,#3012,.F.);
#4343=ORIENTED_EDGE('',*,*,#3039,.F.);
#4344=ORIENTED_EDGE('',*,*,#3034,.T.);
#4345=ORIENTED_EDGE('',*,*,#3028,.T.);
#4346=ORIENTED_EDGE('',*,*,#3033,.F.);
#4347=ORIENTED_EDGE('',*,*,#3031,.F.);
#4348=ORIENTED_EDGE('',*,*,#3037,.T.);
#4349=ORIENTED_EDGE('',*,*,#3038,.T.);
#4350=ORIENTED_EDGE('',*,*,#3025,.F.);
#4351=ORIENTED_EDGE('',*,*,#3023,.F.);
#4352=ORIENTED_EDGE('',*,*,#3040,.T.);
#4353=ORIENTED_EDGE('',*,*,#3041,.T.);
#4354=ORIENTED_EDGE('',*,*,#3042,.T.);
#4355=ORIENTED_EDGE('',*,*,#3043,.T.);
#4356=ORIENTED_EDGE('',*,*,#3040,.F.);
#4357=ORIENTED_EDGE('',*,*,#3044,.T.);
#4358=ORIENTED_EDGE('',*,*,#3045,.F.);
#4359=ORIENTED_EDGE('',*,*,#3046,.F.);
#4360=ORIENTED_EDGE('',*,*,#3047,.F.);
#4361=ORIENTED_EDGE('',*,*,#3048,.T.);
#4362=ORIENTED_EDGE('',*,*,#3049,.T.);
#4363=ORIENTED_EDGE('',*,*,#3050,.F.);
#4364=ORIENTED_EDGE('',*,*,#3051,.F.);
#4365=ORIENTED_EDGE('',*,*,#3052,.T.);
#4366=ORIENTED_EDGE('',*,*,#3043,.F.);
#4367=ORIENTED_EDGE('',*,*,#3053,.T.);
#4368=ORIENTED_EDGE('',*,*,#3054,.F.);
#4369=ORIENTED_EDGE('',*,*,#3044,.F.);
#4370=ORIENTED_EDGE('',*,*,#3055,.T.);
#4371=ORIENTED_EDGE('',*,*,#3056,.T.);
#4372=ORIENTED_EDGE('',*,*,#3045,.T.);
#4373=ORIENTED_EDGE('',*,*,#3054,.T.);
#4374=ORIENTED_EDGE('',*,*,#3057,.T.);
#4375=ORIENTED_EDGE('',*,*,#3058,.F.);
#4376=ORIENTED_EDGE('',*,*,#3059,.F.);
#4377=ORIENTED_EDGE('',*,*,#3050,.T.);
#4378=ORIENTED_EDGE('',*,*,#3060,.F.);
#4379=ORIENTED_EDGE('',*,*,#3061,.T.);
#4380=ORIENTED_EDGE('',*,*,#3062,.T.);
#4381=ORIENTED_EDGE('',*,*,#3048,.F.);
#4382=ORIENTED_EDGE('',*,*,#3062,.F.);
#4383=ORIENTED_EDGE('',*,*,#3063,.T.);
#4384=ORIENTED_EDGE('',*,*,#3057,.F.);
#4385=ORIENTED_EDGE('',*,*,#3049,.F.);
#4386=ORIENTED_EDGE('',*,*,#3059,.T.);
#4387=ORIENTED_EDGE('',*,*,#3064,.F.);
#4388=ORIENTED_EDGE('',*,*,#3065,.F.);
#4389=ORIENTED_EDGE('',*,*,#3051,.T.);
#4390=ORIENTED_EDGE('',*,*,#3060,.T.);
#4391=ORIENTED_EDGE('',*,*,#3047,.T.);
#4392=ORIENTED_EDGE('',*,*,#3066,.F.);
#4393=ORIENTED_EDGE('',*,*,#3067,.F.);
#4394=ORIENTED_EDGE('',*,*,#3056,.F.);
#4395=ORIENTED_EDGE('',*,*,#3068,.F.);
#4396=ORIENTED_EDGE('',*,*,#3066,.T.);
#4397=ORIENTED_EDGE('',*,*,#3046,.T.);
#4398=ORIENTED_EDGE('',*,*,#3041,.F.);
#4399=ORIENTED_EDGE('',*,*,#3052,.F.);
#4400=ORIENTED_EDGE('',*,*,#3065,.T.);
#4401=ORIENTED_EDGE('',*,*,#3069,.T.);
#4402=ORIENTED_EDGE('',*,*,#3042,.F.);
#4403=ORIENTED_EDGE('',*,*,#3069,.F.);
#4404=ORIENTED_EDGE('',*,*,#3064,.T.);
#4405=ORIENTED_EDGE('',*,*,#3058,.T.);
#4406=ORIENTED_EDGE('',*,*,#3063,.F.);
#4407=ORIENTED_EDGE('',*,*,#3061,.F.);
#4408=ORIENTED_EDGE('',*,*,#3067,.T.);
#4409=ORIENTED_EDGE('',*,*,#3068,.T.);
#4410=ORIENTED_EDGE('',*,*,#3055,.F.);
#4411=ORIENTED_EDGE('',*,*,#3053,.F.);
#4412=ORIENTED_EDGE('',*,*,#3070,.T.);
#4413=ORIENTED_EDGE('',*,*,#3071,.T.);
#4414=ORIENTED_EDGE('',*,*,#3072,.T.);
#4415=ORIENTED_EDGE('',*,*,#3073,.T.);
#4416=ORIENTED_EDGE('',*,*,#3070,.F.);
#4417=ORIENTED_EDGE('',*,*,#3074,.T.);
#4418=ORIENTED_EDGE('',*,*,#3075,.F.);
#4419=ORIENTED_EDGE('',*,*,#3076,.F.);
#4420=ORIENTED_EDGE('',*,*,#3077,.F.);
#4421=ORIENTED_EDGE('',*,*,#3078,.T.);
#4422=ORIENTED_EDGE('',*,*,#3079,.T.);
#4423=ORIENTED_EDGE('',*,*,#3080,.F.);
#4424=ORIENTED_EDGE('',*,*,#3081,.F.);
#4425=ORIENTED_EDGE('',*,*,#3082,.T.);
#4426=ORIENTED_EDGE('',*,*,#3073,.F.);
#4427=ORIENTED_EDGE('',*,*,#3083,.T.);
#4428=ORIENTED_EDGE('',*,*,#3084,.F.);
#4429=ORIENTED_EDGE('',*,*,#3074,.F.);
#4430=ORIENTED_EDGE('',*,*,#3085,.T.);
#4431=ORIENTED_EDGE('',*,*,#3086,.T.);
#4432=ORIENTED_EDGE('',*,*,#3075,.T.);
#4433=ORIENTED_EDGE('',*,*,#3084,.T.);
#4434=ORIENTED_EDGE('',*,*,#3087,.T.);
#4435=ORIENTED_EDGE('',*,*,#3088,.F.);
#4436=ORIENTED_EDGE('',*,*,#3089,.F.);
#4437=ORIENTED_EDGE('',*,*,#3080,.T.);
#4438=ORIENTED_EDGE('',*,*,#3090,.F.);
#4439=ORIENTED_EDGE('',*,*,#3091,.T.);
#4440=ORIENTED_EDGE('',*,*,#3092,.T.);
#4441=ORIENTED_EDGE('',*,*,#3078,.F.);
#4442=ORIENTED_EDGE('',*,*,#3092,.F.);
#4443=ORIENTED_EDGE('',*,*,#3093,.T.);
#4444=ORIENTED_EDGE('',*,*,#3087,.F.);
#4445=ORIENTED_EDGE('',*,*,#3079,.F.);
#4446=ORIENTED_EDGE('',*,*,#3089,.T.);
#4447=ORIENTED_EDGE('',*,*,#3094,.F.);
#4448=ORIENTED_EDGE('',*,*,#3095,.F.);
#4449=ORIENTED_EDGE('',*,*,#3081,.T.);
#4450=ORIENTED_EDGE('',*,*,#3090,.T.);
#4451=ORIENTED_EDGE('',*,*,#3077,.T.);
#4452=ORIENTED_EDGE('',*,*,#3096,.F.);
#4453=ORIENTED_EDGE('',*,*,#3097,.F.);
#4454=ORIENTED_EDGE('',*,*,#3086,.F.);
#4455=ORIENTED_EDGE('',*,*,#3098,.F.);
#4456=ORIENTED_EDGE('',*,*,#3096,.T.);
#4457=ORIENTED_EDGE('',*,*,#3076,.T.);
#4458=ORIENTED_EDGE('',*,*,#3071,.F.);
#4459=ORIENTED_EDGE('',*,*,#3082,.F.);
#4460=ORIENTED_EDGE('',*,*,#3095,.T.);
#4461=ORIENTED_EDGE('',*,*,#3099,.T.);
#4462=ORIENTED_EDGE('',*,*,#3072,.F.);
#4463=ORIENTED_EDGE('',*,*,#3099,.F.);
#4464=ORIENTED_EDGE('',*,*,#3094,.T.);
#4465=ORIENTED_EDGE('',*,*,#3088,.T.);
#4466=ORIENTED_EDGE('',*,*,#3093,.F.);
#4467=ORIENTED_EDGE('',*,*,#3091,.F.);
#4468=ORIENTED_EDGE('',*,*,#3097,.T.);
#4469=ORIENTED_EDGE('',*,*,#3098,.T.);
#4470=ORIENTED_EDGE('',*,*,#3085,.F.);
#4471=ORIENTED_EDGE('',*,*,#3083,.F.);
#4472=PLANE('',#5006);
#4473=PLANE('',#5007);
#4474=PLANE('',#5008);
#4475=PLANE('',#5009);
#4476=PLANE('',#5010);
#4477=PLANE('',#5011);
#4478=PLANE('',#5016);
#4479=PLANE('',#5017);
#4480=PLANE('',#5018);
#4481=PLANE('',#5019);
#4482=PLANE('',#5024);
#4483=PLANE('',#5025);
#4484=PLANE('',#5026);
#4485=PLANE('',#5027);
#4486=PLANE('',#5028);
#4487=PLANE('',#5029);
#4488=PLANE('',#5030);
#4489=PLANE('',#5031);
#4490=PLANE('',#5032);
#4491=PLANE('',#5033);
#4492=PLANE('',#5034);
#4493=PLANE('',#5035);
#4494=PLANE('',#5036);
#4495=PLANE('',#5037);
#4496=PLANE('',#5038);
#4497=PLANE('',#5039);
#4498=PLANE('',#5042);
#4499=PLANE('',#5045);
#4500=PLANE('',#5048);
#4501=PLANE('',#5051);
#4502=PLANE('',#5052);
#4503=PLANE('',#5053);
#4504=PLANE('',#5054);
#4505=PLANE('',#5055);
#4506=PLANE('',#5056);
#4507=PLANE('',#5057);
#4508=PLANE('',#5058);
#4509=PLANE('',#5059);
#4510=PLANE('',#5060);
#4511=PLANE('',#5061);
#4512=PLANE('',#5062);
#4513=PLANE('',#5069);
#4514=PLANE('',#5078);
#4515=PLANE('',#5080);
#4516=PLANE('',#5082);
#4517=PLANE('',#5084);
#4518=PLANE('',#5088);
#4519=PLANE('',#5091);
#4520=PLANE('',#5097);
#4521=PLANE('',#5100);
#4522=PLANE('',#5103);
#4523=PLANE('',#5106);
#4524=PLANE('',#5109);
#4525=PLANE('',#5110);
#4526=PLANE('',#5111);
#4527=PLANE('',#5112);
#4528=PLANE('',#5113);
#4529=PLANE('',#5114);
#4530=PLANE('',#5115);
#4531=PLANE('',#5116);
#4532=PLANE('',#5121);
#4533=PLANE('',#5122);
#4534=PLANE('',#5124);
#4535=PLANE('',#5128);
#4536=PLANE('',#5129);
#4537=PLANE('',#5133);
#4538=PLANE('',#5134);
#4539=PLANE('',#5138);
#4540=PLANE('',#5139);
#4541=PLANE('',#5140);
#4542=PLANE('',#5141);
#4543=PLANE('',#5142);
#4544=PLANE('',#5143);
#4545=PLANE('',#5144);
#4546=PLANE('',#5145);
#4547=PLANE('',#5149);
#4548=PLANE('',#5150);
#4549=PLANE('',#5154);
#4550=PLANE('',#5155);
#4551=PLANE('',#5156);
#4552=PLANE('',#5157);
#4553=PLANE('',#5158);
#4554=PLANE('',#5159);
#4555=PLANE('',#5160);
#4556=PLANE('',#5161);
#4557=PLANE('',#5165);
#4558=PLANE('',#5166);
#4559=PLANE('',#5170);
#4560=PLANE('',#5171);
#4561=PLANE('',#5172);
#4562=PLANE('',#5173);
#4563=PLANE('',#5174);
#4564=PLANE('',#5175);
#4565=PLANE('',#5176);
#4566=PLANE('',#5177);
#4567=PLANE('',#5181);
#4568=PLANE('',#5182);
#4569=PLANE('',#5186);
#4570=PLANE('',#5187);
#4571=PLANE('',#5188);
#4572=PLANE('',#5189);
#4573=PLANE('',#5190);
#4574=PLANE('',#5191);
#4575=PLANE('',#5192);
#4576=PLANE('',#5193);
#4577=PLANE('',#5197);
#4578=PLANE('',#5198);
#4579=PLANE('',#5202);
#4580=PLANE('',#5203);
#4581=PLANE('',#5204);
#4582=PLANE('',#5205);
#4583=PLANE('',#5206);
#4584=PLANE('',#5207);
#4585=PLANE('',#5208);
#4586=PLANE('',#5209);
#4587=PLANE('',#5213);
#4588=PLANE('',#5214);
#4589=PLANE('',#5218);
#4590=PLANE('',#5219);
#4591=PLANE('',#5220);
#4592=PLANE('',#5221);
#4593=PLANE('',#5222);
#4594=PLANE('',#5223);
#4595=PLANE('',#5224);
#4596=PLANE('',#5225);
#4597=PLANE('',#5229);
#4598=PLANE('',#5230);
#4599=PLANE('',#5234);
#4600=PLANE('',#5235);
#4601=PLANE('',#5236);
#4602=PLANE('',#5237);
#4603=PLANE('',#5238);
#4604=PLANE('',#5239);
#4605=PLANE('',#5240);
#4606=PLANE('',#5241);
#4607=PLANE('',#5245);
#4608=PLANE('',#5246);
#4609=PLANE('',#5250);
#4610=PLANE('',#5251);
#4611=PLANE('',#5252);
#4612=PLANE('',#5253);
#4613=PLANE('',#5254);
#4614=PLANE('',#5255);
#4615=PLANE('',#5256);
#4616=PLANE('',#5257);
#4617=PLANE('',#5261);
#4618=PLANE('',#5263);
#4619=PLANE('',#5266);
#4620=PLANE('',#5267);
#4621=PLANE('',#5268);
#4622=PLANE('',#5269);
#4623=PLANE('',#5270);
#4624=PLANE('',#5271);
#4625=PLANE('',#5272);
#4626=PLANE('',#5273);
#4627=PLANE('',#5277);
#4628=PLANE('',#5279);
#4629=PLANE('',#5282);
#4630=PLANE('',#5283);
#4631=PLANE('',#5284);
#4632=PLANE('',#5285);
#4633=PLANE('',#5286);
#4634=PLANE('',#5287);
#4635=PLANE('',#5288);
#4636=PLANE('',#5289);
#4637=PLANE('',#5293);
#4638=PLANE('',#5295);
#4639=PLANE('',#5298);
#4640=PLANE('',#5299);
#4641=PLANE('',#5300);
#4642=PLANE('',#5301);
#4643=PLANE('',#5302);
#4644=PLANE('',#5303);
#4645=PLANE('',#5304);
#4646=PLANE('',#5305);
#4647=PLANE('',#5309);
#4648=PLANE('',#5311);
#4649=PLANE('',#5314);
#4650=PLANE('',#5315);
#4651=PLANE('',#5316);
#4652=PLANE('',#5317);
#4653=PLANE('',#5318);
#4654=PLANE('',#5319);
#4655=PLANE('',#5320);
#4656=PLANE('',#5321);
#4657=PLANE('',#5325);
#4658=PLANE('',#5327);
#4659=PLANE('',#5330);
#4660=PLANE('',#5331);
#4661=PLANE('',#5332);
#4662=PLANE('',#5333);
#4663=PLANE('',#5334);
#4664=PLANE('',#5335);
#4665=PLANE('',#5336);
#4666=PLANE('',#5337);
#4667=PLANE('',#5341);
#4668=PLANE('',#5343);
#4669=PLANE('',#5346);
#4670=PLANE('',#5347);
#4671=PLANE('',#5348);
#4672=PLANE('',#5349);
#4673=PLANE('',#5350);
#4674=PLANE('',#5351);
#4675=PLANE('',#5352);
#4676=PLANE('',#5353);
#4677=PLANE('',#5357);
#4678=PLANE('',#5359);
#4679=PLANE('',#5362);
#4680=PLANE('',#5363);
#4681=PLANE('',#5364);
#4682=PLANE('',#5365);
#4683=PLANE('',#5366);
#4684=PLANE('',#5367);
#4685=PLANE('',#5368);
#4686=PLANE('',#5369);
#4687=PLANE('',#5373);
#4688=PLANE('',#5375);
#4689=PLANE('',#5378);
#4690=PLANE('',#5379);
#4691=PLANE('',#5380);
#4692=PLANE('',#5381);
#4693=PLANE('',#5382);
#4694=PLANE('',#5383);
#4695=PLANE('',#5384);
#4696=PLANE('',#5385);
#4697=ADVANCED_FACE('',(#220),#4472,.T.);
#4698=ADVANCED_FACE('',(#221),#4473,.T.);
#4699=ADVANCED_FACE('',(#222),#4474,.T.);
#4700=ADVANCED_FACE('',(#223),#4475,.T.);
#4701=ADVANCED_FACE('',(#224),#4476,.F.);
#4702=ADVANCED_FACE('',(#225,#104),#4477,.T.);
#4703=ADVANCED_FACE('',(#226),#4478,.F.);
#4704=ADVANCED_FACE('',(#227),#4479,.T.);
#4705=ADVANCED_FACE('',(#228),#4480,.T.);
#4706=ADVANCED_FACE('',(#229,#105,#106,#107,#108,#109,#110),#4481,.F.);
#4707=ADVANCED_FACE('',(#230),#4482,.T.);
#4708=ADVANCED_FACE('',(#231),#4483,.F.);
#4709=ADVANCED_FACE('',(#232),#4484,.F.);
#4710=ADVANCED_FACE('',(#233),#4485,.F.);
#4711=ADVANCED_FACE('',(#234),#4486,.F.);
#4712=ADVANCED_FACE('',(#235),#4487,.T.);
#4713=ADVANCED_FACE('',(#236),#4488,.F.);
#4714=ADVANCED_FACE('',(#237),#4489,.F.);
#4715=ADVANCED_FACE('',(#238),#4490,.F.);
#4716=ADVANCED_FACE('',(#239),#4491,.F.);
#4717=ADVANCED_FACE('',(#240),#4492,.T.);
#4718=ADVANCED_FACE('',(#241),#4493,.T.);
#4719=ADVANCED_FACE('',(#242),#4494,.T.);
#4720=ADVANCED_FACE('',(#243),#4495,.T.);
#4721=ADVANCED_FACE('',(#244),#4496,.T.);
#4722=ADVANCED_FACE('',(#245),#4497,.F.);
#4723=ADVANCED_FACE('',(#246),#53,.T.);
#4724=ADVANCED_FACE('',(#247),#4498,.T.);
#4725=ADVANCED_FACE('',(#248),#54,.T.);
#4726=ADVANCED_FACE('',(#249),#4499,.T.);
#4727=ADVANCED_FACE('',(#250),#55,.T.);
#4728=ADVANCED_FACE('',(#251),#4500,.T.);
#4729=ADVANCED_FACE('',(#252),#56,.T.);
#4730=ADVANCED_FACE('',(#253),#4501,.T.);
#4731=ADVANCED_FACE('',(#254),#4502,.T.);
#4732=ADVANCED_FACE('',(#255),#4503,.T.);
#4733=ADVANCED_FACE('',(#256),#4504,.T.);
#4734=ADVANCED_FACE('',(#257),#4505,.T.);
#4735=ADVANCED_FACE('',(#258),#4506,.T.);
#4736=ADVANCED_FACE('',(#259),#4507,.T.);
#4737=ADVANCED_FACE('',(#260),#4508,.T.);
#4738=ADVANCED_FACE('',(#261),#4509,.F.);
#4739=ADVANCED_FACE('',(#262),#4510,.F.);
#4740=ADVANCED_FACE('',(#263),#4511,.F.);
#4741=ADVANCED_FACE('',(#264,#111),#4512,.F.);
#4742=ADVANCED_FACE('',(#265,#112),#4513,.F.);
#4743=ADVANCED_FACE('',(#266),#4514,.T.);
#4744=ADVANCED_FACE('',(#267),#57,.T.);
#4745=ADVANCED_FACE('',(#268,#113,#114),#4515,.T.);
#4746=ADVANCED_FACE('',(#269),#58,.T.);
#4747=ADVANCED_FACE('',(#270),#4516,.T.);
#4748=ADVANCED_FACE('',(#271),#59,.T.);
#4749=ADVANCED_FACE('',(#272,#115,#116),#4517,.T.);
#4750=ADVANCED_FACE('',(#273),#60,.T.);
#4751=ADVANCED_FACE('',(#274),#61,.T.);
#4752=ADVANCED_FACE('',(#275),#4518,.F.);
#4753=ADVANCED_FACE('',(#276),#62,.T.);
#4754=ADVANCED_FACE('',(#277),#4519,.F.);
#4755=ADVANCED_FACE('',(#278),#51,.T.);
#4756=ADVANCED_FACE('',(#279),#63,.T.);
#4757=ADVANCED_FACE('',(#280),#52,.T.);
#4758=ADVANCED_FACE('',(#281),#4520,.T.);
#4759=ADVANCED_FACE('',(#282),#64,.F.);
#4760=ADVANCED_FACE('',(#283),#4521,.T.);
#4761=ADVANCED_FACE('',(#284),#65,.F.);
#4762=ADVANCED_FACE('',(#285),#4522,.T.);
#4763=ADVANCED_FACE('',(#286),#66,.F.);
#4764=ADVANCED_FACE('',(#287),#4523,.T.);
#4765=ADVANCED_FACE('',(#288),#67,.F.);
#4766=ADVANCED_FACE('',(#289),#4524,.T.);
#4767=ADVANCED_FACE('',(#290),#4525,.T.);
#4768=ADVANCED_FACE('',(#291),#4526,.T.);
#4769=ADVANCED_FACE('',(#292),#4527,.T.);
#4770=ADVANCED_FACE('',(#293),#4528,.T.);
#4771=ADVANCED_FACE('',(#294),#4529,.F.);
#4772=ADVANCED_FACE('',(#295),#4530,.F.);
#4773=ADVANCED_FACE('',(#296,#117),#4531,.T.);
#4774=ADVANCED_FACE('',(#297),#4532,.F.);
#4775=ADVANCED_FACE('',(#298),#4533,.F.);
#4776=ADVANCED_FACE('',(#299),#68,.T.);
#4777=ADVANCED_FACE('',(#300),#4534,.F.);
#4778=ADVANCED_FACE('',(#301),#69,.T.);
#4779=ADVANCED_FACE('',(#302),#70,.T.);
#4780=ADVANCED_FACE('',(#303),#71,.T.);
#4781=ADVANCED_FACE('',(#304),#4535,.F.);
#4782=ADVANCED_FACE('',(#305),#4536,.F.);
#4783=ADVANCED_FACE('',(#306),#72,.T.);
#4784=ADVANCED_FACE('',(#307),#4537,.F.);
#4785=ADVANCED_FACE('',(#308),#4538,.F.);
#4786=ADVANCED_FACE('',(#309),#73,.T.);
#4787=ADVANCED_FACE('',(#310),#4539,.F.);
#4788=ADVANCED_FACE('',(#311),#4540,.T.);
#4789=ADVANCED_FACE('',(#312),#4541,.F.);
#4790=ADVANCED_FACE('',(#313),#4542,.F.);
#4791=ADVANCED_FACE('',(#314),#4543,.F.);
#4792=ADVANCED_FACE('',(#315),#4544,.F.);
#4793=ADVANCED_FACE('',(#316),#4545,.T.);
#4794=ADVANCED_FACE('',(#317),#4546,.F.);
#4795=ADVANCED_FACE('',(#318),#74,.T.);
#4796=ADVANCED_FACE('',(#319),#4547,.F.);
#4797=ADVANCED_FACE('',(#320),#4548,.F.);
#4798=ADVANCED_FACE('',(#321),#75,.T.);
#4799=ADVANCED_FACE('',(#322),#4549,.F.);
#4800=ADVANCED_FACE('',(#323),#4550,.T.);
#4801=ADVANCED_FACE('',(#324),#4551,.F.);
#4802=ADVANCED_FACE('',(#325),#4552,.F.);
#4803=ADVANCED_FACE('',(#326),#4553,.F.);
#4804=ADVANCED_FACE('',(#327),#4554,.F.);
#4805=ADVANCED_FACE('',(#328),#4555,.T.);
#4806=ADVANCED_FACE('',(#329),#4556,.F.);
#4807=ADVANCED_FACE('',(#330),#76,.T.);
#4808=ADVANCED_FACE('',(#331),#4557,.F.);
#4809=ADVANCED_FACE('',(#332),#4558,.F.);
#4810=ADVANCED_FACE('',(#333),#77,.T.);
#4811=ADVANCED_FACE('',(#334),#4559,.F.);
#4812=ADVANCED_FACE('',(#335),#4560,.T.);
#4813=ADVANCED_FACE('',(#336),#4561,.F.);
#4814=ADVANCED_FACE('',(#337),#4562,.F.);
#4815=ADVANCED_FACE('',(#338),#4563,.F.);
#4816=ADVANCED_FACE('',(#339),#4564,.F.);
#4817=ADVANCED_FACE('',(#340),#4565,.T.);
#4818=ADVANCED_FACE('',(#341),#4566,.F.);
#4819=ADVANCED_FACE('',(#342),#78,.T.);
#4820=ADVANCED_FACE('',(#343),#4567,.F.);
#4821=ADVANCED_FACE('',(#344),#4568,.F.);
#4822=ADVANCED_FACE('',(#345),#79,.T.);
#4823=ADVANCED_FACE('',(#346),#4569,.F.);
#4824=ADVANCED_FACE('',(#347),#4570,.T.);
#4825=ADVANCED_FACE('',(#348),#4571,.F.);
#4826=ADVANCED_FACE('',(#349),#4572,.F.);
#4827=ADVANCED_FACE('',(#350),#4573,.F.);
#4828=ADVANCED_FACE('',(#351),#4574,.F.);
#4829=ADVANCED_FACE('',(#352),#4575,.T.);
#4830=ADVANCED_FACE('',(#353),#4576,.F.);
#4831=ADVANCED_FACE('',(#354),#80,.T.);
#4832=ADVANCED_FACE('',(#355),#4577,.F.);
#4833=ADVANCED_FACE('',(#356),#4578,.F.);
#4834=ADVANCED_FACE('',(#357),#81,.T.);
#4835=ADVANCED_FACE('',(#358),#4579,.F.);
#4836=ADVANCED_FACE('',(#359),#4580,.T.);
#4837=ADVANCED_FACE('',(#360),#4581,.F.);
#4838=ADVANCED_FACE('',(#361),#4582,.F.);
#4839=ADVANCED_FACE('',(#362),#4583,.F.);
#4840=ADVANCED_FACE('',(#363),#4584,.F.);
#4841=ADVANCED_FACE('',(#364),#4585,.T.);
#4842=ADVANCED_FACE('',(#365),#4586,.F.);
#4843=ADVANCED_FACE('',(#366),#82,.T.);
#4844=ADVANCED_FACE('',(#367),#4587,.F.);
#4845=ADVANCED_FACE('',(#368),#4588,.F.);
#4846=ADVANCED_FACE('',(#369),#83,.T.);
#4847=ADVANCED_FACE('',(#370),#4589,.F.);
#4848=ADVANCED_FACE('',(#371),#4590,.T.);
#4849=ADVANCED_FACE('',(#372),#4591,.F.);
#4850=ADVANCED_FACE('',(#373),#4592,.F.);
#4851=ADVANCED_FACE('',(#374),#4593,.F.);
#4852=ADVANCED_FACE('',(#375),#4594,.F.);
#4853=ADVANCED_FACE('',(#376),#4595,.T.);
#4854=ADVANCED_FACE('',(#377),#4596,.F.);
#4855=ADVANCED_FACE('',(#378),#84,.T.);
#4856=ADVANCED_FACE('',(#379),#4597,.F.);
#4857=ADVANCED_FACE('',(#380),#4598,.F.);
#4858=ADVANCED_FACE('',(#381),#85,.T.);
#4859=ADVANCED_FACE('',(#382),#4599,.F.);
#4860=ADVANCED_FACE('',(#383),#4600,.T.);
#4861=ADVANCED_FACE('',(#384),#4601,.F.);
#4862=ADVANCED_FACE('',(#385),#4602,.F.);
#4863=ADVANCED_FACE('',(#386),#4603,.F.);
#4864=ADVANCED_FACE('',(#387),#4604,.F.);
#4865=ADVANCED_FACE('',(#388),#4605,.T.);
#4866=ADVANCED_FACE('',(#389),#4606,.F.);
#4867=ADVANCED_FACE('',(#390),#86,.T.);
#4868=ADVANCED_FACE('',(#391),#4607,.F.);
#4869=ADVANCED_FACE('',(#392),#4608,.F.);
#4870=ADVANCED_FACE('',(#393),#87,.T.);
#4871=ADVANCED_FACE('',(#394),#4609,.F.);
#4872=ADVANCED_FACE('',(#395),#4610,.T.);
#4873=ADVANCED_FACE('',(#396),#4611,.F.);
#4874=ADVANCED_FACE('',(#397),#4612,.F.);
#4875=ADVANCED_FACE('',(#398),#4613,.F.);
#4876=ADVANCED_FACE('',(#399),#4614,.F.);
#4877=ADVANCED_FACE('',(#400),#4615,.T.);
#4878=ADVANCED_FACE('',(#401),#4616,.F.);
#4879=ADVANCED_FACE('',(#402),#88,.T.);
#4880=ADVANCED_FACE('',(#403),#4617,.F.);
#4881=ADVANCED_FACE('',(#404),#4618,.F.);
#4882=ADVANCED_FACE('',(#405),#89,.T.);
#4883=ADVANCED_FACE('',(#406),#4619,.T.);
#4884=ADVANCED_FACE('',(#407),#4620,.F.);
#4885=ADVANCED_FACE('',(#408),#4621,.F.);
#4886=ADVANCED_FACE('',(#409),#4622,.F.);
#4887=ADVANCED_FACE('',(#410),#4623,.F.);
#4888=ADVANCED_FACE('',(#411),#4624,.T.);
#4889=ADVANCED_FACE('',(#412),#4625,.F.);
#4890=ADVANCED_FACE('',(#413),#4626,.F.);
#4891=ADVANCED_FACE('',(#414),#90,.T.);
#4892=ADVANCED_FACE('',(#415),#4627,.F.);
#4893=ADVANCED_FACE('',(#416),#4628,.F.);
#4894=ADVANCED_FACE('',(#417),#91,.T.);
#4895=ADVANCED_FACE('',(#418),#4629,.T.);
#4896=ADVANCED_FACE('',(#419),#4630,.F.);
#4897=ADVANCED_FACE('',(#420),#4631,.F.);
#4898=ADVANCED_FACE('',(#421),#4632,.F.);
#4899=ADVANCED_FACE('',(#422),#4633,.F.);
#4900=ADVANCED_FACE('',(#423),#4634,.T.);
#4901=ADVANCED_FACE('',(#424),#4635,.F.);
#4902=ADVANCED_FACE('',(#425),#4636,.F.);
#4903=ADVANCED_FACE('',(#426),#92,.T.);
#4904=ADVANCED_FACE('',(#427),#4637,.F.);
#4905=ADVANCED_FACE('',(#428),#4638,.F.);
#4906=ADVANCED_FACE('',(#429),#93,.T.);
#4907=ADVANCED_FACE('',(#430),#4639,.T.);
#4908=ADVANCED_FACE('',(#431),#4640,.F.);
#4909=ADVANCED_FACE('',(#432),#4641,.F.);
#4910=ADVANCED_FACE('',(#433),#4642,.F.);
#4911=ADVANCED_FACE('',(#434),#4643,.F.);
#4912=ADVANCED_FACE('',(#435),#4644,.T.);
#4913=ADVANCED_FACE('',(#436),#4645,.F.);
#4914=ADVANCED_FACE('',(#437),#4646,.F.);
#4915=ADVANCED_FACE('',(#438),#94,.T.);
#4916=ADVANCED_FACE('',(#439),#4647,.F.);
#4917=ADVANCED_FACE('',(#440),#4648,.F.);
#4918=ADVANCED_FACE('',(#441),#95,.T.);
#4919=ADVANCED_FACE('',(#442),#4649,.T.);
#4920=ADVANCED_FACE('',(#443),#4650,.F.);
#4921=ADVANCED_FACE('',(#444),#4651,.F.);
#4922=ADVANCED_FACE('',(#445),#4652,.F.);
#4923=ADVANCED_FACE('',(#446),#4653,.F.);
#4924=ADVANCED_FACE('',(#447),#4654,.T.);
#4925=ADVANCED_FACE('',(#448),#4655,.F.);
#4926=ADVANCED_FACE('',(#449),#4656,.F.);
#4927=ADVANCED_FACE('',(#450),#96,.T.);
#4928=ADVANCED_FACE('',(#451),#4657,.F.);
#4929=ADVANCED_FACE('',(#452),#4658,.F.);
#4930=ADVANCED_FACE('',(#453),#97,.T.);
#4931=ADVANCED_FACE('',(#454),#4659,.T.);
#4932=ADVANCED_FACE('',(#455),#4660,.F.);
#4933=ADVANCED_FACE('',(#456),#4661,.F.);
#4934=ADVANCED_FACE('',(#457),#4662,.F.);
#4935=ADVANCED_FACE('',(#458),#4663,.F.);
#4936=ADVANCED_FACE('',(#459),#4664,.T.);
#4937=ADVANCED_FACE('',(#460),#4665,.F.);
#4938=ADVANCED_FACE('',(#461),#4666,.F.);
#4939=ADVANCED_FACE('',(#462),#98,.T.);
#4940=ADVANCED_FACE('',(#463),#4667,.F.);
#4941=ADVANCED_FACE('',(#464),#4668,.F.);
#4942=ADVANCED_FACE('',(#465),#99,.T.);
#4943=ADVANCED_FACE('',(#466),#4669,.T.);
#4944=ADVANCED_FACE('',(#467),#4670,.F.);
#4945=ADVANCED_FACE('',(#468),#4671,.F.);
#4946=ADVANCED_FACE('',(#469),#4672,.F.);
#4947=ADVANCED_FACE('',(#470),#4673,.F.);
#4948=ADVANCED_FACE('',(#471),#4674,.T.);
#4949=ADVANCED_FACE('',(#472),#4675,.F.);
#4950=ADVANCED_FACE('',(#473),#4676,.F.);
#4951=ADVANCED_FACE('',(#474),#100,.T.);
#4952=ADVANCED_FACE('',(#475),#4677,.F.);
#4953=ADVANCED_FACE('',(#476),#4678,.F.);
#4954=ADVANCED_FACE('',(#477),#101,.T.);
#4955=ADVANCED_FACE('',(#478),#4679,.T.);
#4956=ADVANCED_FACE('',(#479),#4680,.F.);
#4957=ADVANCED_FACE('',(#480),#4681,.F.);
#4958=ADVANCED_FACE('',(#481),#4682,.F.);
#4959=ADVANCED_FACE('',(#482),#4683,.F.);
#4960=ADVANCED_FACE('',(#483),#4684,.T.);
#4961=ADVANCED_FACE('',(#484),#4685,.F.);
#4962=ADVANCED_FACE('',(#485),#4686,.F.);
#4963=ADVANCED_FACE('',(#486),#102,.T.);
#4964=ADVANCED_FACE('',(#487),#4687,.F.);
#4965=ADVANCED_FACE('',(#488),#4688,.F.);
#4966=ADVANCED_FACE('',(#489),#103,.T.);
#4967=ADVANCED_FACE('',(#490),#4689,.T.);
#4968=ADVANCED_FACE('',(#491),#4690,.F.);
#4969=ADVANCED_FACE('',(#492),#4691,.F.);
#4970=ADVANCED_FACE('',(#493),#4692,.F.);
#4971=ADVANCED_FACE('',(#494),#4693,.F.);
#4972=ADVANCED_FACE('',(#495),#4694,.T.);
#4973=ADVANCED_FACE('',(#496),#4695,.F.);
#4974=ADVANCED_FACE('',(#497),#4696,.F.);
#4975=CLOSED_SHELL('',(#4697,#4698,#4699,#4700,#4701,#4702,#4703,#4704,
#4705,#4706,#4707,#4708,#4709,#4710,#4711,#4712,#4713,#4714,#4715,#4716,
#4717,#4718,#4719,#4720,#4721,#4722,#4723,#4724,#4725,#4726,#4727,#4728,
#4729,#4730,#4731,#4732,#4733,#4734,#4735,#4736,#4737,#4738,#4739,#4740,
#4741,#4742,#4743,#4744,#4745,#4746,#4747,#4748,#4749,#4750,#4751,#4752,
#4753,#4754,#4755,#4756,#4757,#4758,#4759,#4760,#4761,#4762,#4763,#4764,
#4765,#4766,#4767,#4768,#4769,#4770,#4771,#4772,#4773,#4774,#4775,#4776,
#4777,#4778,#4779,#4780,#4781,#4782));
#4976=CLOSED_SHELL('',(#4783,#4784,#4785,#4786,#4787,#4788,#4789,#4790,
#4791,#4792,#4793,#4794));
#4977=CLOSED_SHELL('',(#4795,#4796,#4797,#4798,#4799,#4800,#4801,#4802,
#4803,#4804,#4805,#4806));
#4978=CLOSED_SHELL('',(#4807,#4808,#4809,#4810,#4811,#4812,#4813,#4814,
#4815,#4816,#4817,#4818));
#4979=CLOSED_SHELL('',(#4819,#4820,#4821,#4822,#4823,#4824,#4825,#4826,
#4827,#4828,#4829,#4830));
#4980=CLOSED_SHELL('',(#4831,#4832,#4833,#4834,#4835,#4836,#4837,#4838,
#4839,#4840,#4841,#4842));
#4981=CLOSED_SHELL('',(#4843,#4844,#4845,#4846,#4847,#4848,#4849,#4850,
#4851,#4852,#4853,#4854));
#4982=CLOSED_SHELL('',(#4855,#4856,#4857,#4858,#4859,#4860,#4861,#4862,
#4863,#4864,#4865,#4866));
#4983=CLOSED_SHELL('',(#4867,#4868,#4869,#4870,#4871,#4872,#4873,#4874,
#4875,#4876,#4877,#4878));
#4984=CLOSED_SHELL('',(#4879,#4880,#4881,#4882,#4883,#4884,#4885,#4886,
#4887,#4888,#4889,#4890));
#4985=CLOSED_SHELL('',(#4891,#4892,#4893,#4894,#4895,#4896,#4897,#4898,
#4899,#4900,#4901,#4902));
#4986=CLOSED_SHELL('',(#4903,#4904,#4905,#4906,#4907,#4908,#4909,#4910,
#4911,#4912,#4913,#4914));
#4987=CLOSED_SHELL('',(#4915,#4916,#4917,#4918,#4919,#4920,#4921,#4922,
#4923,#4924,#4925,#4926));
#4988=CLOSED_SHELL('',(#4927,#4928,#4929,#4930,#4931,#4932,#4933,#4934,
#4935,#4936,#4937,#4938));
#4989=CLOSED_SHELL('',(#4939,#4940,#4941,#4942,#4943,#4944,#4945,#4946,
#4947,#4948,#4949,#4950));
#4990=CLOSED_SHELL('',(#4951,#4952,#4953,#4954,#4955,#4956,#4957,#4958,
#4959,#4960,#4961,#4962));
#4991=CLOSED_SHELL('',(#4963,#4964,#4965,#4966,#4967,#4968,#4969,#4970,
#4971,#4972,#4973,#4974));
#4992=DERIVED_UNIT_ELEMENT(#4994,1.);
#4993=DERIVED_UNIT_ELEMENT(#8167,-3.);
#4994=(
MASS_UNIT()
NAMED_UNIT(*)
SI_UNIT(.KILO.,.GRAM.)
);
#4995=DERIVED_UNIT((#4992,#4993));
#4996=MEASURE_REPRESENTATION_ITEM('density measure',
POSITIVE_RATIO_MEASURE(7850.),#4995);
#4997=PROPERTY_DEFINITION_REPRESENTATION(#5002,#4999);
#4998=PROPERTY_DEFINITION_REPRESENTATION(#5003,#5000);
#4999=REPRESENTATION('material name',(#5001),#8164);
#5000=REPRESENTATION('density',(#4996),#8164);
#5001=DESCRIPTIVE_REPRESENTATION_ITEM('Steel','Steel');
#5002=PROPERTY_DEFINITION('material property','material name',#8179);
#5003=PROPERTY_DEFINITION('material property','density of part',#8179);
#5004=AXIS2_PLACEMENT_3D('',#6737,#5387,#5388);
#5005=AXIS2_PLACEMENT_3D('',#6738,#5389,#5390);
#5006=AXIS2_PLACEMENT_3D('',#6739,#5391,#5392);
#5007=AXIS2_PLACEMENT_3D('',#6748,#5397,#5398);
#5008=AXIS2_PLACEMENT_3D('',#6754,#5402,#5403);
#5009=AXIS2_PLACEMENT_3D('',#6760,#5407,#5408);
#5010=AXIS2_PLACEMENT_3D('',#6762,#5410,#5411);
#5011=AXIS2_PLACEMENT_3D('',#6764,#5413,#5414);
#5012=AXIS2_PLACEMENT_3D('',#6767,#5415,#5416);
#5013=AXIS2_PLACEMENT_3D('',#6771,#5418,#5419);
#5014=AXIS2_PLACEMENT_3D('',#6775,#5421,#5422);
#5015=AXIS2_PLACEMENT_3D('',#6779,#5424,#5425);
#5016=AXIS2_PLACEMENT_3D('',#6789,#5431,#5432);
#5017=AXIS2_PLACEMENT_3D('',#6795,#5436,#5437);
#5018=AXIS2_PLACEMENT_3D('',#6804,#5442,#5443);
#5019=AXIS2_PLACEMENT_3D('',#6810,#5447,#5448);
#5020=AXIS2_PLACEMENT_3D('',#6822,#5455,#5456);
#5021=AXIS2_PLACEMENT_3D('',#6824,#5457,#5458);
#5022=AXIS2_PLACEMENT_3D('',#6826,#5459,#5460);
#5023=AXIS2_PLACEMENT_3D('',#6828,#5461,#5462);
#5024=AXIS2_PLACEMENT_3D('',#6837,#5467,#5468);
#5025=AXIS2_PLACEMENT_3D('',#6840,#5471,#5472);
#5026=AXIS2_PLACEMENT_3D('',#6849,#5477,#5478);
#5027=AXIS2_PLACEMENT_3D('',#6855,#5482,#5483);
#5028=AXIS2_PLACEMENT_3D('',#6861,#5487,#5488);
#5029=AXIS2_PLACEMENT_3D('',#6863,#5490,#5491);
#5030=AXIS2_PLACEMENT_3D('',#6865,#5493,#5494);
#5031=AXIS2_PLACEMENT_3D('',#6874,#5499,#5500);
#5032=AXIS2_PLACEMENT_3D('',#6880,#5504,#5505);
#5033=AXIS2_PLACEMENT_3D('',#6886,#5509,#5510);
#5034=AXIS2_PLACEMENT_3D('',#6888,#5512,#5513);
#5035=AXIS2_PLACEMENT_3D('',#6890,#5515,#5516);
#5036=AXIS2_PLACEMENT_3D('',#6899,#5521,#5522);
#5037=AXIS2_PLACEMENT_3D('',#6905,#5526,#5527);
#5038=AXIS2_PLACEMENT_3D('',#6911,#5531,#5532);
#5039=AXIS2_PLACEMENT_3D('',#6913,#5534,#5535);
#5040=AXIS2_PLACEMENT_3D('',#6915,#5537,#5538);
#5041=AXIS2_PLACEMENT_3D('',#6917,#5539,#5540);
#5042=AXIS2_PLACEMENT_3D('',#6919,#5542,#5543);
#5043=AXIS2_PLACEMENT_3D('',#6920,#5544,#5545);
#5044=AXIS2_PLACEMENT_3D('',#6922,#5546,#5547);
#5045=AXIS2_PLACEMENT_3D('',#6924,#5549,#5550);
#5046=AXIS2_PLACEMENT_3D('',#6925,#5551,#5552);
#5047=AXIS2_PLACEMENT_3D('',#6927,#5553,#5554);
#5048=AXIS2_PLACEMENT_3D('',#6929,#5556,#5557);
#5049=AXIS2_PLACEMENT_3D('',#6930,#5558,#5559);
#5050=AXIS2_PLACEMENT_3D('',#6932,#5560,#5561);
#5051=AXIS2_PLACEMENT_3D('',#6934,#5563,#5564);
#5052=AXIS2_PLACEMENT_3D('',#6935,#5565,#5566);
#5053=AXIS2_PLACEMENT_3D('',#6941,#5570,#5571);
#5054=AXIS2_PLACEMENT_3D('',#6945,#5574,#5575);
#5055=AXIS2_PLACEMENT_3D('',#6949,#5578,#5579);
#5056=AXIS2_PLACEMENT_3D('',#6951,#5581,#5582);
#5057=AXIS2_PLACEMENT_3D('',#6952,#5583,#5584);
#5058=AXIS2_PLACEMENT_3D('',#6953,#5585,#5586);
#5059=AXIS2_PLACEMENT_3D('',#6954,#5587,#5588);
#5060=AXIS2_PLACEMENT_3D('',#6956,#5590,#5591);
#5061=AXIS2_PLACEMENT_3D('',#6958,#5593,#5594);
#5062=AXIS2_PLACEMENT_3D('',#6959,#5595,#5596);
#5063=AXIS2_PLACEMENT_3D('',#6968,#5600,#5601);
#5064=AXIS2_PLACEMENT_3D('',#6972,#5603,#5604);
#5065=AXIS2_PLACEMENT_3D('',#6976,#5606,#5607);
#5066=AXIS2_PLACEMENT_3D('',#6980,#5609,#5610);
#5067=AXIS2_PLACEMENT_3D('',#6986,#5613,#5614);
#5068=AXIS2_PLACEMENT_3D('',#6990,#5616,#5617);
#5069=AXIS2_PLACEMENT_3D('',#6992,#5619,#5620);
#5070=AXIS2_PLACEMENT_3D('',#6995,#5621,#5622);
#5071=AXIS2_PLACEMENT_3D('',#6999,#5624,#5625);
#5072=AXIS2_PLACEMENT_3D('',#7003,#5627,#5628);
#5073=AXIS2_PLACEMENT_3D('',#7007,#5630,#5631);
#5074=AXIS2_PLACEMENT_3D('',#7011,#5633,#5634);
#5075=AXIS2_PLACEMENT_3D('',#7015,#5636,#5637);
#5076=AXIS2_PLACEMENT_3D('',#7027,#5643,#5644);
#5077=AXIS2_PLACEMENT_3D('',#7031,#5646,#5647);
#5078=AXIS2_PLACEMENT_3D('',#7033,#5649,#5650);
#5079=AXIS2_PLACEMENT_3D('',#7036,#5653,#5654);
#5080=AXIS2_PLACEMENT_3D('',#7038,#5656,#5657);
#5081=AXIS2_PLACEMENT_3D('',#7040,#5659,#5660);
#5082=AXIS2_PLACEMENT_3D('',#7042,#5662,#5663);
#5083=AXIS2_PLACEMENT_3D('',#7044,#5665,#5666);
#5084=AXIS2_PLACEMENT_3D('',#7046,#5668,#5669);
#5085=AXIS2_PLACEMENT_3D('',#7048,#5671,#5672);
#5086=AXIS2_PLACEMENT_3D('',#7049,#5673,#5674);
#5087=AXIS2_PLACEMENT_3D('',#7053,#5676,#5677);
#5088=AXIS2_PLACEMENT_3D('',#7055,#5679,#5680);
#5089=AXIS2_PLACEMENT_3D('',#7059,#5683,#5684);
#5090=AXIS2_PLACEMENT_3D('',#7062,#5686,#5687);
#5091=AXIS2_PLACEMENT_3D('',#7063,#5688,#5689);
#5092=AXIS2_PLACEMENT_3D('',#7065,#5691,#5692);
#5093=AXIS2_PLACEMENT_3D('',#7066,#5693,#5694);
#5094=AXIS2_PLACEMENT_3D('',#7067,#5695,#5696);
#5095=AXIS2_PLACEMENT_3D('',#7068,#5697,#5698);
#5096=AXIS2_PLACEMENT_3D('',#7069,#5699,#5700);
#5097=AXIS2_PLACEMENT_3D('',#7070,#5701,#5702);
#5098=AXIS2_PLACEMENT_3D('',#7076,#5706,#5707);
#5099=AXIS2_PLACEMENT_3D('',#7079,#5709,#5710);
#5100=AXIS2_PLACEMENT_3D('',#7080,#5711,#5712);
#5101=AXIS2_PLACEMENT_3D('',#7084,#5715,#5716);
#5102=AXIS2_PLACEMENT_3D('',#7087,#5718,#5719);
#5103=AXIS2_PLACEMENT_3D('',#7088,#5720,#5721);
#5104=AXIS2_PLACEMENT_3D('',#7092,#5724,#5725);
#5105=AXIS2_PLACEMENT_3D('',#7095,#5727,#5728);
#5106=AXIS2_PLACEMENT_3D('',#7096,#5729,#5730);
#5107=AXIS2_PLACEMENT_3D('',#7100,#5733,#5734);
#5108=AXIS2_PLACEMENT_3D('',#7103,#5736,#5737);
#5109=AXIS2_PLACEMENT_3D('',#7104,#5738,#5739);
#5110=AXIS2_PLACEMENT_3D('',#7108,#5742,#5743);
#5111=AXIS2_PLACEMENT_3D('',#7114,#5747,#5748);
#5112=AXIS2_PLACEMENT_3D('',#7118,#5751,#5752);
#5113=AXIS2_PLACEMENT_3D('',#7124,#5756,#5757);
#5114=AXIS2_PLACEMENT_3D('',#7128,#5760,#5761);
#5115=AXIS2_PLACEMENT_3D('',#7130,#5763,#5764);
#5116=AXIS2_PLACEMENT_3D('',#7132,#5766,#5767);
#5117=AXIS2_PLACEMENT_3D('',#7136,#5769,#5770);
#5118=AXIS2_PLACEMENT_3D('',#7140,#5772,#5773);
#5119=AXIS2_PLACEMENT_3D('',#7144,#5775,#5776);
#5120=AXIS2_PLACEMENT_3D('',#7148,#5778,#5779);
#5121=AXIS2_PLACEMENT_3D('',#7150,#5781,#5782);
#5122=AXIS2_PLACEMENT_3D('',#7152,#5784,#5785);
#5123=AXIS2_PLACEMENT_3D('',#7154,#5787,#5788);
#5124=AXIS2_PLACEMENT_3D('',#7157,#5791,#5792);
#5125=AXIS2_PLACEMENT_3D('',#7159,#5794,#5795);
#5126=AXIS2_PLACEMENT_3D('',#7160,#5796,#5797);
#5127=AXIS2_PLACEMENT_3D('',#7163,#5800,#5801);
#5128=AXIS2_PLACEMENT_3D('',#7165,#5803,#5804);
#5129=AXIS2_PLACEMENT_3D('',#7166,#5805,#5806);
#5130=AXIS2_PLACEMENT_3D('',#7167,#5807,#5808);
#5131=AXIS2_PLACEMENT_3D('',#7170,#5809,#5810);
#5132=AXIS2_PLACEMENT_3D('',#7174,#5812,#5813);
#5133=AXIS2_PLACEMENT_3D('',#7176,#5815,#5816);
#5134=AXIS2_PLACEMENT_3D('',#7182,#5820,#5821);
#5135=AXIS2_PLACEMENT_3D('',#7197,#5829,#5830);
#5136=AXIS2_PLACEMENT_3D('',#7198,#5831,#5832);
#5137=AXIS2_PLACEMENT_3D('',#7201,#5834,#5835);
#5138=AXIS2_PLACEMENT_3D('',#7202,#5836,#5837);
#5139=AXIS2_PLACEMENT_3D('',#7206,#5840,#5841);
#5140=AXIS2_PLACEMENT_3D('',#7212,#5845,#5846);
#5141=AXIS2_PLACEMENT_3D('',#7218,#5850,#5851);
#5142=AXIS2_PLACEMENT_3D('',#7220,#5853,#5854);
#5143=AXIS2_PLACEMENT_3D('',#7222,#5856,#5857);
#5144=AXIS2_PLACEMENT_3D('',#7226,#5860,#5861);
#5145=AXIS2_PLACEMENT_3D('',#7228,#5863,#5864);
#5146=AXIS2_PLACEMENT_3D('',#7229,#5865,#5866);
#5147=AXIS2_PLACEMENT_3D('',#7232,#5867,#5868);
#5148=AXIS2_PLACEMENT_3D('',#7236,#5870,#5871);
#5149=AXIS2_PLACEMENT_3D('',#7238,#5873,#5874);
#5150=AXIS2_PLACEMENT_3D('',#7244,#5878,#5879);
#5151=AXIS2_PLACEMENT_3D('',#7259,#5887,#5888);
#5152=AXIS2_PLACEMENT_3D('',#7260,#5889,#5890);
#5153=AXIS2_PLACEMENT_3D('',#7263,#5892,#5893);
#5154=AXIS2_PLACEMENT_3D('',#7264,#5894,#5895);
#5155=AXIS2_PLACEMENT_3D('',#7268,#5898,#5899);
#5156=AXIS2_PLACEMENT_3D('',#7274,#5903,#5904);
#5157=AXIS2_PLACEMENT_3D('',#7280,#5908,#5909);
#5158=AXIS2_PLACEMENT_3D('',#7282,#5911,#5912);
#5159=AXIS2_PLACEMENT_3D('',#7284,#5914,#5915);
#5160=AXIS2_PLACEMENT_3D('',#7288,#5918,#5919);
#5161=AXIS2_PLACEMENT_3D('',#7290,#5921,#5922);
#5162=AXIS2_PLACEMENT_3D('',#7291,#5923,#5924);
#5163=AXIS2_PLACEMENT_3D('',#7294,#5925,#5926);
#5164=AXIS2_PLACEMENT_3D('',#7298,#5928,#5929);
#5165=AXIS2_PLACEMENT_3D('',#7300,#5931,#5932);
#5166=AXIS2_PLACEMENT_3D('',#7306,#5936,#5937);
#5167=AXIS2_PLACEMENT_3D('',#7321,#5945,#5946);
#5168=AXIS2_PLACEMENT_3D('',#7322,#5947,#5948);
#5169=AXIS2_PLACEMENT_3D('',#7325,#5950,#5951);
#5170=AXIS2_PLACEMENT_3D('',#7326,#5952,#5953);
#5171=AXIS2_PLACEMENT_3D('',#7330,#5956,#5957);
#5172=AXIS2_PLACEMENT_3D('',#7336,#5961,#5962);
#5173=AXIS2_PLACEMENT_3D('',#7342,#5966,#5967);
#5174=AXIS2_PLACEMENT_3D('',#7344,#5969,#5970);
#5175=AXIS2_PLACEMENT_3D('',#7346,#5972,#5973);
#5176=AXIS2_PLACEMENT_3D('',#7350,#5976,#5977);
#5177=AXIS2_PLACEMENT_3D('',#7352,#5979,#5980);
#5178=AXIS2_PLACEMENT_3D('',#7353,#5981,#5982);
#5179=AXIS2_PLACEMENT_3D('',#7356,#5983,#5984);
#5180=AXIS2_PLACEMENT_3D('',#7360,#5986,#5987);
#5181=AXIS2_PLACEMENT_3D('',#7362,#5989,#5990);
#5182=AXIS2_PLACEMENT_3D('',#7368,#5994,#5995);
#5183=AXIS2_PLACEMENT_3D('',#7383,#6003,#6004);
#5184=AXIS2_PLACEMENT_3D('',#7384,#6005,#6006);
#5185=AXIS2_PLACEMENT_3D('',#7387,#6008,#6009);
#5186=AXIS2_PLACEMENT_3D('',#7388,#6010,#6011);
#5187=AXIS2_PLACEMENT_3D('',#7392,#6014,#6015);
#5188=AXIS2_PLACEMENT_3D('',#7398,#6019,#6020);
#5189=AXIS2_PLACEMENT_3D('',#7404,#6024,#6025);
#5190=AXIS2_PLACEMENT_3D('',#7406,#6027,#6028);
#5191=AXIS2_PLACEMENT_3D('',#7408,#6030,#6031);
#5192=AXIS2_PLACEMENT_3D('',#7412,#6034,#6035);
#5193=AXIS2_PLACEMENT_3D('',#7414,#6037,#6038);
#5194=AXIS2_PLACEMENT_3D('',#7415,#6039,#6040);
#5195=AXIS2_PLACEMENT_3D('',#7418,#6041,#6042);
#5196=AXIS2_PLACEMENT_3D('',#7422,#6044,#6045);
#5197=AXIS2_PLACEMENT_3D('',#7424,#6047,#6048);
#5198=AXIS2_PLACEMENT_3D('',#7430,#6052,#6053);
#5199=AXIS2_PLACEMENT_3D('',#7445,#6061,#6062);
#5200=AXIS2_PLACEMENT_3D('',#7446,#6063,#6064);
#5201=AXIS2_PLACEMENT_3D('',#7449,#6066,#6067);
#5202=AXIS2_PLACEMENT_3D('',#7450,#6068,#6069);
#5203=AXIS2_PLACEMENT_3D('',#7454,#6072,#6073);
#5204=AXIS2_PLACEMENT_3D('',#7460,#6077,#6078);
#5205=AXIS2_PLACEMENT_3D('',#7466,#6082,#6083);
#5206=AXIS2_PLACEMENT_3D('',#7468,#6085,#6086);
#5207=AXIS2_PLACEMENT_3D('',#7470,#6088,#6089);
#5208=AXIS2_PLACEMENT_3D('',#7474,#6092,#6093);
#5209=AXIS2_PLACEMENT_3D('',#7476,#6095,#6096);
#5210=AXIS2_PLACEMENT_3D('',#7477,#6097,#6098);
#5211=AXIS2_PLACEMENT_3D('',#7480,#6099,#6100);
#5212=AXIS2_PLACEMENT_3D('',#7484,#6102,#6103);
#5213=AXIS2_PLACEMENT_3D('',#7486,#6105,#6106);
#5214=AXIS2_PLACEMENT_3D('',#7492,#6110,#6111);
#5215=AXIS2_PLACEMENT_3D('',#7507,#6119,#6120);
#5216=AXIS2_PLACEMENT_3D('',#7508,#6121,#6122);
#5217=AXIS2_PLACEMENT_3D('',#7511,#6124,#6125);
#5218=AXIS2_PLACEMENT_3D('',#7512,#6126,#6127);
#5219=AXIS2_PLACEMENT_3D('',#7516,#6130,#6131);
#5220=AXIS2_PLACEMENT_3D('',#7522,#6135,#6136);
#5221=AXIS2_PLACEMENT_3D('',#7528,#6140,#6141);
#5222=AXIS2_PLACEMENT_3D('',#7530,#6143,#6144);
#5223=AXIS2_PLACEMENT_3D('',#7532,#6146,#6147);
#5224=AXIS2_PLACEMENT_3D('',#7536,#6150,#6151);
#5225=AXIS2_PLACEMENT_3D('',#7538,#6153,#6154);
#5226=AXIS2_PLACEMENT_3D('',#7539,#6155,#6156);
#5227=AXIS2_PLACEMENT_3D('',#7542,#6157,#6158);
#5228=AXIS2_PLACEMENT_3D('',#7546,#6160,#6161);
#5229=AXIS2_PLACEMENT_3D('',#7548,#6163,#6164);
#5230=AXIS2_PLACEMENT_3D('',#7554,#6168,#6169);
#5231=AXIS2_PLACEMENT_3D('',#7569,#6177,#6178);
#5232=AXIS2_PLACEMENT_3D('',#7570,#6179,#6180);
#5233=AXIS2_PLACEMENT_3D('',#7573,#6182,#6183);
#5234=AXIS2_PLACEMENT_3D('',#7574,#6184,#6185);
#5235=AXIS2_PLACEMENT_3D('',#7578,#6188,#6189);
#5236=AXIS2_PLACEMENT_3D('',#7584,#6193,#6194);
#5237=AXIS2_PLACEMENT_3D('',#7590,#6198,#6199);
#5238=AXIS2_PLACEMENT_3D('',#7592,#6201,#6202);
#5239=AXIS2_PLACEMENT_3D('',#7594,#6204,#6205);
#5240=AXIS2_PLACEMENT_3D('',#7598,#6208,#6209);
#5241=AXIS2_PLACEMENT_3D('',#7600,#6211,#6212);
#5242=AXIS2_PLACEMENT_3D('',#7601,#6213,#6214);
#5243=AXIS2_PLACEMENT_3D('',#7604,#6215,#6216);
#5244=AXIS2_PLACEMENT_3D('',#7608,#6218,#6219);
#5245=AXIS2_PLACEMENT_3D('',#7610,#6221,#6222);
#5246=AXIS2_PLACEMENT_3D('',#7616,#6226,#6227);
#5247=AXIS2_PLACEMENT_3D('',#7631,#6235,#6236);
#5248=AXIS2_PLACEMENT_3D('',#7632,#6237,#6238);
#5249=AXIS2_PLACEMENT_3D('',#7635,#6240,#6241);
#5250=AXIS2_PLACEMENT_3D('',#7636,#6242,#6243);
#5251=AXIS2_PLACEMENT_3D('',#7640,#6246,#6247);
#5252=AXIS2_PLACEMENT_3D('',#7646,#6251,#6252);
#5253=AXIS2_PLACEMENT_3D('',#7652,#6256,#6257);
#5254=AXIS2_PLACEMENT_3D('',#7654,#6259,#6260);
#5255=AXIS2_PLACEMENT_3D('',#7656,#6262,#6263);
#5256=AXIS2_PLACEMENT_3D('',#7660,#6266,#6267);
#5257=AXIS2_PLACEMENT_3D('',#7662,#6269,#6270);
#5258=AXIS2_PLACEMENT_3D('',#7663,#6271,#6272);
#5259=AXIS2_PLACEMENT_3D('',#7666,#6273,#6274);
#5260=AXIS2_PLACEMENT_3D('',#7670,#6276,#6277);
#5261=AXIS2_PLACEMENT_3D('',#7672,#6279,#6280);
#5262=AXIS2_PLACEMENT_3D('',#7676,#6282,#6283);
#5263=AXIS2_PLACEMENT_3D('',#7690,#6291,#6292);
#5264=AXIS2_PLACEMENT_3D('',#7694,#6295,#6296);
#5265=AXIS2_PLACEMENT_3D('',#7696,#6297,#6298);
#5266=AXIS2_PLACEMENT_3D('',#7698,#6300,#6301);
#5267=AXIS2_PLACEMENT_3D('',#7704,#6305,#6306);
#5268=AXIS2_PLACEMENT_3D('',#7710,#6310,#6311);
#5269=AXIS2_PLACEMENT_3D('',#7712,#6313,#6314);
#5270=AXIS2_PLACEMENT_3D('',#7716,#6317,#6318);
#5271=AXIS2_PLACEMENT_3D('',#7720,#6321,#6322);
#5272=AXIS2_PLACEMENT_3D('',#7722,#6324,#6325);
#5273=AXIS2_PLACEMENT_3D('',#7724,#6327,#6328);
#5274=AXIS2_PLACEMENT_3D('',#7725,#6329,#6330);
#5275=AXIS2_PLACEMENT_3D('',#7728,#6331,#6332);
#5276=AXIS2_PLACEMENT_3D('',#7732,#6334,#6335);
#5277=AXIS2_PLACEMENT_3D('',#7734,#6337,#6338);
#5278=AXIS2_PLACEMENT_3D('',#7738,#6340,#6341);
#5279=AXIS2_PLACEMENT_3D('',#7752,#6349,#6350);
#5280=AXIS2_PLACEMENT_3D('',#7756,#6353,#6354);
#5281=AXIS2_PLACEMENT_3D('',#7758,#6355,#6356);
#5282=AXIS2_PLACEMENT_3D('',#7760,#6358,#6359);
#5283=AXIS2_PLACEMENT_3D('',#7766,#6363,#6364);
#5284=AXIS2_PLACEMENT_3D('',#7772,#6368,#6369);
#5285=AXIS2_PLACEMENT_3D('',#7774,#6371,#6372);
#5286=AXIS2_PLACEMENT_3D('',#7778,#6375,#6376);
#5287=AXIS2_PLACEMENT_3D('',#7782,#6379,#6380);
#5288=AXIS2_PLACEMENT_3D('',#7784,#6382,#6383);
#5289=AXIS2_PLACEMENT_3D('',#7786,#6385,#6386);
#5290=AXIS2_PLACEMENT_3D('',#7787,#6387,#6388);
#5291=AXIS2_PLACEMENT_3D('',#7790,#6389,#6390);
#5292=AXIS2_PLACEMENT_3D('',#7794,#6392,#6393);
#5293=AXIS2_PLACEMENT_3D('',#7796,#6395,#6396);
#5294=AXIS2_PLACEMENT_3D('',#7800,#6398,#6399);
#5295=AXIS2_PLACEMENT_3D('',#7814,#6407,#6408);
#5296=AXIS2_PLACEMENT_3D('',#7818,#6411,#6412);
#5297=AXIS2_PLACEMENT_3D('',#7820,#6413,#6414);
#5298=AXIS2_PLACEMENT_3D('',#7822,#6416,#6417);
#5299=AXIS2_PLACEMENT_3D('',#7828,#6421,#6422);
#5300=AXIS2_PLACEMENT_3D('',#7834,#6426,#6427);
#5301=AXIS2_PLACEMENT_3D('',#7836,#6429,#6430);
#5302=AXIS2_PLACEMENT_3D('',#7840,#6433,#6434);
#5303=AXIS2_PLACEMENT_3D('',#7844,#6437,#6438);
#5304=AXIS2_PLACEMENT_3D('',#7846,#6440,#6441);
#5305=AXIS2_PLACEMENT_3D('',#7848,#6443,#6444);
#5306=AXIS2_PLACEMENT_3D('',#7849,#6445,#6446);
#5307=AXIS2_PLACEMENT_3D('',#7852,#6447,#6448);
#5308=AXIS2_PLACEMENT_3D('',#7856,#6450,#6451);
#5309=AXIS2_PLACEMENT_3D('',#7858,#6453,#6454);
#5310=AXIS2_PLACEMENT_3D('',#7862,#6456,#6457);
#5311=AXIS2_PLACEMENT_3D('',#7876,#6465,#6466);
#5312=AXIS2_PLACEMENT_3D('',#7880,#6469,#6470);
#5313=AXIS2_PLACEMENT_3D('',#7882,#6471,#6472);
#5314=AXIS2_PLACEMENT_3D('',#7884,#6474,#6475);
#5315=AXIS2_PLACEMENT_3D('',#7890,#6479,#6480);
#5316=AXIS2_PLACEMENT_3D('',#7896,#6484,#6485);
#5317=AXIS2_PLACEMENT_3D('',#7898,#6487,#6488);
#5318=AXIS2_PLACEMENT_3D('',#7902,#6491,#6492);
#5319=AXIS2_PLACEMENT_3D('',#7906,#6495,#6496);
#5320=AXIS2_PLACEMENT_3D('',#7908,#6498,#6499);
#5321=AXIS2_PLACEMENT_3D('',#7910,#6501,#6502);
#5322=AXIS2_PLACEMENT_3D('',#7911,#6503,#6504);
#5323=AXIS2_PLACEMENT_3D('',#7914,#6505,#6506);
#5324=AXIS2_PLACEMENT_3D('',#7918,#6508,#6509);
#5325=AXIS2_PLACEMENT_3D('',#7920,#6511,#6512);
#5326=AXIS2_PLACEMENT_3D('',#7924,#6514,#6515);
#5327=AXIS2_PLACEMENT_3D('',#7938,#6523,#6524);
#5328=AXIS2_PLACEMENT_3D('',#7942,#6527,#6528);
#5329=AXIS2_PLACEMENT_3D('',#7944,#6529,#6530);
#5330=AXIS2_PLACEMENT_3D('',#7946,#6532,#6533);
#5331=AXIS2_PLACEMENT_3D('',#7952,#6537,#6538);
#5332=AXIS2_PLACEMENT_3D('',#7958,#6542,#6543);
#5333=AXIS2_PLACEMENT_3D('',#7960,#6545,#6546);
#5334=AXIS2_PLACEMENT_3D('',#7964,#6549,#6550);
#5335=AXIS2_PLACEMENT_3D('',#7968,#6553,#6554);
#5336=AXIS2_PLACEMENT_3D('',#7970,#6556,#6557);
#5337=AXIS2_PLACEMENT_3D('',#7972,#6559,#6560);
#5338=AXIS2_PLACEMENT_3D('',#7973,#6561,#6562);
#5339=AXIS2_PLACEMENT_3D('',#7976,#6563,#6564);
#5340=AXIS2_PLACEMENT_3D('',#7980,#6566,#6567);
#5341=AXIS2_PLACEMENT_3D('',#7982,#6569,#6570);
#5342=AXIS2_PLACEMENT_3D('',#7986,#6572,#6573);
#5343=AXIS2_PLACEMENT_3D('',#8000,#6581,#6582);
#5344=AXIS2_PLACEMENT_3D('',#8004,#6585,#6586);
#5345=AXIS2_PLACEMENT_3D('',#8006,#6587,#6588);
#5346=AXIS2_PLACEMENT_3D('',#8008,#6590,#6591);
#5347=AXIS2_PLACEMENT_3D('',#8014,#6595,#6596);
#5348=AXIS2_PLACEMENT_3D('',#8020,#6600,#6601);
#5349=AXIS2_PLACEMENT_3D('',#8022,#6603,#6604);
#5350=AXIS2_PLACEMENT_3D('',#8026,#6607,#6608);
#5351=AXIS2_PLACEMENT_3D('',#8030,#6611,#6612);
#5352=AXIS2_PLACEMENT_3D('',#8032,#6614,#6615);
#5353=AXIS2_PLACEMENT_3D('',#8034,#6617,#6618);
#5354=AXIS2_PLACEMENT_3D('',#8035,#6619,#6620);
#5355=AXIS2_PLACEMENT_3D('',#8038,#6621,#6622);
#5356=AXIS2_PLACEMENT_3D('',#8042,#6624,#6625);
#5357=AXIS2_PLACEMENT_3D('',#8044,#6627,#6628);
#5358=AXIS2_PLACEMENT_3D('',#8048,#6630,#6631);
#5359=AXIS2_PLACEMENT_3D('',#8062,#6639,#6640);
#5360=AXIS2_PLACEMENT_3D('',#8066,#6643,#6644);
#5361=AXIS2_PLACEMENT_3D('',#8068,#6645,#6646);
#5362=AXIS2_PLACEMENT_3D('',#8070,#6648,#6649);
#5363=AXIS2_PLACEMENT_3D('',#8076,#6653,#6654);
#5364=AXIS2_PLACEMENT_3D('',#8082,#6658,#6659);
#5365=AXIS2_PLACEMENT_3D('',#8084,#6661,#6662);
#5366=AXIS2_PLACEMENT_3D('',#8088,#6665,#6666);
#5367=AXIS2_PLACEMENT_3D('',#8092,#6669,#6670);
#5368=AXIS2_PLACEMENT_3D('',#8094,#6672,#6673);
#5369=AXIS2_PLACEMENT_3D('',#8096,#6675,#6676);
#5370=AXIS2_PLACEMENT_3D('',#8097,#6677,#6678);
#5371=AXIS2_PLACEMENT_3D('',#8100,#6679,#6680);
#5372=AXIS2_PLACEMENT_3D('',#8104,#6682,#6683);
#5373=AXIS2_PLACEMENT_3D('',#8106,#6685,#6686);
#5374=AXIS2_PLACEMENT_3D('',#8110,#6688,#6689);
#5375=AXIS2_PLACEMENT_3D('',#8124,#6697,#6698);
#5376=AXIS2_PLACEMENT_3D('',#8128,#6701,#6702);
#5377=AXIS2_PLACEMENT_3D('',#8130,#6703,#6704);
#5378=AXIS2_PLACEMENT_3D('',#8132,#6706,#6707);
#5379=AXIS2_PLACEMENT_3D('',#8138,#6711,#6712);
#5380=AXIS2_PLACEMENT_3D('',#8144,#6716,#6717);
#5381=AXIS2_PLACEMENT_3D('',#8146,#6719,#6720);
#5382=AXIS2_PLACEMENT_3D('',#8150,#6723,#6724);
#5383=AXIS2_PLACEMENT_3D('',#8154,#6727,#6728);
#5384=AXIS2_PLACEMENT_3D('',#8156,#6730,#6731);
#5385=AXIS2_PLACEMENT_3D('',#8158,#6733,#6734);
#5386=AXIS2_PLACEMENT_3D('',#8159,#6735,#6736);
#5387=DIRECTION('axis',(0.,0.,1.));
#5388=DIRECTION('refdir',(1.,0.,0.));
#5389=DIRECTION('axis',(0.,0.,1.));
#5390=DIRECTION('refdir',(1.,0.,0.));
#5391=DIRECTION('center_axis',(0.,0.861934215157769,-0.507020126563394));
#5392=DIRECTION('ref_axis',(2.26293635561424E-16,-0.507020126563394,-0.861934215157769));
#5393=DIRECTION('',(-2.26293635561424E-16,0.507020126563394,0.861934215157769));
#5394=DIRECTION('',(1.,0.,0.));
#5395=DIRECTION('',(2.26293635561424E-16,-0.507020126563394,-0.861934215157769));
#5396=DIRECTION('',(-1.,0.,0.));
#5397=DIRECTION('center_axis',(0.,1.,0.));
#5398=DIRECTION('ref_axis',(0.,0.,-1.));
#5399=DIRECTION('',(0.,0.,1.));
#5400=DIRECTION('',(0.,0.,-1.));
#5401=DIRECTION('',(-1.,0.,0.));
#5402=DIRECTION('center_axis',(0.,0.,1.));
#5403=DIRECTION('ref_axis',(-4.46320813919661E-16,1.,0.));
#5404=DIRECTION('',(4.46320813919661E-16,-1.,0.));
#5405=DIRECTION('',(-4.46320813919661E-16,1.,0.));
#5406=DIRECTION('',(-1.,0.,0.));
#5407=DIRECTION('center_axis',(-1.,0.,0.));
#5408=DIRECTION('ref_axis',(0.,0.,-1.));
#5409=DIRECTION('',(0.,0.,-1.));
#5410=DIRECTION('center_axis',(-1.,-4.46320813919661E-16,0.));
#5411=DIRECTION('ref_axis',(0.,0.,-1.));
#5412=DIRECTION('',(0.,0.,1.));
#5413=DIRECTION('center_axis',(0.,0.,-1.));
#5414=DIRECTION('ref_axis',(1.,0.,0.));
#5415=DIRECTION('center_axis',(0.,0.,-1.));
#5416=DIRECTION('ref_axis',(1.,3.7007434154172E-15,0.));
#5417=DIRECTION('',(-1.,0.,0.));
#5418=DIRECTION('center_axis',(0.,0.,-1.));
#5419=DIRECTION('ref_axis',(0.,-1.,0.));
#5420=DIRECTION('',(0.,1.,0.));
#5421=DIRECTION('center_axis',(0.,0.,-1.));
#5422=DIRECTION('ref_axis',(-1.,0.,0.));
#5423=DIRECTION('',(1.,0.,0.));
#5424=DIRECTION('center_axis',(0.,0.,-1.));
#5425=DIRECTION('ref_axis',(0.,1.,0.));
#5426=DIRECTION('',(4.46320813919661E-16,-1.,0.));
#5427=DIRECTION('',(-1.,0.,0.));
#5428=DIRECTION('',(0.,-1.,0.));
#5429=DIRECTION('',(1.,0.,0.));
#5430=DIRECTION('',(-4.69935671799008E-16,1.,0.));
#5431=DIRECTION('center_axis',(0.,1.,0.));
#5432=DIRECTION('ref_axis',(-1.,0.,0.));
#5433=DIRECTION('',(0.,0.,1.));
#5434=DIRECTION('',(-1.,0.,0.));
#5435=DIRECTION('',(0.,0.,1.));
#5436=DIRECTION('center_axis',(0.,1.,0.));
#5437=DIRECTION('ref_axis',(1.,0.,0.));
#5438=DIRECTION('',(-1.,0.,0.));
#5439=DIRECTION('',(0.,0.,-1.));
#5440=DIRECTION('',(-1.,0.,0.));
#5441=DIRECTION('',(0.,0.,-1.));
#5442=DIRECTION('center_axis',(0.,0.,-1.));
#5443=DIRECTION('ref_axis',(-1.,0.,0.));
#5444=DIRECTION('',(5.2245789394125E-16,1.,0.));
#5445=DIRECTION('',(1.,0.,0.));
#5446=DIRECTION('',(0.,-1.,0.));
#5447=DIRECTION('center_axis',(0.,0.,1.));
#5448=DIRECTION('ref_axis',(1.,0.,0.));
#5449=DIRECTION('',(-4.69935671799008E-16,1.,0.));
#5450=DIRECTION('',(1.,0.,0.));
#5451=DIRECTION('',(0.,-1.,0.));
#5452=DIRECTION('',(0.,-1.,0.));
#5453=DIRECTION('',(1.,0.,0.));
#5454=DIRECTION('',(5.2245789394125E-16,1.,0.));
#5455=DIRECTION('center_axis',(0.,0.,1.));
#5456=DIRECTION('ref_axis',(1.,0.,0.));
#5457=DIRECTION('center_axis',(0.,0.,1.));
#5458=DIRECTION('ref_axis',(1.,0.,0.));
#5459=DIRECTION('center_axis',(0.,0.,1.));
#5460=DIRECTION('ref_axis',(1.,0.,0.));
#5461=DIRECTION('center_axis',(0.,0.,1.));
#5462=DIRECTION('ref_axis',(1.,0.,0.));
#5463=DIRECTION('',(-1.,3.34404525489505E-17,0.));
#5464=DIRECTION('',(0.,-1.,0.));
#5465=DIRECTION('',(1.,-6.6880905097901E-17,0.));
#5466=DIRECTION('',(0.,1.,0.));
#5467=DIRECTION('center_axis',(0.,-1.,0.));
#5468=DIRECTION('ref_axis',(-1.,0.,0.));
#5469=DIRECTION('',(0.,0.,-1.));
#5470=DIRECTION('',(0.,0.,-1.));
#5471=DIRECTION('center_axis',(0.,-0.861934215157769,0.507020126563394));
#5472=DIRECTION('ref_axis',(-2.26293635561424E-16,-0.507020126563394,-0.861934215157769));
#5473=DIRECTION('',(2.26293635561424E-16,0.507020126563394,0.861934215157769));
#5474=DIRECTION('',(1.,0.,0.));
#5475=DIRECTION('',(-2.26293635561424E-16,-0.507020126563394,-0.861934215157769));
#5476=DIRECTION('',(1.,0.,0.));
#5477=DIRECTION('center_axis',(0.,-1.,0.));
#5478=DIRECTION('ref_axis',(0.,0.,-1.));
#5479=DIRECTION('',(0.,0.,1.));
#5480=DIRECTION('',(1.,0.,0.));
#5481=DIRECTION('',(0.,0.,-1.));
#5482=DIRECTION('center_axis',(0.,0.,-1.));
#5483=DIRECTION('ref_axis',(4.46320813919661E-16,1.,0.));
#5484=DIRECTION('',(-4.46320813919661E-16,-1.,0.));
#5485=DIRECTION('',(-1.,0.,0.));
#5486=DIRECTION('',(4.46320813919661E-16,1.,0.));
#5487=DIRECTION('center_axis',(-1.,0.,0.));
#5488=DIRECTION('ref_axis',(0.,0.,-1.));
#5489=DIRECTION('',(0.,0.,1.));
#5490=DIRECTION('center_axis',(-1.,4.46320813919661E-16,0.));
#5491=DIRECTION('ref_axis',(0.,0.,-1.));
#5492=DIRECTION('',(0.,0.,-1.));
#5493=DIRECTION('center_axis',(0.,0.861934215157769,0.507020126563394));
#5494=DIRECTION('ref_axis',(2.26293635561424E-16,0.507020126563394,-0.861934215157769));
#5495=DIRECTION('',(-2.26293635561424E-16,-0.507020126563394,0.861934215157769));
#5496=DIRECTION('',(-1.,0.,0.));
#5497=DIRECTION('',(2.26293635561424E-16,0.507020126563394,-0.861934215157769));
#5498=DIRECTION('',(-1.,0.,0.));
#5499=DIRECTION('center_axis',(0.,1.,0.));
#5500=DIRECTION('ref_axis',(0.,0.,-1.));
#5501=DIRECTION('',(0.,0.,1.));
#5502=DIRECTION('',(-1.,0.,0.));
#5503=DIRECTION('',(0.,0.,-1.));
#5504=DIRECTION('center_axis',(0.,0.,-1.));
#5505=DIRECTION('ref_axis',(-4.46320813919661E-16,-1.,0.));
#5506=DIRECTION('',(4.46320813919661E-16,1.,0.));
#5507=DIRECTION('',(1.,0.,0.));
#5508=DIRECTION('',(-4.46320813919661E-16,-1.,0.));
#5509=DIRECTION('center_axis',(1.,0.,0.));
#5510=DIRECTION('ref_axis',(0.,0.,-1.));
#5511=DIRECTION('',(0.,0.,1.));
#5512=DIRECTION('center_axis',(1.,-4.46320813919661E-16,0.));
#5513=DIRECTION('ref_axis',(0.,0.,-1.));
#5514=DIRECTION('',(0.,0.,-1.));
#5515=DIRECTION('center_axis',(0.,-0.861934215157769,-0.507020126563394));
#5516=DIRECTION('ref_axis',(-2.26293635561424E-16,0.507020126563394,-0.861934215157769));
#5517=DIRECTION('',(2.26293635561424E-16,-0.507020126563394,0.861934215157769));
#5518=DIRECTION('',(-1.,0.,0.));
#5519=DIRECTION('',(-2.26293635561424E-16,0.507020126563394,-0.861934215157769));
#5520=DIRECTION('',(1.,0.,0.));
#5521=DIRECTION('center_axis',(0.,-1.,0.));
#5522=DIRECTION('ref_axis',(0.,0.,-1.));
#5523=DIRECTION('',(0.,0.,1.));
#5524=DIRECTION('',(0.,0.,-1.));
#5525=DIRECTION('',(1.,0.,0.));
#5526=DIRECTION('center_axis',(0.,0.,1.));
#5527=DIRECTION('ref_axis',(4.46320813919661E-16,-1.,0.));
#5528=DIRECTION('',(-4.46320813919661E-16,1.,0.));
#5529=DIRECTION('',(4.46320813919661E-16,-1.,0.));
#5530=DIRECTION('',(1.,0.,0.));
#5531=DIRECTION('center_axis',(1.,0.,0.));
#5532=DIRECTION('ref_axis',(0.,0.,-1.));
#5533=DIRECTION('',(0.,0.,-1.));
#5534=DIRECTION('center_axis',(1.,4.46320813919661E-16,0.));
#5535=DIRECTION('ref_axis',(0.,0.,-1.));
#5536=DIRECTION('',(0.,0.,1.));
#5537=DIRECTION('center_axis',(0.,0.,-1.));
#5538=DIRECTION('ref_axis',(1.,0.,0.));
#5539=DIRECTION('center_axis',(0.,0.,-1.));
#5540=DIRECTION('ref_axis',(1.,0.,0.));
#5541=DIRECTION('',(0.,0.,1.));
#5542=DIRECTION('center_axis',(0.,0.,-1.));
#5543=DIRECTION('ref_axis',(1.,0.,0.));
#5544=DIRECTION('center_axis',(0.,0.,-1.));
#5545=DIRECTION('ref_axis',(1.,0.,0.));
#5546=DIRECTION('center_axis',(0.,0.,-1.));
#5547=DIRECTION('ref_axis',(1.,0.,0.));
#5548=DIRECTION('',(0.,0.,1.));
#5549=DIRECTION('center_axis',(0.,0.,-1.));
#5550=DIRECTION('ref_axis',(1.,0.,0.));
#5551=DIRECTION('center_axis',(0.,0.,-1.));
#5552=DIRECTION('ref_axis',(1.,0.,0.));
#5553=DIRECTION('center_axis',(0.,0.,-1.));
#5554=DIRECTION('ref_axis',(1.,0.,0.));
#5555=DIRECTION('',(0.,0.,1.));
#5556=DIRECTION('center_axis',(0.,0.,-1.));
#5557=DIRECTION('ref_axis',(1.,0.,0.));
#5558=DIRECTION('center_axis',(0.,0.,-1.));
#5559=DIRECTION('ref_axis',(1.,0.,0.));
#5560=DIRECTION('center_axis',(0.,0.,-1.));
#5561=DIRECTION('ref_axis',(1.,0.,0.));
#5562=DIRECTION('',(0.,0.,1.));
#5563=DIRECTION('center_axis',(0.,0.,-1.));
#5564=DIRECTION('ref_axis',(1.,0.,0.));
#5565=DIRECTION('center_axis',(3.34404525489505E-17,1.,0.));
#5566=DIRECTION('ref_axis',(1.,-3.34404525489505E-17,0.));
#5567=DIRECTION('',(-1.,3.34404525489505E-17,0.));
#5568=DIRECTION('',(0.,0.,-1.));
#5569=DIRECTION('',(0.,0.,-1.));
#5570=DIRECTION('center_axis',(-1.,0.,0.));
#5571=DIRECTION('ref_axis',(0.,1.,0.));
#5572=DIRECTION('',(0.,-1.,0.));
#5573=DIRECTION('',(0.,0.,-1.));
#5574=DIRECTION('center_axis',(-6.6880905097901E-17,-1.,0.));
#5575=DIRECTION('ref_axis',(-1.,6.6880905097901E-17,0.));
#5576=DIRECTION('',(1.,-6.6880905097901E-17,0.));
#5577=DIRECTION('',(0.,0.,-1.));
#5578=DIRECTION('center_axis',(1.,0.,0.));
#5579=DIRECTION('ref_axis',(0.,-1.,0.));
#5580=DIRECTION('',(0.,1.,0.));
#5581=DIRECTION('center_axis',(0.,0.,-1.));
#5582=DIRECTION('ref_axis',(-1.,0.,0.));
#5583=DIRECTION('center_axis',(-1.,0.,0.));
#5584=DIRECTION('ref_axis',(0.,1.,0.));
#5585=DIRECTION('center_axis',(1.,-5.2245789394125E-16,0.));
#5586=DIRECTION('ref_axis',(-5.2245789394125E-16,-1.,0.));
#5587=DIRECTION('center_axis',(1.,4.69935671799008E-16,0.));
#5588=DIRECTION('ref_axis',(-4.69935671799008E-16,1.,0.));
#5589=DIRECTION('',(0.,0.,1.));
#5590=DIRECTION('center_axis',(0.,-1.,0.));
#5591=DIRECTION('ref_axis',(1.,0.,0.));
#5592=DIRECTION('',(0.,0.,1.));
#5593=DIRECTION('center_axis',(-1.,0.,0.));
#5594=DIRECTION('ref_axis',(0.,-1.,0.));
#5595=DIRECTION('center_axis',(0.,0.,-1.));
#5596=DIRECTION('ref_axis',(1.,0.,0.));
#5597=DIRECTION('',(1.,5.84327907697451E-16,0.));
#5598=DIRECTION('',(-1.00929365875013E-15,-1.,0.));
#5599=DIRECTION('',(1.,-9.00876990934136E-16,0.));
#5600=DIRECTION('center_axis',(0.,0.,-1.));
#5601=DIRECTION('ref_axis',(2.42230478100053E-14,1.,0.));
#5602=DIRECTION('',(0.258819045102527,0.965925826289067,0.));
#5603=DIRECTION('center_axis',(0.,0.,-1.));
#5604=DIRECTION('ref_axis',(-0.965925826289065,0.258819045102535,0.));
#5605=DIRECTION('',(-1.,1.14313135140812E-15,0.));
#5606=DIRECTION('center_axis',(0.,0.,-1.));
#5607=DIRECTION('ref_axis',(5.12410626750068E-15,-1.,0.));
#5608=DIRECTION('',(0.258819045102532,-0.965925826289065,0.));
#5609=DIRECTION('center_axis',(0.,0.,-1.));
#5610=DIRECTION('ref_axis',(0.965925826289081,0.258819045102472,0.));
#5611=DIRECTION('',(1.,-9.00876990934136E-16,0.));
#5612=DIRECTION('',(1.00929365875013E-15,1.,0.));
#5613=DIRECTION('center_axis',(0.,0.,1.));
#5614=DIRECTION('ref_axis',(-1.,0.,0.));
#5615=DIRECTION('',(1.,0.,0.));
#5616=DIRECTION('center_axis',(0.,0.,1.));
#5617=DIRECTION('ref_axis',(-1.,0.,0.));
#5618=DIRECTION('',(-1.,0.,0.));
#5619=DIRECTION('center_axis',(0.,0.,-1.));
#5620=DIRECTION('ref_axis',(1.,0.,0.));
#5621=DIRECTION('center_axis',(0.,0.,-1.));
#5622=DIRECTION('ref_axis',(1.,3.7007434154172E-15,0.));
#5623=DIRECTION('',(4.46320813919661E-16,-1.,0.));
#5624=DIRECTION('center_axis',(0.,0.,-1.));
#5625=DIRECTION('ref_axis',(0.,1.,0.));
#5626=DIRECTION('',(1.,0.,0.));
#5627=DIRECTION('center_axis',(0.,0.,-1.));
#5628=DIRECTION('ref_axis',(-1.,0.,0.));
#5629=DIRECTION('',(0.,1.,0.));
#5630=DIRECTION('center_axis',(0.,0.,-1.));
#5631=DIRECTION('ref_axis',(0.,-1.,0.));
#5632=DIRECTION('',(-1.,0.,0.));
#5633=DIRECTION('center_axis',(0.,0.,1.));
#5634=DIRECTION('ref_axis',(-1.,0.,0.));
#5635=DIRECTION('',(-0.258819045102526,-0.965925826289067,0.));
#5636=DIRECTION('center_axis',(0.,0.,1.));
#5637=DIRECTION('ref_axis',(-1.,0.,0.));
#5638=DIRECTION('',(-1.,-2.93254228819706E-16,0.));
#5639=DIRECTION('',(5.55111512312579E-16,-1.,0.));
#5640=DIRECTION('',(-1.,-4.82705662880503E-16,0.));
#5641=DIRECTION('',(-8.32667268468867E-16,1.,0.));
#5642=DIRECTION('',(-1.,-2.93254228819706E-16,0.));
#5643=DIRECTION('center_axis',(0.,0.,1.));
#5644=DIRECTION('ref_axis',(-1.,0.,0.));
#5645=DIRECTION('',(-0.258819045102527,0.965925826289067,0.));
#5646=DIRECTION('center_axis',(0.,0.,1.));
#5647=DIRECTION('ref_axis',(-1.,0.,0.));
#5648=DIRECTION('',(1.,-1.56964058668728E-15,0.));
#5649=DIRECTION('center_axis',(1.,4.46320813919661E-16,0.));
#5650=DIRECTION('ref_axis',(4.46320813919661E-16,-1.,0.));
#5651=DIRECTION('',(0.,0.,-1.));
#5652=DIRECTION('',(0.,0.,-1.));
#5653=DIRECTION('center_axis',(0.,0.,-1.));
#5654=DIRECTION('ref_axis',(0.,1.,0.));
#5655=DIRECTION('',(0.,0.,-1.));
#5656=DIRECTION('center_axis',(0.,1.,0.));
#5657=DIRECTION('ref_axis',(1.,0.,0.));
#5658=DIRECTION('',(0.,0.,-1.));
#5659=DIRECTION('center_axis',(0.,0.,-1.));
#5660=DIRECTION('ref_axis',(-1.,0.,0.));
#5661=DIRECTION('',(0.,0.,-1.));
#5662=DIRECTION('center_axis',(-1.,0.,0.));
#5663=DIRECTION('ref_axis',(0.,1.,0.));
#5664=DIRECTION('',(0.,0.,-1.));
#5665=DIRECTION('center_axis',(0.,0.,-1.));
#5666=DIRECTION('ref_axis',(0.,-1.,0.));
#5667=DIRECTION('',(0.,0.,-1.));
#5668=DIRECTION('center_axis',(0.,-1.,0.));
#5669=DIRECTION('ref_axis',(-1.,0.,0.));
#5670=DIRECTION('',(0.,0.,-1.));
#5671=DIRECTION('center_axis',(0.,0.,-1.));
#5672=DIRECTION('ref_axis',(1.,3.7007434154172E-15,0.));
#5673=DIRECTION('center_axis',(0.,0.,-1.));
#5674=DIRECTION('ref_axis',(-1.,0.,0.));
#5675=DIRECTION('',(0.,0.,-1.));
#5676=DIRECTION('center_axis',(0.,0.,-1.));
#5677=DIRECTION('ref_axis',(-1.,0.,0.));
#5678=DIRECTION('',(0.,0.,-1.));
#5679=DIRECTION('center_axis',(0.,1.,0.));
#5680=DIRECTION('ref_axis',(0.,0.,1.));
#5681=DIRECTION('',(0.,0.,-1.));
#5682=DIRECTION('',(-1.,0.,0.));
#5683=DIRECTION('center_axis',(0.,0.,-1.));
#5684=DIRECTION('ref_axis',(1.,1.22464679914735E-16,0.));
#5685=DIRECTION('',(0.,0.,-1.));
#5686=DIRECTION('center_axis',(0.,0.,-1.));
#5687=DIRECTION('ref_axis',(-1.,0.,0.));
#5688=DIRECTION('center_axis',(0.,-1.,0.));
#5689=DIRECTION('ref_axis',(0.,0.,-1.));
#5690=DIRECTION('',(1.,0.,0.));
#5691=DIRECTION('center_axis',(0.,1.,0.));
#5692=DIRECTION('ref_axis',(1.,0.,0.));
#5693=DIRECTION('center_axis',(-1.,0.,0.));
#5694=DIRECTION('ref_axis',(0.,0.,1.));
#5695=DIRECTION('center_axis',(-1.,0.,0.));
#5696=DIRECTION('ref_axis',(0.,0.,1.));
#5697=DIRECTION('center_axis',(-1.,0.,0.));
#5698=DIRECTION('ref_axis',(0.,0.,1.));
#5699=DIRECTION('center_axis',(0.,1.,0.));
#5700=DIRECTION('ref_axis',(1.,0.,0.));
#5701=DIRECTION('center_axis',(-9.00876990934136E-16,-1.,0.));
#5702=DIRECTION('ref_axis',(-1.,9.00876990934136E-16,0.));
#5703=DIRECTION('',(0.,0.,-1.));
#5704=DIRECTION('',(1.,-9.00876990934136E-16,0.));
#5705=DIRECTION('',(0.,0.,-1.));
#5706=DIRECTION('center_axis',(0.,0.,-1.));
#5707=DIRECTION('ref_axis',(0.965925826289081,0.258819045102472,0.));
#5708=DIRECTION('',(0.,0.,-1.));
#5709=DIRECTION('center_axis',(0.,0.,1.));
#5710=DIRECTION('ref_axis',(0.965925826289081,0.258819045102472,0.));
#5711=DIRECTION('center_axis',(-0.965925826289065,-0.258819045102532,0.));
#5712=DIRECTION('ref_axis',(-0.258819045102532,0.965925826289065,0.));
#5713=DIRECTION('',(0.,0.,-1.));
#5714=DIRECTION('',(0.258819045102532,-0.965925826289065,0.));
#5715=DIRECTION('center_axis',(0.,0.,-1.));
#5716=DIRECTION('ref_axis',(5.12410626750068E-15,-1.,0.));
#5717=DIRECTION('',(0.,0.,-1.));
#5718=DIRECTION('center_axis',(0.,0.,1.));
#5719=DIRECTION('ref_axis',(5.12410626750068E-15,-1.,0.));
#5720=DIRECTION('center_axis',(1.14313135140812E-15,1.,0.));
#5721=DIRECTION('ref_axis',(1.,-1.14313135140812E-15,0.));
#5722=DIRECTION('',(0.,0.,-1.));
#5723=DIRECTION('',(-1.,1.14313135140812E-15,0.));
#5724=DIRECTION('center_axis',(0.,0.,-1.));
#5725=DIRECTION('ref_axis',(-0.965925826289065,0.258819045102535,0.));
#5726=DIRECTION('',(0.,0.,-1.));
#5727=DIRECTION('center_axis',(0.,0.,1.));
#5728=DIRECTION('ref_axis',(-0.965925826289065,0.258819045102535,0.));
#5729=DIRECTION('center_axis',(0.965925826289067,-0.258819045102527,0.));
#5730=DIRECTION('ref_axis',(-0.258819045102527,-0.965925826289067,0.));
#5731=DIRECTION('',(0.,0.,-1.));
#5732=DIRECTION('',(0.258819045102527,0.965925826289067,0.));
#5733=DIRECTION('center_axis',(0.,0.,-1.));
#5734=DIRECTION('ref_axis',(2.42230478100053E-14,1.,0.));
#5735=DIRECTION('',(0.,0.,-1.));
#5736=DIRECTION('center_axis',(0.,0.,1.));
#5737=DIRECTION('ref_axis',(2.42230478100053E-14,1.,0.));
#5738=DIRECTION('center_axis',(-9.00876990934136E-16,-1.,0.));
#5739=DIRECTION('ref_axis',(-1.,9.00876990934136E-16,0.));
#5740=DIRECTION('',(0.,0.,-1.));
#5741=DIRECTION('',(1.,-9.00876990934136E-16,0.));
#5742=DIRECTION('center_axis',(-4.82705662880503E-16,1.,0.));
#5743=DIRECTION('ref_axis',(1.,4.82705662880503E-16,0.));
#5744=DIRECTION('',(0.,0.,-1.));
#5745=DIRECTION('',(1.,4.82705662880503E-16,0.));
#5746=DIRECTION('',(0.,0.,-1.));
#5747=DIRECTION('center_axis',(-1.,-5.55111512312579E-16,0.));
#5748=DIRECTION('ref_axis',(-5.55111512312579E-16,1.,0.));
#5749=DIRECTION('',(0.,0.,-1.));
#5750=DIRECTION('',(-5.55111512312579E-16,1.,0.));
#5751=DIRECTION('center_axis',(5.84327907697451E-16,-1.,0.));
#5752=DIRECTION('ref_axis',(-1.,-5.84327907697451E-16,0.));
#5753=DIRECTION('',(0.,0.,-1.));
#5754=DIRECTION('',(1.,5.84327907697451E-16,0.));
#5755=DIRECTION('',(0.,0.,-1.));
#5756=DIRECTION('center_axis',(1.,8.32667268468867E-16,0.));
#5757=DIRECTION('ref_axis',(8.32667268468867E-16,-1.,0.));
#5758=DIRECTION('',(8.32667268468867E-16,-1.,0.));
#5759=DIRECTION('',(0.,0.,1.));
#5760=DIRECTION('center_axis',(-1.,1.00929365875013E-15,0.));
#5761=DIRECTION('ref_axis',(1.00929365875013E-15,1.,0.));
#5762=DIRECTION('',(0.,1.,0.));
#5763=DIRECTION('center_axis',(1.,-1.00929365875013E-15,0.));
#5764=DIRECTION('ref_axis',(-1.00929365875013E-15,-1.,0.));
#5765=DIRECTION('',(-1.00929365875013E-15,-1.,0.));
#5766=DIRECTION('center_axis',(0.,0.,1.));
#5767=DIRECTION('ref_axis',(1.,0.,0.));
#5768=DIRECTION('',(-1.,-2.93254228819706E-16,0.));
#5769=DIRECTION('center_axis',(0.,0.,1.));
#5770=DIRECTION('ref_axis',(1.,0.,0.));
#5771=DIRECTION('',(-0.258819045102526,-0.965925826289067,0.));
#5772=DIRECTION('center_axis',(0.,0.,1.));
#5773=DIRECTION('ref_axis',(1.,0.,0.));
#5774=DIRECTION('',(1.,-1.56964058668728E-15,0.));
#5775=DIRECTION('center_axis',(0.,0.,1.));
#5776=DIRECTION('ref_axis',(1.,0.,0.));
#5777=DIRECTION('',(-0.258819045102527,0.965925826289067,0.));
#5778=DIRECTION('center_axis',(0.,0.,1.));
#5779=DIRECTION('ref_axis',(1.,0.,0.));
#5780=DIRECTION('',(-1.,-2.93254228819706E-16,0.));
#5781=DIRECTION('center_axis',(2.93254228819706E-16,-1.,0.));
#5782=DIRECTION('ref_axis',(1.,2.93254228819706E-16,0.));
#5783=DIRECTION('',(0.,0.,-1.));
#5784=DIRECTION('center_axis',(2.93254228819706E-16,-1.,0.));
#5785=DIRECTION('ref_axis',(1.,2.93254228819706E-16,0.));
#5786=DIRECTION('',(0.,0.,-1.));
#5787=DIRECTION('center_axis',(0.,0.,-1.));
#5788=DIRECTION('ref_axis',(0.793353340291235,-0.608761429008721,0.));
#5789=DIRECTION('',(0.,0.,-1.));
#5790=DIRECTION('',(0.,0.,-1.));
#5791=DIRECTION('center_axis',(-0.965925826289067,-0.258819045102527,0.));
#5792=DIRECTION('ref_axis',(0.258819045102527,-0.965925826289067,0.));
#5793=DIRECTION('',(0.,0.,-1.));
#5794=DIRECTION('center_axis',(0.,0.,-1.));
#5795=DIRECTION('ref_axis',(-1.,0.,0.));
#5796=DIRECTION('center_axis',(0.,0.,-1.));
#5797=DIRECTION('ref_axis',(-1.,0.,0.));
#5798=DIRECTION('',(0.,0.,-1.));
#5799=DIRECTION('',(0.,0.,-1.));
#5800=DIRECTION('center_axis',(0.,0.,-1.));
#5801=DIRECTION('ref_axis',(-1.,0.,0.));
#5802=DIRECTION('',(0.,0.,-1.));
#5803=DIRECTION('center_axis',(0.965925826289067,-0.258819045102526,0.));
#5804=DIRECTION('ref_axis',(0.258819045102526,0.965925826289067,0.));
#5805=DIRECTION('center_axis',(1.56964058668728E-15,1.,0.));
#5806=DIRECTION('ref_axis',(-1.,1.56964058668728E-15,0.));
#5807=DIRECTION('center_axis',(0.,1.,0.));
#5808=DIRECTION('ref_axis',(-0.707106781186547,0.,0.707106781186547));
#5809=DIRECTION('center_axis',(0.,-1.,0.));
#5810=DIRECTION('ref_axis',(-0.707106781186547,0.,0.707106781186547));
#5811=DIRECTION('',(0.,-1.,0.));
#5812=DIRECTION('center_axis',(0.,1.,0.));
#5813=DIRECTION('ref_axis',(-0.707106781186547,0.,0.707106781186547));
#5814=DIRECTION('',(0.,1.,0.));
#5815=DIRECTION('center_axis',(-3.44923658135971E-16,0.,-1.));
#5816=DIRECTION('ref_axis',(-1.,0.,3.44923658135971E-16));
#5817=DIRECTION('',(-1.,0.,3.44923658135971E-16));
#5818=DIRECTION('',(0.,-1.,0.));
#5819=DIRECTION('',(-1.,0.,3.44923658135971E-16));
#5820=DIRECTION('center_axis',(0.,1.,0.));
#5821=DIRECTION('ref_axis',(0.,0.,1.));
#5822=DIRECTION('',(3.44923658135971E-16,0.,1.));
#5823=DIRECTION('',(-1.,0.,3.44923658135971E-16));
#5824=DIRECTION('',(0.,0.,-1.));
#5825=DIRECTION('',(1.,0.,0.));
#5826=DIRECTION('',(0.,0.,-1.));
#5827=DIRECTION('',(-1.,0.,3.44923658135971E-16));
#5828=DIRECTION('',(3.44923658135971E-16,0.,1.));
#5829=DIRECTION('center_axis',(0.,1.,0.));
#5830=DIRECTION('ref_axis',(0.707106781186547,0.,0.707106781186547));
#5831=DIRECTION('center_axis',(0.,-1.,0.));
#5832=DIRECTION('ref_axis',(0.707106781186547,0.,0.707106781186547));
#5833=DIRECTION('',(0.,1.,0.));
#5834=DIRECTION('center_axis',(0.,-1.,0.));
#5835=DIRECTION('ref_axis',(0.707106781186547,0.,0.707106781186547));
#5836=DIRECTION('center_axis',(-1.,0.,3.44923658135971E-16));
#5837=DIRECTION('ref_axis',(3.44923658135971E-16,0.,1.));
#5838=DIRECTION('',(0.,1.,0.));
#5839=DIRECTION('',(3.44923658135971E-16,0.,1.));
#5840=DIRECTION('center_axis',(1.,0.,0.));
#5841=DIRECTION('ref_axis',(0.,0.,-1.));
#5842=DIRECTION('',(0.,1.,0.));
#5843=DIRECTION('',(0.,0.,-1.));
#5844=DIRECTION('',(0.,1.,0.));
#5845=DIRECTION('center_axis',(1.,0.,0.));
#5846=DIRECTION('ref_axis',(0.,0.,-1.));
#5847=DIRECTION('',(0.,-1.,0.));
#5848=DIRECTION('',(0.,0.,-1.));
#5849=DIRECTION('',(0.,-1.,0.));
#5850=DIRECTION('center_axis',(0.,0.,1.));
#5851=DIRECTION('ref_axis',(1.,0.,0.));
#5852=DIRECTION('',(1.,0.,0.));
#5853=DIRECTION('center_axis',(3.44923658135971E-16,0.,1.));
#5854=DIRECTION('ref_axis',(1.,0.,-3.44923658135971E-16));
#5855=DIRECTION('',(-1.,0.,3.44923658135971E-16));
#5856=DIRECTION('center_axis',(3.44923658135971E-16,0.,1.));
#5857=DIRECTION('ref_axis',(1.,0.,-3.44923658135971E-16));
#5858=DIRECTION('',(0.,-1.,0.));
#5859=DIRECTION('',(-1.,0.,3.44923658135971E-16));
#5860=DIRECTION('center_axis',(-1.,0.,3.44923658135971E-16));
#5861=DIRECTION('ref_axis',(3.44923658135971E-16,0.,1.));
#5862=DIRECTION('',(3.44923658135971E-16,0.,1.));
#5863=DIRECTION('center_axis',(0.,-1.,0.));
#5864=DIRECTION('ref_axis',(0.,0.,-1.));
#5865=DIRECTION('center_axis',(0.,1.,0.));
#5866=DIRECTION('ref_axis',(-0.707106781186547,0.,0.707106781186548));
#5867=DIRECTION('center_axis',(0.,-1.,0.));
#5868=DIRECTION('ref_axis',(-0.707106781186547,0.,0.707106781186548));
#5869=DIRECTION('',(0.,-1.,0.));
#5870=DIRECTION('center_axis',(0.,1.,0.));
#5871=DIRECTION('ref_axis',(-0.707106781186547,0.,0.707106781186548));
#5872=DIRECTION('',(0.,1.,0.));
#5873=DIRECTION('center_axis',(-3.44923658135971E-16,0.,-1.));
#5874=DIRECTION('ref_axis',(-1.,0.,3.44923658135971E-16));
#5875=DIRECTION('',(-1.,0.,3.44923658135971E-16));
#5876=DIRECTION('',(0.,-1.,0.));
#5877=DIRECTION('',(-1.,0.,3.44923658135971E-16));
#5878=DIRECTION('center_axis',(0.,1.,0.));
#5879=DIRECTION('ref_axis',(0.,0.,1.));
#5880=DIRECTION('',(3.44923658135971E-16,0.,1.));
#5881=DIRECTION('',(-1.,0.,3.44923658135971E-16));
#5882=DIRECTION('',(0.,0.,-1.));
#5883=DIRECTION('',(1.,0.,0.));
#5884=DIRECTION('',(0.,0.,-1.));
#5885=DIRECTION('',(-1.,0.,3.44923658135971E-16));
#5886=DIRECTION('',(3.44923658135971E-16,0.,1.));
#5887=DIRECTION('center_axis',(0.,1.,0.));
#5888=DIRECTION('ref_axis',(0.707106781186547,0.,0.707106781186547));
#5889=DIRECTION('center_axis',(0.,-1.,0.));
#5890=DIRECTION('ref_axis',(0.707106781186547,0.,0.707106781186547));
#5891=DIRECTION('',(0.,1.,0.));
#5892=DIRECTION('center_axis',(0.,-1.,0.));
#5893=DIRECTION('ref_axis',(0.707106781186547,0.,0.707106781186547));
#5894=DIRECTION('center_axis',(-1.,0.,3.44923658135971E-16));
#5895=DIRECTION('ref_axis',(3.44923658135971E-16,0.,1.));
#5896=DIRECTION('',(0.,1.,0.));
#5897=DIRECTION('',(3.44923658135971E-16,0.,1.));
#5898=DIRECTION('center_axis',(1.,0.,0.));
#5899=DIRECTION('ref_axis',(0.,0.,-1.));
#5900=DIRECTION('',(0.,1.,0.));
#5901=DIRECTION('',(0.,0.,-1.));
#5902=DIRECTION('',(0.,1.,0.));
#5903=DIRECTION('center_axis',(1.,0.,0.));
#5904=DIRECTION('ref_axis',(0.,0.,-1.));
#5905=DIRECTION('',(0.,-1.,0.));
#5906=DIRECTION('',(0.,0.,-1.));
#5907=DIRECTION('',(0.,-1.,0.));
#5908=DIRECTION('center_axis',(0.,0.,1.));
#5909=DIRECTION('ref_axis',(1.,0.,0.));
#5910=DIRECTION('',(1.,0.,0.));
#5911=DIRECTION('center_axis',(3.44923658135971E-16,0.,1.));
#5912=DIRECTION('ref_axis',(1.,0.,-3.44923658135971E-16));
#5913=DIRECTION('',(-1.,0.,3.44923658135971E-16));
#5914=DIRECTION('center_axis',(3.44923658135971E-16,0.,1.));
#5915=DIRECTION('ref_axis',(1.,0.,-3.44923658135971E-16));
#5916=DIRECTION('',(0.,-1.,0.));
#5917=DIRECTION('',(-1.,0.,3.44923658135971E-16));
#5918=DIRECTION('center_axis',(-1.,0.,3.44923658135971E-16));
#5919=DIRECTION('ref_axis',(3.44923658135971E-16,0.,1.));
#5920=DIRECTION('',(3.44923658135971E-16,0.,1.));
#5921=DIRECTION('center_axis',(0.,-1.,0.));
#5922=DIRECTION('ref_axis',(0.,0.,-1.));
#5923=DIRECTION('center_axis',(0.,1.,0.));
#5924=DIRECTION('ref_axis',(-0.707106781186547,0.,0.707106781186547));
#5925=DIRECTION('center_axis',(0.,-1.,0.));
#5926=DIRECTION('ref_axis',(-0.707106781186547,0.,0.707106781186547));
#5927=DIRECTION('',(0.,-1.,0.));
#5928=DIRECTION('center_axis',(0.,1.,0.));
#5929=DIRECTION('ref_axis',(-0.707106781186547,0.,0.707106781186547));
#5930=DIRECTION('',(0.,1.,0.));
#5931=DIRECTION('center_axis',(-3.44923658135971E-16,0.,-1.));
#5932=DIRECTION('ref_axis',(-1.,0.,3.44923658135971E-16));
#5933=DIRECTION('',(-1.,0.,3.44923658135971E-16));
#5934=DIRECTION('',(0.,-1.,0.));
#5935=DIRECTION('',(-1.,0.,3.44923658135971E-16));
#5936=DIRECTION('center_axis',(0.,1.,0.));
#5937=DIRECTION('ref_axis',(0.,0.,1.));
#5938=DIRECTION('',(3.44923658135971E-16,0.,1.));
#5939=DIRECTION('',(-1.,0.,3.44923658135971E-16));
#5940=DIRECTION('',(0.,0.,-1.));
#5941=DIRECTION('',(1.,0.,0.));
#5942=DIRECTION('',(0.,0.,-1.));
#5943=DIRECTION('',(-1.,0.,3.44923658135971E-16));
#5944=DIRECTION('',(3.44923658135971E-16,0.,1.));
#5945=DIRECTION('center_axis',(0.,1.,0.));
#5946=DIRECTION('ref_axis',(0.707106781186547,0.,0.707106781186547));
#5947=DIRECTION('center_axis',(0.,-1.,0.));
#5948=DIRECTION('ref_axis',(0.707106781186547,0.,0.707106781186547));
#5949=DIRECTION('',(0.,1.,0.));
#5950=DIRECTION('center_axis',(0.,-1.,0.));
#5951=DIRECTION('ref_axis',(0.707106781186547,0.,0.707106781186547));
#5952=DIRECTION('center_axis',(-1.,0.,3.44923658135971E-16));
#5953=DIRECTION('ref_axis',(3.44923658135971E-16,0.,1.));
#5954=DIRECTION('',(0.,1.,0.));
#5955=DIRECTION('',(3.44923658135971E-16,0.,1.));
#5956=DIRECTION('center_axis',(1.,0.,0.));
#5957=DIRECTION('ref_axis',(0.,0.,-1.));
#5958=DIRECTION('',(0.,1.,0.));
#5959=DIRECTION('',(0.,0.,-1.));
#5960=DIRECTION('',(0.,1.,0.));
#5961=DIRECTION('center_axis',(1.,0.,0.));
#5962=DIRECTION('ref_axis',(0.,0.,-1.));
#5963=DIRECTION('',(0.,-1.,0.));
#5964=DIRECTION('',(0.,0.,-1.));
#5965=DIRECTION('',(0.,-1.,0.));
#5966=DIRECTION('center_axis',(0.,0.,1.));
#5967=DIRECTION('ref_axis',(1.,0.,0.));
#5968=DIRECTION('',(1.,0.,0.));
#5969=DIRECTION('center_axis',(3.44923658135971E-16,0.,1.));
#5970=DIRECTION('ref_axis',(1.,0.,-3.44923658135971E-16));
#5971=DIRECTION('',(-1.,0.,3.44923658135971E-16));
#5972=DIRECTION('center_axis',(3.44923658135971E-16,0.,1.));
#5973=DIRECTION('ref_axis',(1.,0.,-3.44923658135971E-16));
#5974=DIRECTION('',(0.,-1.,0.));
#5975=DIRECTION('',(-1.,0.,3.44923658135971E-16));
#5976=DIRECTION('center_axis',(-1.,0.,3.44923658135971E-16));
#5977=DIRECTION('ref_axis',(3.44923658135971E-16,0.,1.));
#5978=DIRECTION('',(3.44923658135971E-16,0.,1.));
#5979=DIRECTION('center_axis',(0.,-1.,0.));
#5980=DIRECTION('ref_axis',(0.,0.,-1.));
#5981=DIRECTION('center_axis',(0.,1.,0.));
#5982=DIRECTION('ref_axis',(-0.707106781186547,0.,0.707106781186547));
#5983=DIRECTION('center_axis',(0.,-1.,0.));
#5984=DIRECTION('ref_axis',(-0.707106781186547,0.,0.707106781186547));
#5985=DIRECTION('',(0.,-1.,0.));
#5986=DIRECTION('center_axis',(0.,1.,0.));
#5987=DIRECTION('ref_axis',(-0.707106781186547,0.,0.707106781186547));
#5988=DIRECTION('',(0.,1.,0.));
#5989=DIRECTION('center_axis',(-3.44923658135971E-16,0.,-1.));
#5990=DIRECTION('ref_axis',(-1.,0.,3.44923658135971E-16));
#5991=DIRECTION('',(-1.,0.,3.44923658135971E-16));
#5992=DIRECTION('',(0.,-1.,0.));
#5993=DIRECTION('',(-1.,0.,3.44923658135971E-16));
#5994=DIRECTION('center_axis',(0.,1.,0.));
#5995=DIRECTION('ref_axis',(0.,0.,1.));
#5996=DIRECTION('',(3.44923658135971E-16,0.,1.));
#5997=DIRECTION('',(-1.,0.,3.44923658135971E-16));
#5998=DIRECTION('',(0.,0.,-1.));
#5999=DIRECTION('',(1.,0.,0.));
#6000=DIRECTION('',(0.,0.,-1.));
#6001=DIRECTION('',(-1.,0.,3.44923658135971E-16));
#6002=DIRECTION('',(3.44923658135971E-16,0.,1.));
#6003=DIRECTION('center_axis',(0.,1.,0.));
#6004=DIRECTION('ref_axis',(0.707106781186547,0.,0.707106781186547));
#6005=DIRECTION('center_axis',(0.,-1.,0.));
#6006=DIRECTION('ref_axis',(0.707106781186547,0.,0.707106781186547));
#6007=DIRECTION('',(0.,1.,0.));
#6008=DIRECTION('center_axis',(0.,-1.,0.));
#6009=DIRECTION('ref_axis',(0.707106781186547,0.,0.707106781186547));
#6010=DIRECTION('center_axis',(-1.,0.,3.44923658135971E-16));
#6011=DIRECTION('ref_axis',(3.44923658135971E-16,0.,1.));
#6012=DIRECTION('',(0.,1.,0.));
#6013=DIRECTION('',(3.44923658135971E-16,0.,1.));
#6014=DIRECTION('center_axis',(1.,0.,0.));
#6015=DIRECTION('ref_axis',(0.,0.,-1.));
#6016=DIRECTION('',(0.,1.,0.));
#6017=DIRECTION('',(0.,0.,-1.));
#6018=DIRECTION('',(0.,1.,0.));
#6019=DIRECTION('center_axis',(1.,0.,0.));
#6020=DIRECTION('ref_axis',(0.,0.,-1.));
#6021=DIRECTION('',(0.,-1.,0.));
#6022=DIRECTION('',(0.,0.,-1.));
#6023=DIRECTION('',(0.,-1.,0.));
#6024=DIRECTION('center_axis',(0.,0.,1.));
#6025=DIRECTION('ref_axis',(1.,0.,0.));
#6026=DIRECTION('',(1.,0.,0.));
#6027=DIRECTION('center_axis',(3.44923658135971E-16,0.,1.));
#6028=DIRECTION('ref_axis',(1.,0.,-3.44923658135971E-16));
#6029=DIRECTION('',(-1.,0.,3.44923658135971E-16));
#6030=DIRECTION('center_axis',(3.44923658135971E-16,0.,1.));
#6031=DIRECTION('ref_axis',(1.,0.,-3.44923658135971E-16));
#6032=DIRECTION('',(0.,-1.,0.));
#6033=DIRECTION('',(-1.,0.,3.44923658135971E-16));
#6034=DIRECTION('center_axis',(-1.,0.,3.44923658135971E-16));
#6035=DIRECTION('ref_axis',(3.44923658135971E-16,0.,1.));
#6036=DIRECTION('',(3.44923658135971E-16,0.,1.));
#6037=DIRECTION('center_axis',(0.,-1.,0.));
#6038=DIRECTION('ref_axis',(0.,0.,-1.));
#6039=DIRECTION('center_axis',(0.,1.,0.));
#6040=DIRECTION('ref_axis',(-0.70710678118655,0.,0.707106781186545));
#6041=DIRECTION('center_axis',(0.,-1.,0.));
#6042=DIRECTION('ref_axis',(-0.70710678118655,0.,0.707106781186545));
#6043=DIRECTION('',(0.,-1.,0.));
#6044=DIRECTION('center_axis',(0.,1.,0.));
#6045=DIRECTION('ref_axis',(-0.70710678118655,0.,0.707106781186545));
#6046=DIRECTION('',(0.,1.,0.));
#6047=DIRECTION('center_axis',(-2.58692743601978E-16,0.,-1.));
#6048=DIRECTION('ref_axis',(-1.,0.,2.58692743601978E-16));
#6049=DIRECTION('',(-1.,0.,2.58692743601978E-16));
#6050=DIRECTION('',(0.,-1.,0.));
#6051=DIRECTION('',(-1.,0.,2.58692743601978E-16));
#6052=DIRECTION('center_axis',(0.,1.,0.));
#6053=DIRECTION('ref_axis',(0.,0.,1.));
#6054=DIRECTION('',(2.58692743601978E-16,0.,1.));
#6055=DIRECTION('',(-1.,0.,2.58692743601978E-16));
#6056=DIRECTION('',(0.,0.,-1.));
#6057=DIRECTION('',(1.,0.,0.));
#6058=DIRECTION('',(0.,0.,-1.));
#6059=DIRECTION('',(-1.,0.,2.58692743601978E-16));
#6060=DIRECTION('',(2.58692743601978E-16,0.,1.));
#6061=DIRECTION('center_axis',(0.,1.,0.));
#6062=DIRECTION('ref_axis',(0.707106781186546,0.,0.707106781186549));
#6063=DIRECTION('center_axis',(0.,-1.,0.));
#6064=DIRECTION('ref_axis',(0.707106781186546,0.,0.707106781186549));
#6065=DIRECTION('',(0.,1.,0.));
#6066=DIRECTION('center_axis',(0.,-1.,0.));
#6067=DIRECTION('ref_axis',(0.707106781186546,0.,0.707106781186549));
#6068=DIRECTION('center_axis',(-1.,0.,2.58692743601978E-16));
#6069=DIRECTION('ref_axis',(2.58692743601978E-16,0.,1.));
#6070=DIRECTION('',(0.,1.,0.));
#6071=DIRECTION('',(2.58692743601978E-16,0.,1.));
#6072=DIRECTION('center_axis',(1.,0.,0.));
#6073=DIRECTION('ref_axis',(0.,0.,-1.));
#6074=DIRECTION('',(0.,1.,0.));
#6075=DIRECTION('',(0.,0.,-1.));
#6076=DIRECTION('',(0.,1.,0.));
#6077=DIRECTION('center_axis',(1.,0.,0.));
#6078=DIRECTION('ref_axis',(0.,0.,-1.));
#6079=DIRECTION('',(0.,-1.,0.));
#6080=DIRECTION('',(0.,0.,-1.));
#6081=DIRECTION('',(0.,-1.,0.));
#6082=DIRECTION('center_axis',(0.,0.,1.));
#6083=DIRECTION('ref_axis',(1.,0.,0.));
#6084=DIRECTION('',(1.,0.,0.));
#6085=DIRECTION('center_axis',(2.58692743601978E-16,0.,1.));
#6086=DIRECTION('ref_axis',(1.,0.,-2.58692743601978E-16));
#6087=DIRECTION('',(-1.,0.,2.58692743601978E-16));
#6088=DIRECTION('center_axis',(2.58692743601978E-16,0.,1.));
#6089=DIRECTION('ref_axis',(1.,0.,-2.58692743601978E-16));
#6090=DIRECTION('',(0.,-1.,0.));
#6091=DIRECTION('',(-1.,0.,2.58692743601978E-16));
#6092=DIRECTION('center_axis',(-1.,0.,2.58692743601978E-16));
#6093=DIRECTION('ref_axis',(2.58692743601978E-16,0.,1.));
#6094=DIRECTION('',(2.58692743601978E-16,0.,1.));
#6095=DIRECTION('center_axis',(0.,-1.,0.));
#6096=DIRECTION('ref_axis',(0.,0.,-1.));
#6097=DIRECTION('center_axis',(0.,1.,0.));
#6098=DIRECTION('ref_axis',(-0.707106781186547,0.,0.707106781186548));
#6099=DIRECTION('center_axis',(0.,-1.,0.));
#6100=DIRECTION('ref_axis',(-0.707106781186547,0.,0.707106781186548));
#6101=DIRECTION('',(0.,-1.,0.));
#6102=DIRECTION('center_axis',(0.,1.,0.));
#6103=DIRECTION('ref_axis',(-0.707106781186547,0.,0.707106781186548));
#6104=DIRECTION('',(0.,1.,0.));
#6105=DIRECTION('center_axis',(-3.44923658135971E-16,0.,-1.));
#6106=DIRECTION('ref_axis',(-1.,0.,3.44923658135971E-16));
#6107=DIRECTION('',(-1.,0.,3.44923658135971E-16));
#6108=DIRECTION('',(0.,-1.,0.));
#6109=DIRECTION('',(-1.,0.,3.44923658135971E-16));
#6110=DIRECTION('center_axis',(0.,1.,0.));
#6111=DIRECTION('ref_axis',(0.,0.,1.));
#6112=DIRECTION('',(3.44923658135971E-16,0.,1.));
#6113=DIRECTION('',(-1.,0.,3.44923658135971E-16));
#6114=DIRECTION('',(0.,0.,-1.));
#6115=DIRECTION('',(1.,0.,0.));
#6116=DIRECTION('',(0.,0.,-1.));
#6117=DIRECTION('',(-1.,0.,3.44923658135971E-16));
#6118=DIRECTION('',(3.44923658135971E-16,0.,1.));
#6119=DIRECTION('center_axis',(0.,1.,0.));
#6120=DIRECTION('ref_axis',(0.707106781186547,0.,0.707106781186548));
#6121=DIRECTION('center_axis',(0.,-1.,0.));
#6122=DIRECTION('ref_axis',(0.707106781186547,0.,0.707106781186548));
#6123=DIRECTION('',(0.,1.,0.));
#6124=DIRECTION('center_axis',(0.,-1.,0.));
#6125=DIRECTION('ref_axis',(0.707106781186547,0.,0.707106781186548));
#6126=DIRECTION('center_axis',(-1.,0.,3.44923658135971E-16));
#6127=DIRECTION('ref_axis',(3.44923658135971E-16,0.,1.));
#6128=DIRECTION('',(0.,1.,0.));
#6129=DIRECTION('',(3.44923658135971E-16,0.,1.));
#6130=DIRECTION('center_axis',(1.,0.,0.));
#6131=DIRECTION('ref_axis',(0.,0.,-1.));
#6132=DIRECTION('',(0.,1.,0.));
#6133=DIRECTION('',(0.,0.,-1.));
#6134=DIRECTION('',(0.,1.,0.));
#6135=DIRECTION('center_axis',(1.,0.,0.));
#6136=DIRECTION('ref_axis',(0.,0.,-1.));
#6137=DIRECTION('',(0.,-1.,0.));
#6138=DIRECTION('',(0.,0.,-1.));
#6139=DIRECTION('',(0.,-1.,0.));
#6140=DIRECTION('center_axis',(0.,0.,1.));
#6141=DIRECTION('ref_axis',(1.,0.,0.));
#6142=DIRECTION('',(1.,0.,0.));
#6143=DIRECTION('center_axis',(3.44923658135971E-16,0.,1.));
#6144=DIRECTION('ref_axis',(1.,0.,-3.44923658135971E-16));
#6145=DIRECTION('',(-1.,0.,3.44923658135971E-16));
#6146=DIRECTION('center_axis',(3.44923658135971E-16,0.,1.));
#6147=DIRECTION('ref_axis',(1.,0.,-3.44923658135971E-16));
#6148=DIRECTION('',(0.,-1.,0.));
#6149=DIRECTION('',(-1.,0.,3.44923658135971E-16));
#6150=DIRECTION('center_axis',(-1.,0.,3.44923658135971E-16));
#6151=DIRECTION('ref_axis',(3.44923658135971E-16,0.,1.));
#6152=DIRECTION('',(3.44923658135971E-16,0.,1.));
#6153=DIRECTION('center_axis',(0.,-1.,0.));
#6154=DIRECTION('ref_axis',(0.,0.,-1.));
#6155=DIRECTION('center_axis',(0.,1.,0.));
#6156=DIRECTION('ref_axis',(-0.707106781186547,0.,0.707106781186547));
#6157=DIRECTION('center_axis',(0.,-1.,0.));
#6158=DIRECTION('ref_axis',(-0.707106781186547,0.,0.707106781186547));
#6159=DIRECTION('',(0.,-1.,0.));
#6160=DIRECTION('center_axis',(0.,1.,0.));
#6161=DIRECTION('ref_axis',(-0.707106781186547,0.,0.707106781186547));
#6162=DIRECTION('',(0.,1.,0.));
#6163=DIRECTION('center_axis',(-3.44923658135971E-16,0.,-1.));
#6164=DIRECTION('ref_axis',(-1.,0.,3.44923658135971E-16));
#6165=DIRECTION('',(-1.,0.,3.44923658135971E-16));
#6166=DIRECTION('',(0.,-1.,0.));
#6167=DIRECTION('',(-1.,0.,3.44923658135971E-16));
#6168=DIRECTION('center_axis',(0.,1.,0.));
#6169=DIRECTION('ref_axis',(0.,0.,1.));
#6170=DIRECTION('',(3.44923658135971E-16,0.,1.));
#6171=DIRECTION('',(-1.,0.,3.44923658135971E-16));
#6172=DIRECTION('',(0.,0.,-1.));
#6173=DIRECTION('',(1.,0.,0.));
#6174=DIRECTION('',(0.,0.,-1.));
#6175=DIRECTION('',(-1.,0.,3.44923658135971E-16));
#6176=DIRECTION('',(3.44923658135971E-16,0.,1.));
#6177=DIRECTION('center_axis',(0.,1.,0.));
#6178=DIRECTION('ref_axis',(0.707106781186547,0.,0.707106781186547));
#6179=DIRECTION('center_axis',(0.,-1.,0.));
#6180=DIRECTION('ref_axis',(0.707106781186547,0.,0.707106781186547));
#6181=DIRECTION('',(0.,1.,0.));
#6182=DIRECTION('center_axis',(0.,-1.,0.));
#6183=DIRECTION('ref_axis',(0.707106781186547,0.,0.707106781186547));
#6184=DIRECTION('center_axis',(-1.,0.,3.44923658135971E-16));
#6185=DIRECTION('ref_axis',(3.44923658135971E-16,0.,1.));
#6186=DIRECTION('',(0.,1.,0.));
#6187=DIRECTION('',(3.44923658135971E-16,0.,1.));
#6188=DIRECTION('center_axis',(1.,0.,0.));
#6189=DIRECTION('ref_axis',(0.,0.,-1.));
#6190=DIRECTION('',(0.,1.,0.));
#6191=DIRECTION('',(0.,0.,-1.));
#6192=DIRECTION('',(0.,1.,0.));
#6193=DIRECTION('center_axis',(1.,0.,0.));
#6194=DIRECTION('ref_axis',(0.,0.,-1.));
#6195=DIRECTION('',(0.,-1.,0.));
#6196=DIRECTION('',(0.,0.,-1.));
#6197=DIRECTION('',(0.,-1.,0.));
#6198=DIRECTION('center_axis',(0.,0.,1.));
#6199=DIRECTION('ref_axis',(1.,0.,0.));
#6200=DIRECTION('',(1.,0.,0.));
#6201=DIRECTION('center_axis',(3.44923658135971E-16,0.,1.));
#6202=DIRECTION('ref_axis',(1.,0.,-3.44923658135971E-16));
#6203=DIRECTION('',(-1.,0.,3.44923658135971E-16));
#6204=DIRECTION('center_axis',(3.44923658135971E-16,0.,1.));
#6205=DIRECTION('ref_axis',(1.,0.,-3.44923658135971E-16));
#6206=DIRECTION('',(0.,-1.,0.));
#6207=DIRECTION('',(-1.,0.,3.44923658135971E-16));
#6208=DIRECTION('center_axis',(-1.,0.,3.44923658135971E-16));
#6209=DIRECTION('ref_axis',(3.44923658135971E-16,0.,1.));
#6210=DIRECTION('',(3.44923658135971E-16,0.,1.));
#6211=DIRECTION('center_axis',(0.,-1.,0.));
#6212=DIRECTION('ref_axis',(0.,0.,-1.));
#6213=DIRECTION('center_axis',(0.,1.,0.));
#6214=DIRECTION('ref_axis',(-0.707106781186547,0.,0.707106781186547));
#6215=DIRECTION('center_axis',(0.,-1.,0.));
#6216=DIRECTION('ref_axis',(-0.707106781186547,0.,0.707106781186547));
#6217=DIRECTION('',(0.,-1.,0.));
#6218=DIRECTION('center_axis',(0.,1.,0.));
#6219=DIRECTION('ref_axis',(-0.707106781186547,0.,0.707106781186547));
#6220=DIRECTION('',(0.,1.,0.));
#6221=DIRECTION('center_axis',(-3.44923658135971E-16,0.,-1.));
#6222=DIRECTION('ref_axis',(-1.,0.,3.44923658135971E-16));
#6223=DIRECTION('',(-1.,0.,3.44923658135971E-16));
#6224=DIRECTION('',(0.,-1.,0.));
#6225=DIRECTION('',(-1.,0.,3.44923658135971E-16));
#6226=DIRECTION('center_axis',(0.,1.,0.));
#6227=DIRECTION('ref_axis',(0.,0.,1.));
#6228=DIRECTION('',(3.44923658135971E-16,0.,1.));
#6229=DIRECTION('',(-1.,0.,3.44923658135971E-16));
#6230=DIRECTION('',(0.,0.,-1.));
#6231=DIRECTION('',(1.,0.,0.));
#6232=DIRECTION('',(0.,0.,-1.));
#6233=DIRECTION('',(-1.,0.,3.44923658135971E-16));
#6234=DIRECTION('',(3.44923658135971E-16,0.,1.));
#6235=DIRECTION('center_axis',(0.,1.,0.));
#6236=DIRECTION('ref_axis',(0.707106781186547,0.,0.707106781186547));
#6237=DIRECTION('center_axis',(0.,-1.,0.));
#6238=DIRECTION('ref_axis',(0.707106781186547,0.,0.707106781186547));
#6239=DIRECTION('',(0.,1.,0.));
#6240=DIRECTION('center_axis',(0.,-1.,0.));
#6241=DIRECTION('ref_axis',(0.707106781186547,0.,0.707106781186547));
#6242=DIRECTION('center_axis',(-1.,0.,3.44923658135971E-16));
#6243=DIRECTION('ref_axis',(3.44923658135971E-16,0.,1.));
#6244=DIRECTION('',(0.,1.,0.));
#6245=DIRECTION('',(3.44923658135971E-16,0.,1.));
#6246=DIRECTION('center_axis',(1.,0.,0.));
#6247=DIRECTION('ref_axis',(0.,0.,-1.));
#6248=DIRECTION('',(0.,1.,0.));
#6249=DIRECTION('',(0.,0.,-1.));
#6250=DIRECTION('',(0.,1.,0.));
#6251=DIRECTION('center_axis',(1.,0.,0.));
#6252=DIRECTION('ref_axis',(0.,0.,-1.));
#6253=DIRECTION('',(0.,-1.,0.));
#6254=DIRECTION('',(0.,0.,-1.));
#6255=DIRECTION('',(0.,-1.,0.));
#6256=DIRECTION('center_axis',(0.,0.,1.));
#6257=DIRECTION('ref_axis',(1.,0.,0.));
#6258=DIRECTION('',(1.,0.,0.));
#6259=DIRECTION('center_axis',(3.44923658135971E-16,0.,1.));
#6260=DIRECTION('ref_axis',(1.,0.,-3.44923658135971E-16));
#6261=DIRECTION('',(-1.,0.,3.44923658135971E-16));
#6262=DIRECTION('center_axis',(3.44923658135971E-16,0.,1.));
#6263=DIRECTION('ref_axis',(1.,0.,-3.44923658135971E-16));
#6264=DIRECTION('',(0.,-1.,0.));
#6265=DIRECTION('',(-1.,0.,3.44923658135971E-16));
#6266=DIRECTION('center_axis',(-1.,0.,3.44923658135971E-16));
#6267=DIRECTION('ref_axis',(3.44923658135971E-16,0.,1.));
#6268=DIRECTION('',(3.44923658135971E-16,0.,1.));
#6269=DIRECTION('center_axis',(0.,-1.,0.));
#6270=DIRECTION('ref_axis',(0.,0.,-1.));
#6271=DIRECTION('center_axis',(0.,-1.,0.));
#6272=DIRECTION('ref_axis',(0.707106781186547,0.,0.707106781186547));
#6273=DIRECTION('center_axis',(0.,1.,0.));
#6274=DIRECTION('ref_axis',(0.707106781186547,0.,0.707106781186547));
#6275=DIRECTION('',(0.,1.,0.));
#6276=DIRECTION('center_axis',(0.,-1.,0.));
#6277=DIRECTION('ref_axis',(0.707106781186547,0.,0.707106781186547));
#6278=DIRECTION('',(0.,-1.,0.));
#6279=DIRECTION('center_axis',(0.,1.,0.));
#6280=DIRECTION('ref_axis',(0.,0.,1.));
#6281=DIRECTION('',(-1.,0.,3.44923658135971E-16));
#6282=DIRECTION('center_axis',(0.,1.,0.));
#6283=DIRECTION('ref_axis',(-0.707106781186547,0.,0.707106781186547));
#6284=DIRECTION('',(3.44923658135971E-16,0.,1.));
#6285=DIRECTION('',(-1.,0.,3.44923658135971E-16));
#6286=DIRECTION('',(0.,0.,-1.));
#6287=DIRECTION('',(1.,0.,0.));
#6288=DIRECTION('',(0.,0.,-1.));
#6289=DIRECTION('',(-1.,0.,3.44923658135971E-16));
#6290=DIRECTION('',(3.44923658135971E-16,0.,1.));
#6291=DIRECTION('center_axis',(-3.44923658135971E-16,0.,-1.));
#6292=DIRECTION('ref_axis',(-1.,0.,3.44923658135971E-16));
#6293=DIRECTION('',(-1.,0.,3.44923658135971E-16));
#6294=DIRECTION('',(0.,1.,0.));
#6295=DIRECTION('center_axis',(0.,1.,0.));
#6296=DIRECTION('ref_axis',(-0.707106781186547,0.,0.707106781186547));
#6297=DIRECTION('center_axis',(0.,-1.,0.));
#6298=DIRECTION('ref_axis',(-0.707106781186547,0.,0.707106781186547));
#6299=DIRECTION('',(0.,-1.,0.));
#6300=DIRECTION('center_axis',(1.,0.,0.));
#6301=DIRECTION('ref_axis',(0.,0.,-1.));
#6302=DIRECTION('',(0.,1.,0.));
#6303=DIRECTION('',(0.,0.,-1.));
#6304=DIRECTION('',(0.,1.,0.));
#6305=DIRECTION('center_axis',(1.,0.,0.));
#6306=DIRECTION('ref_axis',(0.,0.,-1.));
#6307=DIRECTION('',(0.,-1.,0.));
#6308=DIRECTION('',(0.,0.,-1.));
#6309=DIRECTION('',(0.,-1.,0.));
#6310=DIRECTION('center_axis',(0.,0.,1.));
#6311=DIRECTION('ref_axis',(1.,0.,0.));
#6312=DIRECTION('',(1.,0.,0.));
#6313=DIRECTION('center_axis',(3.44923658135971E-16,0.,1.));
#6314=DIRECTION('ref_axis',(1.,0.,-3.44923658135971E-16));
#6315=DIRECTION('',(-1.,0.,3.44923658135971E-16));
#6316=DIRECTION('',(0.,1.,0.));
#6317=DIRECTION('center_axis',(3.44923658135971E-16,0.,1.));
#6318=DIRECTION('ref_axis',(1.,0.,-3.44923658135971E-16));
#6319=DIRECTION('',(0.,-1.,0.));
#6320=DIRECTION('',(-1.,0.,3.44923658135971E-16));
#6321=DIRECTION('center_axis',(-1.,0.,3.44923658135971E-16));
#6322=DIRECTION('ref_axis',(3.44923658135971E-16,0.,1.));
#6323=DIRECTION('',(3.44923658135971E-16,0.,1.));
#6324=DIRECTION('center_axis',(-1.,0.,3.44923658135971E-16));
#6325=DIRECTION('ref_axis',(3.44923658135971E-16,0.,1.));
#6326=DIRECTION('',(3.44923658135971E-16,0.,1.));
#6327=DIRECTION('center_axis',(0.,-1.,0.));
#6328=DIRECTION('ref_axis',(0.,0.,-1.));
#6329=DIRECTION('center_axis',(0.,-1.,0.));
#6330=DIRECTION('ref_axis',(0.707106781186547,0.,0.707106781186547));
#6331=DIRECTION('center_axis',(0.,1.,0.));
#6332=DIRECTION('ref_axis',(0.707106781186547,0.,0.707106781186547));
#6333=DIRECTION('',(0.,1.,0.));
#6334=DIRECTION('center_axis',(0.,-1.,0.));
#6335=DIRECTION('ref_axis',(0.707106781186547,0.,0.707106781186547));
#6336=DIRECTION('',(0.,-1.,0.));
#6337=DIRECTION('center_axis',(0.,1.,0.));
#6338=DIRECTION('ref_axis',(0.,0.,1.));
#6339=DIRECTION('',(-1.,0.,3.44923658135971E-16));
#6340=DIRECTION('center_axis',(0.,1.,0.));
#6341=DIRECTION('ref_axis',(-0.707106781186547,0.,0.707106781186547));
#6342=DIRECTION('',(3.44923658135971E-16,0.,1.));
#6343=DIRECTION('',(-1.,0.,3.44923658135971E-16));
#6344=DIRECTION('',(0.,0.,-1.));
#6345=DIRECTION('',(1.,0.,0.));
#6346=DIRECTION('',(0.,0.,-1.));
#6347=DIRECTION('',(-1.,0.,3.44923658135971E-16));
#6348=DIRECTION('',(3.44923658135971E-16,0.,1.));
#6349=DIRECTION('center_axis',(-3.44923658135971E-16,0.,-1.));
#6350=DIRECTION('ref_axis',(-1.,0.,3.44923658135971E-16));
#6351=DIRECTION('',(-1.,0.,3.44923658135971E-16));
#6352=DIRECTION('',(0.,1.,0.));
#6353=DIRECTION('center_axis',(0.,1.,0.));
#6354=DIRECTION('ref_axis',(-0.707106781186547,0.,0.707106781186547));
#6355=DIRECTION('center_axis',(0.,-1.,0.));
#6356=DIRECTION('ref_axis',(-0.707106781186547,0.,0.707106781186547));
#6357=DIRECTION('',(0.,-1.,0.));
#6358=DIRECTION('center_axis',(1.,0.,0.));
#6359=DIRECTION('ref_axis',(0.,0.,-1.));
#6360=DIRECTION('',(0.,1.,0.));
#6361=DIRECTION('',(0.,0.,-1.));
#6362=DIRECTION('',(0.,1.,0.));
#6363=DIRECTION('center_axis',(1.,0.,0.));
#6364=DIRECTION('ref_axis',(0.,0.,-1.));
#6365=DIRECTION('',(0.,-1.,0.));
#6366=DIRECTION('',(0.,0.,-1.));
#6367=DIRECTION('',(0.,-1.,0.));
#6368=DIRECTION('center_axis',(0.,0.,1.));
#6369=DIRECTION('ref_axis',(1.,0.,0.));
#6370=DIRECTION('',(1.,0.,0.));
#6371=DIRECTION('center_axis',(3.44923658135971E-16,0.,1.));
#6372=DIRECTION('ref_axis',(1.,0.,-3.44923658135971E-16));
#6373=DIRECTION('',(-1.,0.,3.44923658135971E-16));
#6374=DIRECTION('',(0.,1.,0.));
#6375=DIRECTION('center_axis',(3.44923658135971E-16,0.,1.));
#6376=DIRECTION('ref_axis',(1.,0.,-3.44923658135971E-16));
#6377=DIRECTION('',(0.,-1.,0.));
#6378=DIRECTION('',(-1.,0.,3.44923658135971E-16));
#6379=DIRECTION('center_axis',(-1.,0.,3.44923658135971E-16));
#6380=DIRECTION('ref_axis',(3.44923658135971E-16,0.,1.));
#6381=DIRECTION('',(3.44923658135971E-16,0.,1.));
#6382=DIRECTION('center_axis',(-1.,0.,3.44923658135971E-16));
#6383=DIRECTION('ref_axis',(3.44923658135971E-16,0.,1.));
#6384=DIRECTION('',(3.44923658135971E-16,0.,1.));
#6385=DIRECTION('center_axis',(0.,-1.,0.));
#6386=DIRECTION('ref_axis',(0.,0.,-1.));
#6387=DIRECTION('center_axis',(0.,-1.,0.));
#6388=DIRECTION('ref_axis',(0.707106781186547,0.,0.707106781186548));
#6389=DIRECTION('center_axis',(0.,1.,0.));
#6390=DIRECTION('ref_axis',(0.707106781186547,0.,0.707106781186548));
#6391=DIRECTION('',(0.,1.,0.));
#6392=DIRECTION('center_axis',(0.,-1.,0.));
#6393=DIRECTION('ref_axis',(0.707106781186547,0.,0.707106781186548));
#6394=DIRECTION('',(0.,-1.,0.));
#6395=DIRECTION('center_axis',(0.,1.,0.));
#6396=DIRECTION('ref_axis',(0.,0.,1.));
#6397=DIRECTION('',(-1.,0.,3.44923658135971E-16));
#6398=DIRECTION('center_axis',(0.,1.,0.));
#6399=DIRECTION('ref_axis',(-0.707106781186547,0.,0.707106781186548));
#6400=DIRECTION('',(3.44923658135971E-16,0.,1.));
#6401=DIRECTION('',(-1.,0.,3.44923658135971E-16));
#6402=DIRECTION('',(0.,0.,-1.));
#6403=DIRECTION('',(1.,0.,0.));
#6404=DIRECTION('',(0.,0.,-1.));
#6405=DIRECTION('',(-1.,0.,3.44923658135971E-16));
#6406=DIRECTION('',(3.44923658135971E-16,0.,1.));
#6407=DIRECTION('center_axis',(-3.44923658135971E-16,0.,-1.));
#6408=DIRECTION('ref_axis',(-1.,0.,3.44923658135971E-16));
#6409=DIRECTION('',(-1.,0.,3.44923658135971E-16));
#6410=DIRECTION('',(0.,1.,0.));
#6411=DIRECTION('center_axis',(0.,1.,0.));
#6412=DIRECTION('ref_axis',(-0.707106781186547,0.,0.707106781186548));
#6413=DIRECTION('center_axis',(0.,-1.,0.));
#6414=DIRECTION('ref_axis',(-0.707106781186547,0.,0.707106781186548));
#6415=DIRECTION('',(0.,-1.,0.));
#6416=DIRECTION('center_axis',(1.,0.,0.));
#6417=DIRECTION('ref_axis',(0.,0.,-1.));
#6418=DIRECTION('',(0.,1.,0.));
#6419=DIRECTION('',(0.,0.,-1.));
#6420=DIRECTION('',(0.,1.,0.));
#6421=DIRECTION('center_axis',(1.,0.,0.));
#6422=DIRECTION('ref_axis',(0.,0.,-1.));
#6423=DIRECTION('',(0.,-1.,0.));
#6424=DIRECTION('',(0.,0.,-1.));
#6425=DIRECTION('',(0.,-1.,0.));
#6426=DIRECTION('center_axis',(0.,0.,1.));
#6427=DIRECTION('ref_axis',(1.,0.,0.));
#6428=DIRECTION('',(1.,0.,0.));
#6429=DIRECTION('center_axis',(3.44923658135971E-16,0.,1.));
#6430=DIRECTION('ref_axis',(1.,0.,-3.44923658135971E-16));
#6431=DIRECTION('',(-1.,0.,3.44923658135971E-16));
#6432=DIRECTION('',(0.,1.,0.));
#6433=DIRECTION('center_axis',(3.44923658135971E-16,0.,1.));
#6434=DIRECTION('ref_axis',(1.,0.,-3.44923658135971E-16));
#6435=DIRECTION('',(0.,-1.,0.));
#6436=DIRECTION('',(-1.,0.,3.44923658135971E-16));
#6437=DIRECTION('center_axis',(-1.,0.,3.44923658135971E-16));
#6438=DIRECTION('ref_axis',(3.44923658135971E-16,0.,1.));
#6439=DIRECTION('',(3.44923658135971E-16,0.,1.));
#6440=DIRECTION('center_axis',(-1.,0.,3.44923658135971E-16));
#6441=DIRECTION('ref_axis',(3.44923658135971E-16,0.,1.));
#6442=DIRECTION('',(3.44923658135971E-16,0.,1.));
#6443=DIRECTION('center_axis',(0.,-1.,0.));
#6444=DIRECTION('ref_axis',(0.,0.,-1.));
#6445=DIRECTION('center_axis',(0.,-1.,0.));
#6446=DIRECTION('ref_axis',(0.707106781186547,0.,0.707106781186547));
#6447=DIRECTION('center_axis',(0.,1.,0.));
#6448=DIRECTION('ref_axis',(0.707106781186547,0.,0.707106781186547));
#6449=DIRECTION('',(0.,1.,0.));
#6450=DIRECTION('center_axis',(0.,-1.,0.));
#6451=DIRECTION('ref_axis',(0.707106781186547,0.,0.707106781186547));
#6452=DIRECTION('',(0.,-1.,0.));
#6453=DIRECTION('center_axis',(0.,1.,0.));
#6454=DIRECTION('ref_axis',(0.,0.,1.));
#6455=DIRECTION('',(-1.,0.,3.44923658135971E-16));
#6456=DIRECTION('center_axis',(0.,1.,0.));
#6457=DIRECTION('ref_axis',(-0.707106781186547,0.,0.707106781186547));
#6458=DIRECTION('',(3.44923658135971E-16,0.,1.));
#6459=DIRECTION('',(-1.,0.,3.44923658135971E-16));
#6460=DIRECTION('',(0.,0.,-1.));
#6461=DIRECTION('',(1.,0.,0.));
#6462=DIRECTION('',(0.,0.,-1.));
#6463=DIRECTION('',(-1.,0.,3.44923658135971E-16));
#6464=DIRECTION('',(3.44923658135971E-16,0.,1.));
#6465=DIRECTION('center_axis',(-3.44923658135971E-16,0.,-1.));
#6466=DIRECTION('ref_axis',(-1.,0.,3.44923658135971E-16));
#6467=DIRECTION('',(-1.,0.,3.44923658135971E-16));
#6468=DIRECTION('',(0.,1.,0.));
#6469=DIRECTION('center_axis',(0.,1.,0.));
#6470=DIRECTION('ref_axis',(-0.707106781186547,0.,0.707106781186547));
#6471=DIRECTION('center_axis',(0.,-1.,0.));
#6472=DIRECTION('ref_axis',(-0.707106781186547,0.,0.707106781186547));
#6473=DIRECTION('',(0.,-1.,0.));
#6474=DIRECTION('center_axis',(1.,0.,0.));
#6475=DIRECTION('ref_axis',(0.,0.,-1.));
#6476=DIRECTION('',(0.,1.,0.));
#6477=DIRECTION('',(0.,0.,-1.));
#6478=DIRECTION('',(0.,1.,0.));
#6479=DIRECTION('center_axis',(1.,0.,0.));
#6480=DIRECTION('ref_axis',(0.,0.,-1.));
#6481=DIRECTION('',(0.,-1.,0.));
#6482=DIRECTION('',(0.,0.,-1.));
#6483=DIRECTION('',(0.,-1.,0.));
#6484=DIRECTION('center_axis',(0.,0.,1.));
#6485=DIRECTION('ref_axis',(1.,0.,0.));
#6486=DIRECTION('',(1.,0.,0.));
#6487=DIRECTION('center_axis',(3.44923658135971E-16,0.,1.));
#6488=DIRECTION('ref_axis',(1.,0.,-3.44923658135971E-16));
#6489=DIRECTION('',(-1.,0.,3.44923658135971E-16));
#6490=DIRECTION('',(0.,1.,0.));
#6491=DIRECTION('center_axis',(3.44923658135971E-16,0.,1.));
#6492=DIRECTION('ref_axis',(1.,0.,-3.44923658135971E-16));
#6493=DIRECTION('',(0.,-1.,0.));
#6494=DIRECTION('',(-1.,0.,3.44923658135971E-16));
#6495=DIRECTION('center_axis',(-1.,0.,3.44923658135971E-16));
#6496=DIRECTION('ref_axis',(3.44923658135971E-16,0.,1.));
#6497=DIRECTION('',(3.44923658135971E-16,0.,1.));
#6498=DIRECTION('center_axis',(-1.,0.,3.44923658135971E-16));
#6499=DIRECTION('ref_axis',(3.44923658135971E-16,0.,1.));
#6500=DIRECTION('',(3.44923658135971E-16,0.,1.));
#6501=DIRECTION('center_axis',(0.,-1.,0.));
#6502=DIRECTION('ref_axis',(0.,0.,-1.));
#6503=DIRECTION('center_axis',(0.,-1.,0.));
#6504=DIRECTION('ref_axis',(0.707106781186547,0.,0.707106781186547));
#6505=DIRECTION('center_axis',(0.,1.,0.));
#6506=DIRECTION('ref_axis',(0.707106781186547,0.,0.707106781186547));
#6507=DIRECTION('',(0.,1.,0.));
#6508=DIRECTION('center_axis',(0.,-1.,0.));
#6509=DIRECTION('ref_axis',(0.707106781186547,0.,0.707106781186547));
#6510=DIRECTION('',(0.,-1.,0.));
#6511=DIRECTION('center_axis',(0.,1.,0.));
#6512=DIRECTION('ref_axis',(0.,0.,1.));
#6513=DIRECTION('',(-1.,0.,3.44923658135971E-16));
#6514=DIRECTION('center_axis',(0.,1.,0.));
#6515=DIRECTION('ref_axis',(-0.707106781186547,0.,0.707106781186547));
#6516=DIRECTION('',(3.44923658135971E-16,0.,1.));
#6517=DIRECTION('',(-1.,0.,3.44923658135971E-16));
#6518=DIRECTION('',(0.,0.,-1.));
#6519=DIRECTION('',(1.,0.,0.));
#6520=DIRECTION('',(0.,0.,-1.));
#6521=DIRECTION('',(-1.,0.,3.44923658135971E-16));
#6522=DIRECTION('',(3.44923658135971E-16,0.,1.));
#6523=DIRECTION('center_axis',(-3.44923658135971E-16,0.,-1.));
#6524=DIRECTION('ref_axis',(-1.,0.,3.44923658135971E-16));
#6525=DIRECTION('',(-1.,0.,3.44923658135971E-16));
#6526=DIRECTION('',(0.,1.,0.));
#6527=DIRECTION('center_axis',(0.,1.,0.));
#6528=DIRECTION('ref_axis',(-0.707106781186547,0.,0.707106781186547));
#6529=DIRECTION('center_axis',(0.,-1.,0.));
#6530=DIRECTION('ref_axis',(-0.707106781186547,0.,0.707106781186547));
#6531=DIRECTION('',(0.,-1.,0.));
#6532=DIRECTION('center_axis',(1.,0.,0.));
#6533=DIRECTION('ref_axis',(0.,0.,-1.));
#6534=DIRECTION('',(0.,1.,0.));
#6535=DIRECTION('',(0.,0.,-1.));
#6536=DIRECTION('',(0.,1.,0.));
#6537=DIRECTION('center_axis',(1.,0.,0.));
#6538=DIRECTION('ref_axis',(0.,0.,-1.));
#6539=DIRECTION('',(0.,-1.,0.));
#6540=DIRECTION('',(0.,0.,-1.));
#6541=DIRECTION('',(0.,-1.,0.));
#6542=DIRECTION('center_axis',(0.,0.,1.));
#6543=DIRECTION('ref_axis',(1.,0.,0.));
#6544=DIRECTION('',(1.,0.,0.));
#6545=DIRECTION('center_axis',(3.44923658135971E-16,0.,1.));
#6546=DIRECTION('ref_axis',(1.,0.,-3.44923658135971E-16));
#6547=DIRECTION('',(-1.,0.,3.44923658135971E-16));
#6548=DIRECTION('',(0.,1.,0.));
#6549=DIRECTION('center_axis',(3.44923658135971E-16,0.,1.));
#6550=DIRECTION('ref_axis',(1.,0.,-3.44923658135971E-16));
#6551=DIRECTION('',(0.,-1.,0.));
#6552=DIRECTION('',(-1.,0.,3.44923658135971E-16));
#6553=DIRECTION('center_axis',(-1.,0.,3.44923658135971E-16));
#6554=DIRECTION('ref_axis',(3.44923658135971E-16,0.,1.));
#6555=DIRECTION('',(3.44923658135971E-16,0.,1.));
#6556=DIRECTION('center_axis',(-1.,0.,3.44923658135971E-16));
#6557=DIRECTION('ref_axis',(3.44923658135971E-16,0.,1.));
#6558=DIRECTION('',(3.44923658135971E-16,0.,1.));
#6559=DIRECTION('center_axis',(0.,-1.,0.));
#6560=DIRECTION('ref_axis',(0.,0.,-1.));
#6561=DIRECTION('center_axis',(0.,-1.,0.));
#6562=DIRECTION('ref_axis',(0.707106781186547,0.,0.707106781186547));
#6563=DIRECTION('center_axis',(0.,1.,0.));
#6564=DIRECTION('ref_axis',(0.707106781186547,0.,0.707106781186547));
#6565=DIRECTION('',(0.,1.,0.));
#6566=DIRECTION('center_axis',(0.,-1.,0.));
#6567=DIRECTION('ref_axis',(0.707106781186547,0.,0.707106781186547));
#6568=DIRECTION('',(0.,-1.,0.));
#6569=DIRECTION('center_axis',(0.,1.,0.));
#6570=DIRECTION('ref_axis',(0.,0.,1.));
#6571=DIRECTION('',(-1.,0.,3.44923658135971E-16));
#6572=DIRECTION('center_axis',(0.,1.,0.));
#6573=DIRECTION('ref_axis',(-0.707106781186547,0.,0.707106781186548));
#6574=DIRECTION('',(3.44923658135971E-16,0.,1.));
#6575=DIRECTION('',(-1.,0.,3.44923658135971E-16));
#6576=DIRECTION('',(0.,0.,-1.));
#6577=DIRECTION('',(1.,0.,0.));
#6578=DIRECTION('',(0.,0.,-1.));
#6579=DIRECTION('',(-1.,0.,3.44923658135971E-16));
#6580=DIRECTION('',(3.44923658135971E-16,0.,1.));
#6581=DIRECTION('center_axis',(-3.44923658135971E-16,0.,-1.));
#6582=DIRECTION('ref_axis',(-1.,0.,3.44923658135971E-16));
#6583=DIRECTION('',(-1.,0.,3.44923658135971E-16));
#6584=DIRECTION('',(0.,1.,0.));
#6585=DIRECTION('center_axis',(0.,1.,0.));
#6586=DIRECTION('ref_axis',(-0.707106781186547,0.,0.707106781186548));
#6587=DIRECTION('center_axis',(0.,-1.,0.));
#6588=DIRECTION('ref_axis',(-0.707106781186547,0.,0.707106781186548));
#6589=DIRECTION('',(0.,-1.,0.));
#6590=DIRECTION('center_axis',(1.,0.,0.));
#6591=DIRECTION('ref_axis',(0.,0.,-1.));
#6592=DIRECTION('',(0.,1.,0.));
#6593=DIRECTION('',(0.,0.,-1.));
#6594=DIRECTION('',(0.,1.,0.));
#6595=DIRECTION('center_axis',(1.,0.,0.));
#6596=DIRECTION('ref_axis',(0.,0.,-1.));
#6597=DIRECTION('',(0.,-1.,0.));
#6598=DIRECTION('',(0.,0.,-1.));
#6599=DIRECTION('',(0.,-1.,0.));
#6600=DIRECTION('center_axis',(0.,0.,1.));
#6601=DIRECTION('ref_axis',(1.,0.,0.));
#6602=DIRECTION('',(1.,0.,0.));
#6603=DIRECTION('center_axis',(3.44923658135971E-16,0.,1.));
#6604=DIRECTION('ref_axis',(1.,0.,-3.44923658135971E-16));
#6605=DIRECTION('',(-1.,0.,3.44923658135971E-16));
#6606=DIRECTION('',(0.,1.,0.));
#6607=DIRECTION('center_axis',(3.44923658135971E-16,0.,1.));
#6608=DIRECTION('ref_axis',(1.,0.,-3.44923658135971E-16));
#6609=DIRECTION('',(0.,-1.,0.));
#6610=DIRECTION('',(-1.,0.,3.44923658135971E-16));
#6611=DIRECTION('center_axis',(-1.,0.,3.44923658135971E-16));
#6612=DIRECTION('ref_axis',(3.44923658135971E-16,0.,1.));
#6613=DIRECTION('',(3.44923658135971E-16,0.,1.));
#6614=DIRECTION('center_axis',(-1.,0.,3.44923658135971E-16));
#6615=DIRECTION('ref_axis',(3.44923658135971E-16,0.,1.));
#6616=DIRECTION('',(3.44923658135971E-16,0.,1.));
#6617=DIRECTION('center_axis',(0.,-1.,0.));
#6618=DIRECTION('ref_axis',(0.,0.,-1.));
#6619=DIRECTION('center_axis',(0.,-1.,0.));
#6620=DIRECTION('ref_axis',(0.707106781186546,0.,0.707106781186549));
#6621=DIRECTION('center_axis',(0.,1.,0.));
#6622=DIRECTION('ref_axis',(0.707106781186546,0.,0.707106781186549));
#6623=DIRECTION('',(0.,1.,0.));
#6624=DIRECTION('center_axis',(0.,-1.,0.));
#6625=DIRECTION('ref_axis',(0.707106781186546,0.,0.707106781186549));
#6626=DIRECTION('',(0.,-1.,0.));
#6627=DIRECTION('center_axis',(0.,1.,0.));
#6628=DIRECTION('ref_axis',(0.,0.,1.));
#6629=DIRECTION('',(-1.,0.,2.58692743601978E-16));
#6630=DIRECTION('center_axis',(0.,1.,0.));
#6631=DIRECTION('ref_axis',(-0.70710678118655,0.,0.707106781186545));
#6632=DIRECTION('',(2.58692743601978E-16,0.,1.));
#6633=DIRECTION('',(-1.,0.,2.58692743601978E-16));
#6634=DIRECTION('',(0.,0.,-1.));
#6635=DIRECTION('',(1.,0.,0.));
#6636=DIRECTION('',(0.,0.,-1.));
#6637=DIRECTION('',(-1.,0.,2.58692743601978E-16));
#6638=DIRECTION('',(2.58692743601978E-16,0.,1.));
#6639=DIRECTION('center_axis',(-2.58692743601978E-16,0.,-1.));
#6640=DIRECTION('ref_axis',(-1.,0.,2.58692743601978E-16));
#6641=DIRECTION('',(-1.,0.,2.58692743601978E-16));
#6642=DIRECTION('',(0.,1.,0.));
#6643=DIRECTION('center_axis',(0.,1.,0.));
#6644=DIRECTION('ref_axis',(-0.70710678118655,0.,0.707106781186545));
#6645=DIRECTION('center_axis',(0.,-1.,0.));
#6646=DIRECTION('ref_axis',(-0.70710678118655,0.,0.707106781186545));
#6647=DIRECTION('',(0.,-1.,0.));
#6648=DIRECTION('center_axis',(1.,0.,0.));
#6649=DIRECTION('ref_axis',(0.,0.,-1.));
#6650=DIRECTION('',(0.,1.,0.));
#6651=DIRECTION('',(0.,0.,-1.));
#6652=DIRECTION('',(0.,1.,0.));
#6653=DIRECTION('center_axis',(1.,0.,0.));
#6654=DIRECTION('ref_axis',(0.,0.,-1.));
#6655=DIRECTION('',(0.,-1.,0.));
#6656=DIRECTION('',(0.,0.,-1.));
#6657=DIRECTION('',(0.,-1.,0.));
#6658=DIRECTION('center_axis',(0.,0.,1.));
#6659=DIRECTION('ref_axis',(1.,0.,0.));
#6660=DIRECTION('',(1.,0.,0.));
#6661=DIRECTION('center_axis',(2.58692743601978E-16,0.,1.));
#6662=DIRECTION('ref_axis',(1.,0.,-2.58692743601978E-16));
#6663=DIRECTION('',(-1.,0.,2.58692743601978E-16));
#6664=DIRECTION('',(0.,1.,0.));
#6665=DIRECTION('center_axis',(2.58692743601978E-16,0.,1.));
#6666=DIRECTION('ref_axis',(1.,0.,-2.58692743601978E-16));
#6667=DIRECTION('',(0.,-1.,0.));
#6668=DIRECTION('',(-1.,0.,2.58692743601978E-16));
#6669=DIRECTION('center_axis',(-1.,0.,2.58692743601978E-16));
#6670=DIRECTION('ref_axis',(2.58692743601978E-16,0.,1.));
#6671=DIRECTION('',(2.58692743601978E-16,0.,1.));
#6672=DIRECTION('center_axis',(-1.,0.,2.58692743601978E-16));
#6673=DIRECTION('ref_axis',(2.58692743601978E-16,0.,1.));
#6674=DIRECTION('',(2.58692743601978E-16,0.,1.));
#6675=DIRECTION('center_axis',(0.,-1.,0.));
#6676=DIRECTION('ref_axis',(0.,0.,-1.));
#6677=DIRECTION('center_axis',(0.,-1.,0.));
#6678=DIRECTION('ref_axis',(0.707106781186547,0.,0.707106781186547));
#6679=DIRECTION('center_axis',(0.,1.,0.));
#6680=DIRECTION('ref_axis',(0.707106781186547,0.,0.707106781186547));
#6681=DIRECTION('',(0.,1.,0.));
#6682=DIRECTION('center_axis',(0.,-1.,0.));
#6683=DIRECTION('ref_axis',(0.707106781186547,0.,0.707106781186547));
#6684=DIRECTION('',(0.,-1.,0.));
#6685=DIRECTION('center_axis',(0.,1.,0.));
#6686=DIRECTION('ref_axis',(0.,0.,1.));
#6687=DIRECTION('',(-1.,0.,3.44923658135971E-16));
#6688=DIRECTION('center_axis',(0.,1.,0.));
#6689=DIRECTION('ref_axis',(-0.707106781186547,0.,0.707106781186547));
#6690=DIRECTION('',(3.44923658135971E-16,0.,1.));
#6691=DIRECTION('',(-1.,0.,3.44923658135971E-16));
#6692=DIRECTION('',(0.,0.,-1.));
#6693=DIRECTION('',(1.,0.,0.));
#6694=DIRECTION('',(0.,0.,-1.));
#6695=DIRECTION('',(-1.,0.,3.44923658135971E-16));
#6696=DIRECTION('',(3.44923658135971E-16,0.,1.));
#6697=DIRECTION('center_axis',(-3.44923658135971E-16,0.,-1.));
#6698=DIRECTION('ref_axis',(-1.,0.,3.44923658135971E-16));
#6699=DIRECTION('',(-1.,0.,3.44923658135971E-16));
#6700=DIRECTION('',(0.,1.,0.));
#6701=DIRECTION('center_axis',(0.,1.,0.));
#6702=DIRECTION('ref_axis',(-0.707106781186547,0.,0.707106781186547));
#6703=DIRECTION('center_axis',(0.,-1.,0.));
#6704=DIRECTION('ref_axis',(-0.707106781186547,0.,0.707106781186547));
#6705=DIRECTION('',(0.,-1.,0.));
#6706=DIRECTION('center_axis',(1.,0.,0.));
#6707=DIRECTION('ref_axis',(0.,0.,-1.));
#6708=DIRECTION('',(0.,1.,0.));
#6709=DIRECTION('',(0.,0.,-1.));
#6710=DIRECTION('',(0.,1.,0.));
#6711=DIRECTION('center_axis',(1.,0.,0.));
#6712=DIRECTION('ref_axis',(0.,0.,-1.));
#6713=DIRECTION('',(0.,-1.,0.));
#6714=DIRECTION('',(0.,0.,-1.));
#6715=DIRECTION('',(0.,-1.,0.));
#6716=DIRECTION('center_axis',(0.,0.,1.));
#6717=DIRECTION('ref_axis',(1.,0.,0.));
#6718=DIRECTION('',(1.,0.,0.));
#6719=DIRECTION('center_axis',(3.44923658135971E-16,0.,1.));
#6720=DIRECTION('ref_axis',(1.,0.,-3.44923658135971E-16));
#6721=DIRECTION('',(-1.,0.,3.44923658135971E-16));
#6722=DIRECTION('',(0.,1.,0.));
#6723=DIRECTION('center_axis',(3.44923658135971E-16,0.,1.));
#6724=DIRECTION('ref_axis',(1.,0.,-3.44923658135971E-16));
#6725=DIRECTION('',(0.,-1.,0.));
#6726=DIRECTION('',(-1.,0.,3.44923658135971E-16));
#6727=DIRECTION('center_axis',(-1.,0.,3.44923658135971E-16));
#6728=DIRECTION('ref_axis',(3.44923658135971E-16,0.,1.));
#6729=DIRECTION('',(3.44923658135971E-16,0.,1.));
#6730=DIRECTION('center_axis',(-1.,0.,3.44923658135971E-16));
#6731=DIRECTION('ref_axis',(3.44923658135971E-16,0.,1.));
#6732=DIRECTION('',(3.44923658135971E-16,0.,1.));
#6733=DIRECTION('center_axis',(0.,-1.,0.));
#6734=DIRECTION('ref_axis',(0.,0.,-1.));
#6735=DIRECTION('',(0.,0.,1.));
#6736=DIRECTION('',(1.,0.,0.));
#6737=CARTESIAN_POINT('',(0.,0.,0.));
#6738=CARTESIAN_POINT('',(0.,0.,0.));
#6739=CARTESIAN_POINT('Origin',(-9.45,11.95,5.25));
#6740=CARTESIAN_POINT('',(-9.45,11.45,4.4));
#6741=CARTESIAN_POINT('',(-9.45,11.95,5.25));
#6742=CARTESIAN_POINT('',(-9.45,11.9233290488432,5.20465938303342));
#6743=CARTESIAN_POINT('',(-14.35,11.45,4.4));
#6744=CARTESIAN_POINT('',(-15.5,11.45,4.39999999999998));
#6745=CARTESIAN_POINT('',(-14.35,11.95,5.25));
#6746=CARTESIAN_POINT('',(-14.35,11.9233290488432,5.20465938303342));
#6747=CARTESIAN_POINT('',(-9.45,11.95,5.25));
#6748=CARTESIAN_POINT('Origin',(-9.45,11.95,6.15));
#6749=CARTESIAN_POINT('',(-9.45,11.95,6.15));
#6750=CARTESIAN_POINT('',(-9.45,11.95,5.7125));
#6751=CARTESIAN_POINT('',(-14.35,11.95,6.15));
#6752=CARTESIAN_POINT('',(-14.35,11.95,5.7125));
#6753=CARTESIAN_POINT('',(-9.45,11.95,6.15));
#6754=CARTESIAN_POINT('Origin',(-9.45,11.45,6.15));
#6755=CARTESIAN_POINT('',(-9.45,11.45,6.15));
#6756=CARTESIAN_POINT('',(-9.45,11.575,6.15));
#6757=CARTESIAN_POINT('',(-14.35,11.45,6.15));
#6758=CARTESIAN_POINT('',(-14.35,11.575,6.15));
#6759=CARTESIAN_POINT('',(-15.5,11.45,6.15));
#6760=CARTESIAN_POINT('Origin',(-14.35,11.7,5.275));
#6761=CARTESIAN_POINT('',(-14.35,11.45,6.5875));
#6762=CARTESIAN_POINT('Origin',(-9.45,11.7,5.275));
#6763=CARTESIAN_POINT('',(-9.45000000000001,11.45,6.5875));
#6764=CARTESIAN_POINT('Origin',(0.,-2.22044604925031E-15,3.4));
#6765=CARTESIAN_POINT('',(23.05,-9.95,3.4));
#6766=CARTESIAN_POINT('',(21.55,-11.45,3.4));
#6767=CARTESIAN_POINT('Origin',(21.55,-9.95000000000001,3.4));
#6768=CARTESIAN_POINT('',(-21.55,-11.45,3.4));
#6769=CARTESIAN_POINT('',(21.55,-11.45,3.4));
#6770=CARTESIAN_POINT('',(-23.05,-9.95,3.4));
#6771=CARTESIAN_POINT('Origin',(-21.55,-9.95,3.4));
#6772=CARTESIAN_POINT('',(-23.05,9.95,3.4));
#6773=CARTESIAN_POINT('',(-23.05,-9.95,3.4));
#6774=CARTESIAN_POINT('',(-21.55,11.45,3.4));
#6775=CARTESIAN_POINT('Origin',(-21.55,9.95,3.4));
#6776=CARTESIAN_POINT('',(21.55,11.45,3.4));
#6777=CARTESIAN_POINT('',(-21.55,11.45,3.4));
#6778=CARTESIAN_POINT('',(23.05,9.95,3.4));
#6779=CARTESIAN_POINT('Origin',(21.55,9.95,3.4));
#6780=CARTESIAN_POINT('',(23.05,9.95,3.4));
#6781=CARTESIAN_POINT('',(21.05,9.45,3.4));
#6782=CARTESIAN_POINT('',(-21.05,9.45,3.4));
#6783=CARTESIAN_POINT('',(10.525,9.45,3.4));
#6784=CARTESIAN_POINT('',(-21.05,-9.45,3.4));
#6785=CARTESIAN_POINT('',(-21.05,4.725,3.4));
#6786=CARTESIAN_POINT('',(21.05,-9.45,3.4));
#6787=CARTESIAN_POINT('',(-10.525,-9.45,3.4));
#6788=CARTESIAN_POINT('',(21.05,-4.725,3.4));
#6789=CARTESIAN_POINT('Origin',(21.05,9.45,3.4));
#6790=CARTESIAN_POINT('',(21.05,9.45,5.9));
#6791=CARTESIAN_POINT('',(21.05,9.45,3.4));
#6792=CARTESIAN_POINT('',(-21.05,9.45,5.9));
#6793=CARTESIAN_POINT('',(-21.05,9.45,5.9));
#6794=CARTESIAN_POINT('',(-21.05,9.45,3.4));
#6795=CARTESIAN_POINT('Origin',(-16.6,6.375,5.9));
#6796=CARTESIAN_POINT('',(16.6,6.375,5.9));
#6797=CARTESIAN_POINT('',(-16.6,6.375,5.9));
#6798=CARTESIAN_POINT('',(-8.3,6.375,5.9));
#6799=CARTESIAN_POINT('',(16.6,6.375,3.4));
#6800=CARTESIAN_POINT('',(16.6,6.375,5.9));
#6801=CARTESIAN_POINT('',(-16.6,6.375,3.4));
#6802=CARTESIAN_POINT('',(-8.3,6.375,3.4));
#6803=CARTESIAN_POINT('',(-16.6,6.375,5.9));
#6804=CARTESIAN_POINT('Origin',(2.22044604925031E-15,-0.0500000000000006,
3.4));
#6805=CARTESIAN_POINT('',(16.6,2.125,3.4));
#6806=CARTESIAN_POINT('',(16.6,3.1625,3.4));
#6807=CARTESIAN_POINT('',(-16.6,2.125,3.4));
#6808=CARTESIAN_POINT('',(8.3,2.125,3.4));
#6809=CARTESIAN_POINT('',(-16.6,1.0375,3.4));
#6810=CARTESIAN_POINT('Origin',(-4.44089209850063E-15,-4.44089209850063E-15,
5.9));
#6811=CARTESIAN_POINT('',(21.05,-9.45,5.9));
#6812=CARTESIAN_POINT('',(21.05,9.45,5.9));
#6813=CARTESIAN_POINT('',(-21.05,-9.45,5.9));
#6814=CARTESIAN_POINT('',(21.05,-9.45,5.9));
#6815=CARTESIAN_POINT('',(-21.05,-9.45,5.9));
#6816=CARTESIAN_POINT('',(-16.6,2.125,5.9));
#6817=CARTESIAN_POINT('',(-16.6,1.0375,5.9));
#6818=CARTESIAN_POINT('',(16.6,2.125,5.9));
#6819=CARTESIAN_POINT('',(8.3,2.125,5.9));
#6820=CARTESIAN_POINT('',(16.6,3.16249999999999,5.9));
#6821=CARTESIAN_POINT('',(-19.5000000000002,7.50000000000001,5.9));
#6822=CARTESIAN_POINT('Origin',(-18.5000000000002,7.50000000000001,5.9));
#6823=CARTESIAN_POINT('',(17.4999999999998,7.50000000000001,5.9));
#6824=CARTESIAN_POINT('Origin',(18.4999999999998,7.50000000000001,5.9));
#6825=CARTESIAN_POINT('',(-19.5000000000002,-7.49999999999999,5.9));
#6826=CARTESIAN_POINT('Origin',(-18.5000000000002,-7.49999999999999,5.9));
#6827=CARTESIAN_POINT('',(17.4999999999998,-7.49999999999999,5.9));
#6828=CARTESIAN_POINT('Origin',(18.4999999999998,-7.49999999999999,5.9));
#6829=CARTESIAN_POINT('',(16.6,-2.125,5.9));
#6830=CARTESIAN_POINT('',(-16.6,-2.125,5.9));
#6831=CARTESIAN_POINT('',(-8.3,-2.125,5.9));
#6832=CARTESIAN_POINT('',(-16.6,-6.375,5.9));
#6833=CARTESIAN_POINT('',(-16.6,-3.1625,5.9));
#6834=CARTESIAN_POINT('',(16.6,-6.375,5.9));
#6835=CARTESIAN_POINT('',(8.3,-6.375,5.9));
#6836=CARTESIAN_POINT('',(16.6,-1.0375,5.9));
#6837=CARTESIAN_POINT('Origin',(16.6,2.125,5.9));
#6838=CARTESIAN_POINT('',(16.6,2.125,5.9));
#6839=CARTESIAN_POINT('',(-16.6,2.125,5.9));
#6840=CARTESIAN_POINT('Origin',(9.45,11.95,5.25));
#6841=CARTESIAN_POINT('',(9.45,11.45,4.4));
#6842=CARTESIAN_POINT('',(9.45,11.95,5.25));
#6843=CARTESIAN_POINT('',(9.45,11.9233290488432,5.20465938303342));
#6844=CARTESIAN_POINT('',(14.35,11.95,5.25));
#6845=CARTESIAN_POINT('',(9.45,11.95,5.25));
#6846=CARTESIAN_POINT('',(14.35,11.45,4.4));
#6847=CARTESIAN_POINT('',(14.35,11.9233290488432,5.20465938303342));
#6848=CARTESIAN_POINT('',(-6.05,11.45,4.39999999999998));
#6849=CARTESIAN_POINT('Origin',(9.45,11.95,6.15));
#6850=CARTESIAN_POINT('',(9.45,11.95,6.15));
#6851=CARTESIAN_POINT('',(9.45,11.95,5.7125));
#6852=CARTESIAN_POINT('',(14.35,11.95,6.15));
#6853=CARTESIAN_POINT('',(9.45,11.95,6.15));
#6854=CARTESIAN_POINT('',(14.35,11.95,5.7125));
#6855=CARTESIAN_POINT('Origin',(9.45,11.45,6.15));
#6856=CARTESIAN_POINT('',(9.45,11.45,6.15));
#6857=CARTESIAN_POINT('',(9.45,11.575,6.15));
#6858=CARTESIAN_POINT('',(14.35,11.45,6.15));
#6859=CARTESIAN_POINT('',(-6.05,11.45,6.15));
#6860=CARTESIAN_POINT('',(14.35,11.575,6.15));
#6861=CARTESIAN_POINT('Origin',(14.35,11.7,5.275));
#6862=CARTESIAN_POINT('',(14.35,11.45,6.5875));
#6863=CARTESIAN_POINT('Origin',(9.45,11.7,5.275));
#6864=CARTESIAN_POINT('',(9.45000000000001,11.45,6.5875));
#6865=CARTESIAN_POINT('Origin',(-9.45,-11.95,5.25));
#6866=CARTESIAN_POINT('',(-9.45,-11.45,4.4));
#6867=CARTESIAN_POINT('',(-9.45,-11.95,5.25));
#6868=CARTESIAN_POINT('',(-9.45,-11.9233290488432,5.20465938303342));
#6869=CARTESIAN_POINT('',(-14.35,-11.95,5.25));
#6870=CARTESIAN_POINT('',(-9.45,-11.95,5.25));
#6871=CARTESIAN_POINT('',(-14.35,-11.45,4.4));
#6872=CARTESIAN_POINT('',(-14.35,-11.9233290488432,5.20465938303342));
#6873=CARTESIAN_POINT('',(6.05,-11.45,4.39999999999999));
#6874=CARTESIAN_POINT('Origin',(-9.45,-11.95,6.15));
#6875=CARTESIAN_POINT('',(-9.45,-11.95,6.15));
#6876=CARTESIAN_POINT('',(-9.45,-11.95,5.7125));
#6877=CARTESIAN_POINT('',(-14.35,-11.95,6.15));
#6878=CARTESIAN_POINT('',(-9.45,-11.95,6.15));
#6879=CARTESIAN_POINT('',(-14.35,-11.95,5.7125));
#6880=CARTESIAN_POINT('Origin',(-9.45,-11.45,6.15));
#6881=CARTESIAN_POINT('',(-9.45,-11.45,6.15));
#6882=CARTESIAN_POINT('',(-9.45,-11.575,6.15));
#6883=CARTESIAN_POINT('',(-14.35,-11.45,6.15));
#6884=CARTESIAN_POINT('',(6.05,-11.45,6.15));
#6885=CARTESIAN_POINT('',(-14.35,-11.575,6.15));
#6886=CARTESIAN_POINT('Origin',(-14.35,-11.7,5.275));
#6887=CARTESIAN_POINT('',(-14.35,-11.45,6.5875));
#6888=CARTESIAN_POINT('Origin',(-9.45,-11.7,5.275));
#6889=CARTESIAN_POINT('',(-9.45,-11.45,6.5875));
#6890=CARTESIAN_POINT('Origin',(9.45,-11.95,5.25));
#6891=CARTESIAN_POINT('',(9.45,-11.45,4.4));
#6892=CARTESIAN_POINT('',(9.45,-11.95,5.25));
#6893=CARTESIAN_POINT('',(9.45,-11.9233290488432,5.20465938303342));
#6894=CARTESIAN_POINT('',(14.35,-11.45,4.4));
#6895=CARTESIAN_POINT('',(15.5,-11.45,4.39999999999999));
#6896=CARTESIAN_POINT('',(14.35,-11.95,5.25));
#6897=CARTESIAN_POINT('',(14.35,-11.9233290488432,5.20465938303342));
#6898=CARTESIAN_POINT('',(9.45,-11.95,5.25));
#6899=CARTESIAN_POINT('Origin',(9.45,-11.95,6.15));
#6900=CARTESIAN_POINT('',(9.45,-11.95,6.15));
#6901=CARTESIAN_POINT('',(9.45,-11.95,5.7125));
#6902=CARTESIAN_POINT('',(14.35,-11.95,6.15));
#6903=CARTESIAN_POINT('',(14.35,-11.95,5.7125));
#6904=CARTESIAN_POINT('',(9.45,-11.95,6.15));
#6905=CARTESIAN_POINT('Origin',(9.45,-11.45,6.15));
#6906=CARTESIAN_POINT('',(9.45,-11.45,6.15));
#6907=CARTESIAN_POINT('',(9.45,-11.575,6.15));
#6908=CARTESIAN_POINT('',(14.35,-11.45,6.15));
#6909=CARTESIAN_POINT('',(14.35,-11.575,6.15));
#6910=CARTESIAN_POINT('',(15.5,-11.45,6.15));
#6911=CARTESIAN_POINT('Origin',(14.35,-11.7,5.275));
#6912=CARTESIAN_POINT('',(14.35,-11.45,6.5875));
#6913=CARTESIAN_POINT('Origin',(9.45,-11.7,5.275));
#6914=CARTESIAN_POINT('',(9.45,-11.45,6.5875));
#6915=CARTESIAN_POINT('Origin',(-18.5000000000002,7.50000000000001,5.9));
#6916=CARTESIAN_POINT('',(-19.5000000000002,7.50000000000001,2.8));
#6917=CARTESIAN_POINT('Origin',(-18.5000000000002,7.50000000000001,2.8));
#6918=CARTESIAN_POINT('',(-19.5000000000002,7.50000000000001,5.9));
#6919=CARTESIAN_POINT('Origin',(-18.5000000000002,7.50000000000001,2.8));
#6920=CARTESIAN_POINT('Origin',(18.4999999999998,7.50000000000001,5.9));
#6921=CARTESIAN_POINT('',(17.4999999999998,7.50000000000001,2.8));
#6922=CARTESIAN_POINT('Origin',(18.4999999999998,7.50000000000001,2.8));
#6923=CARTESIAN_POINT('',(17.4999999999998,7.50000000000001,5.9));
#6924=CARTESIAN_POINT('Origin',(18.4999999999998,7.50000000000001,2.8));
#6925=CARTESIAN_POINT('Origin',(-18.5000000000002,-7.49999999999999,5.9));
#6926=CARTESIAN_POINT('',(-19.5000000000002,-7.49999999999999,2.8));
#6927=CARTESIAN_POINT('Origin',(-18.5000000000002,-7.49999999999999,2.8));
#6928=CARTESIAN_POINT('',(-19.5000000000002,-7.49999999999999,5.9));
#6929=CARTESIAN_POINT('Origin',(-18.5000000000002,-7.49999999999999,2.8));
#6930=CARTESIAN_POINT('Origin',(18.4999999999998,-7.49999999999999,5.9));
#6931=CARTESIAN_POINT('',(17.4999999999998,-7.49999999999999,2.8));
#6932=CARTESIAN_POINT('Origin',(18.4999999999998,-7.49999999999999,2.8));
#6933=CARTESIAN_POINT('',(17.4999999999998,-7.49999999999999,5.9));
#6934=CARTESIAN_POINT('Origin',(18.4999999999998,-7.49999999999999,2.8));
#6935=CARTESIAN_POINT('Origin',(-16.6,-2.125,5.9));
#6936=CARTESIAN_POINT('',(16.6,-2.125,3.4));
#6937=CARTESIAN_POINT('',(-16.6,-2.125,3.4));
#6938=CARTESIAN_POINT('',(-8.3,-2.125,3.4));
#6939=CARTESIAN_POINT('',(-16.6,-2.125,5.9));
#6940=CARTESIAN_POINT('',(16.6,-2.125,5.9));
#6941=CARTESIAN_POINT('Origin',(-16.6,-6.375,5.9));
#6942=CARTESIAN_POINT('',(-16.6,-6.375,3.4));
#6943=CARTESIAN_POINT('',(-16.6,-3.1625,3.4));
#6944=CARTESIAN_POINT('',(-16.6,-6.375,5.9));
#6945=CARTESIAN_POINT('Origin',(16.6,-6.375,5.9));
#6946=CARTESIAN_POINT('',(16.6,-6.375,3.4));
#6947=CARTESIAN_POINT('',(8.3,-6.375,3.4));
#6948=CARTESIAN_POINT('',(16.6,-6.375,5.9));
#6949=CARTESIAN_POINT('Origin',(16.6,-2.125,5.9));
#6950=CARTESIAN_POINT('',(16.6,-1.0375,3.4));
#6951=CARTESIAN_POINT('Origin',(2.22044604925031E-15,0.0499999999999995,
3.4));
#6952=CARTESIAN_POINT('Origin',(-16.6,2.125,5.9));
#6953=CARTESIAN_POINT('Origin',(16.6,6.375,5.9));
#6954=CARTESIAN_POINT('Origin',(21.05,-9.45,3.4));
#6955=CARTESIAN_POINT('',(21.05,-9.45,3.4));
#6956=CARTESIAN_POINT('Origin',(-21.05,-9.45,3.4));
#6957=CARTESIAN_POINT('',(-21.05,-9.45,3.4));
#6958=CARTESIAN_POINT('Origin',(-21.05,9.45,3.4));
#6959=CARTESIAN_POINT('Origin',(0.,-2.22044604925031E-15,7.9));
#6960=CARTESIAN_POINT('',(-3.8,9.30500000000001,7.9));
#6961=CARTESIAN_POINT('',(3.8,9.30500000000001,7.9));
#6962=CARTESIAN_POINT('',(1.9,9.30500000000001,7.9));
#6963=CARTESIAN_POINT('',(-3.8,7.05499999999999,7.9));
#6964=CARTESIAN_POINT('',(-3.8,3.97749999999998,7.9));
#6965=CARTESIAN_POINT('',(-14.7885631774071,7.055,7.9));
#6966=CARTESIAN_POINT('',(-1.89999999999998,7.05499999999999,7.9));
#6967=CARTESIAN_POINT('',(-15.851081586325,6.23970094961279,7.9));
#6968=CARTESIAN_POINT('Origin',(-14.7885631774071,5.95500000000009,7.9));
#6969=CARTESIAN_POINT('',(-18.5364071483515,-3.78207048273341,7.9));
#6970=CARTESIAN_POINT('',(-16.1001336412497,5.31022602690463,7.9));
#6971=CARTESIAN_POINT('',(-16.025,-7.05499999999998,7.9));
#6972=CARTESIAN_POINT('Origin',(-16.025,-4.455,7.9));
#6973=CARTESIAN_POINT('',(16.025,-7.05500000000002,7.9));
#6974=CARTESIAN_POINT('',(-8.01249999999999,-7.05499999999999,7.9));
#6975=CARTESIAN_POINT('',(18.5364071483516,-3.78207048273342,7.9));
#6976=CARTESIAN_POINT('Origin',(16.025,-4.455,7.9));
#6977=CARTESIAN_POINT('',(15.851081586325,6.23970094961277,7.9));
#6978=CARTESIAN_POINT('',(17.4427964222629,0.299340310731566,7.9));
#6979=CARTESIAN_POINT('',(14.7885631774071,7.05499999999997,7.9));
#6980=CARTESIAN_POINT('Origin',(14.7885631774071,5.95500000000008,7.9));
#6981=CARTESIAN_POINT('',(3.8,7.05499999999998,7.9));
#6982=CARTESIAN_POINT('',(7.39428158870357,7.05499999999998,7.9));
#6983=CARTESIAN_POINT('',(3.8,4.72749999999999,7.9));
#6984=CARTESIAN_POINT('',(13.2,-0.8,7.9));
#6985=CARTESIAN_POINT('',(13.2,0.8,7.9));
#6986=CARTESIAN_POINT('Origin',(13.2,1.92150485395235E-17,7.9));
#6987=CARTESIAN_POINT('',(-13.2,-0.8,7.9));
#6988=CARTESIAN_POINT('',(-6.6,-0.8,7.9));
#6989=CARTESIAN_POINT('',(-13.2,0.8,7.9));
#6990=CARTESIAN_POINT('Origin',(-13.2,-1.54740961361845E-16,7.9));
#6991=CARTESIAN_POINT('',(-6.6,0.8,7.9));
#6992=CARTESIAN_POINT('Origin',(0.,-2.22044604925031E-15,7.9));
#6993=CARTESIAN_POINT('',(23.05,-9.95,7.9));
#6994=CARTESIAN_POINT('',(21.55,-11.45,7.9));
#6995=CARTESIAN_POINT('Origin',(21.55,-9.95000000000001,7.9));
#6996=CARTESIAN_POINT('',(23.05,9.95,7.9));
#6997=CARTESIAN_POINT('',(23.05,9.95,7.9));
#6998=CARTESIAN_POINT('',(21.55,11.45,7.9));
#6999=CARTESIAN_POINT('Origin',(21.55,9.95,7.9));
#7000=CARTESIAN_POINT('',(-21.55,11.45,7.9));
#7001=CARTESIAN_POINT('',(-21.55,11.45,7.9));
#7002=CARTESIAN_POINT('',(-23.05,9.95,7.9));
#7003=CARTESIAN_POINT('Origin',(-21.55,9.95,7.9));
#7004=CARTESIAN_POINT('',(-23.05,-9.95,7.9));
#7005=CARTESIAN_POINT('',(-23.05,-9.95,7.9));
#7006=CARTESIAN_POINT('',(-21.55,-11.45,7.9));
#7007=CARTESIAN_POINT('Origin',(-21.55,-9.95,7.9));
#7008=CARTESIAN_POINT('',(21.55,-11.45,7.9));
#7009=CARTESIAN_POINT('',(-20.1301847617285,-3.35501905831427,7.9));
#7010=CARTESIAN_POINT('',(-16.025,-8.70499999999999,7.9));
#7011=CARTESIAN_POINT('Origin',(-16.025,-4.455,7.9));
#7012=CARTESIAN_POINT('',(-17.444859199702,6.66675237403195,7.9));
#7013=CARTESIAN_POINT('',(-17.6001612546266,6.08715721453336,7.9));
#7014=CARTESIAN_POINT('',(-14.7885631774071,8.705,7.9));
#7015=CARTESIAN_POINT('Origin',(-14.7885631774071,5.95500000000009,7.9));
#7016=CARTESIAN_POINT('',(-4.6,8.70500000000001,7.9));
#7017=CARTESIAN_POINT('',(7.39428158870358,8.70500000000001,7.9));
#7018=CARTESIAN_POINT('',(-4.6,10.705,7.9));
#7019=CARTESIAN_POINT('',(-4.6,9.205,7.9));
#7020=CARTESIAN_POINT('',(4.6,10.705,7.9));
#7021=CARTESIAN_POINT('',(-2.3,10.705,7.9));
#7022=CARTESIAN_POINT('',(4.6,8.70500000000001,7.9));
#7023=CARTESIAN_POINT('',(4.6,10.205,7.9));
#7024=CARTESIAN_POINT('',(14.7885631774071,8.70500000000001,7.9));
#7025=CARTESIAN_POINT('',(7.39428158870358,8.70500000000001,7.9));
#7026=CARTESIAN_POINT('',(17.444859199702,6.66675237403195,7.9));
#7027=CARTESIAN_POINT('Origin',(14.7885631774071,5.95500000000008,7.9));
#7028=CARTESIAN_POINT('',(20.1301847617286,-3.35501905831426,7.9));
#7029=CARTESIAN_POINT('',(18.9428240356399,1.07627149836026,7.9));
#7030=CARTESIAN_POINT('',(16.025,-8.70500000000004,7.9));
#7031=CARTESIAN_POINT('Origin',(16.025,-4.455,7.9));
#7032=CARTESIAN_POINT('',(-8.0125,-8.70500000000001,7.9));
#7033=CARTESIAN_POINT('Origin',(23.05,9.95,7.9));
#7034=CARTESIAN_POINT('',(23.05,-9.95,7.9));
#7035=CARTESIAN_POINT('',(23.05,9.95,7.9));
#7036=CARTESIAN_POINT('Origin',(21.55,9.95,7.9));
#7037=CARTESIAN_POINT('',(21.55,11.45,7.9));
#7038=CARTESIAN_POINT('Origin',(-21.55,11.45,7.9));
#7039=CARTESIAN_POINT('',(-21.55,11.45,7.9));
#7040=CARTESIAN_POINT('Origin',(-21.55,9.95,7.9));
#7041=CARTESIAN_POINT('',(-23.05,9.95,7.9));
#7042=CARTESIAN_POINT('Origin',(-23.05,-9.95,7.9));
#7043=CARTESIAN_POINT('',(-23.05,-9.95,7.9));
#7044=CARTESIAN_POINT('Origin',(-21.55,-9.95,7.9));
#7045=CARTESIAN_POINT('',(-21.55,-11.45,7.9));
#7046=CARTESIAN_POINT('Origin',(21.55,-11.45,7.9));
#7047=CARTESIAN_POINT('',(21.55,-11.45,7.9));
#7048=CARTESIAN_POINT('Origin',(21.55,-9.95000000000001,7.9));
#7049=CARTESIAN_POINT('Origin',(-13.2,-1.54740961361845E-16,17.));
#7050=CARTESIAN_POINT('',(-13.2,-0.8,16.2));
#7051=CARTESIAN_POINT('',(-13.2,-0.8,17.));
#7052=CARTESIAN_POINT('',(-13.2,0.8,16.2));
#7053=CARTESIAN_POINT('Origin',(-13.2,-1.54740961361845E-16,16.2));
#7054=CARTESIAN_POINT('',(-13.2,0.8,17.));
#7055=CARTESIAN_POINT('Origin',(-13.2,-0.8,17.));
#7056=CARTESIAN_POINT('',(13.2,-0.8,16.2));
#7057=CARTESIAN_POINT('',(13.2,-0.8,17.));
#7058=CARTESIAN_POINT('',(-13.2,-0.8,16.2));
#7059=CARTESIAN_POINT('Origin',(13.2,1.92150485395235E-17,17.));
#7060=CARTESIAN_POINT('',(13.2,0.8,16.2));
#7061=CARTESIAN_POINT('',(13.2,0.8,17.));
#7062=CARTESIAN_POINT('Origin',(13.2,1.92150485395235E-17,16.2));
#7063=CARTESIAN_POINT('Origin',(-13.2,0.8,17.));
#7064=CARTESIAN_POINT('',(13.2,0.8,16.2));
#7065=CARTESIAN_POINT('Origin',(13.2,1.92150485395235E-17,16.2));
#7066=CARTESIAN_POINT('Origin',(13.2,0.,16.2));
#7067=CARTESIAN_POINT('Origin',(-13.2,-1.0842021724855E-16,16.2));
#7068=CARTESIAN_POINT('Origin',(-13.2,-1.0842021724855E-16,16.2));
#7069=CARTESIAN_POINT('Origin',(-13.2,-1.54740961361845E-16,16.2));
#7070=CARTESIAN_POINT('Origin',(14.7885631774071,7.05499999999997,19.9));
#7071=CARTESIAN_POINT('',(14.7885631774071,7.05499999999997,19.9));
#7072=CARTESIAN_POINT('',(14.7885631774071,7.05499999999997,19.9));
#7073=CARTESIAN_POINT('',(3.8,7.05499999999998,19.9));
#7074=CARTESIAN_POINT('',(-14.7885631774071,7.055,19.9));
#7075=CARTESIAN_POINT('',(3.8,7.05499999999998,19.9));
#7076=CARTESIAN_POINT('Origin',(14.7885631774071,5.95500000000008,19.9));
#7077=CARTESIAN_POINT('',(15.851081586325,6.23970094961277,19.9));
#7078=CARTESIAN_POINT('',(15.851081586325,6.23970094961277,19.9));
#7079=CARTESIAN_POINT('Origin',(14.7885631774071,5.95500000000008,19.9));
#7080=CARTESIAN_POINT('Origin',(18.5364071483516,-3.78207048273342,19.9));
#7081=CARTESIAN_POINT('',(18.5364071483516,-3.78207048273342,19.9));
#7082=CARTESIAN_POINT('',(18.5364071483516,-3.78207048273342,19.9));
#7083=CARTESIAN_POINT('',(15.851081586325,6.23970094961277,19.9));
#7084=CARTESIAN_POINT('Origin',(16.025,-4.455,19.9));
#7085=CARTESIAN_POINT('',(16.025,-7.05500000000002,19.9));
#7086=CARTESIAN_POINT('',(16.025,-7.05500000000002,19.9));
#7087=CARTESIAN_POINT('Origin',(16.025,-4.455,19.9));
#7088=CARTESIAN_POINT('Origin',(-16.025,-7.05499999999998,19.9));
#7089=CARTESIAN_POINT('',(-16.025,-7.05499999999998,19.9));
#7090=CARTESIAN_POINT('',(-16.025,-7.05499999999998,19.9));
#7091=CARTESIAN_POINT('',(16.025,-7.05500000000002,19.9));
#7092=CARTESIAN_POINT('Origin',(-16.025,-4.455,19.9));
#7093=CARTESIAN_POINT('',(-18.5364071483515,-3.78207048273341,19.9));
#7094=CARTESIAN_POINT('',(-18.5364071483515,-3.78207048273341,19.9));
#7095=CARTESIAN_POINT('Origin',(-16.025,-4.455,19.9));
#7096=CARTESIAN_POINT('Origin',(-15.851081586325,6.23970094961279,19.9));
#7097=CARTESIAN_POINT('',(-15.851081586325,6.23970094961279,19.9));
#7098=CARTESIAN_POINT('',(-15.851081586325,6.23970094961279,19.9));
#7099=CARTESIAN_POINT('',(-18.5364071483515,-3.78207048273341,19.9));
#7100=CARTESIAN_POINT('Origin',(-14.7885631774071,5.95500000000009,19.9));
#7101=CARTESIAN_POINT('',(-14.7885631774071,7.055,19.9));
#7102=CARTESIAN_POINT('',(-14.7885631774071,7.055,19.9));
#7103=CARTESIAN_POINT('Origin',(-14.7885631774071,5.95500000000009,19.9));
#7104=CARTESIAN_POINT('Origin',(-3.8,7.05499999999999,19.9));
#7105=CARTESIAN_POINT('',(-3.8,7.05499999999999,19.9));
#7106=CARTESIAN_POINT('',(-3.8,7.05499999999999,19.9));
#7107=CARTESIAN_POINT('',(-14.7885631774071,7.055,19.9));
#7108=CARTESIAN_POINT('Origin',(-4.6,10.705,19.9));
#7109=CARTESIAN_POINT('',(-4.6,10.705,19.9));
#7110=CARTESIAN_POINT('',(-4.6,10.705,19.9));
#7111=CARTESIAN_POINT('',(4.6,10.705,19.9));
#7112=CARTESIAN_POINT('',(-4.6,10.705,19.9));
#7113=CARTESIAN_POINT('',(4.6,10.705,19.9));
#7114=CARTESIAN_POINT('Origin',(-4.6,8.70500000000001,19.9));
#7115=CARTESIAN_POINT('',(-4.6,8.70500000000001,19.9));
#7116=CARTESIAN_POINT('',(-4.6,8.705,19.9));
#7117=CARTESIAN_POINT('',(-4.6,8.70500000000001,19.9));
#7118=CARTESIAN_POINT('Origin',(3.8,9.30500000000001,19.9));
#7119=CARTESIAN_POINT('',(3.8,9.30500000000001,19.9));
#7120=CARTESIAN_POINT('',(3.8,9.30500000000001,19.9));
#7121=CARTESIAN_POINT('',(-3.8,9.30500000000001,19.9));
#7122=CARTESIAN_POINT('',(-3.8,9.30500000000001,19.9));
#7123=CARTESIAN_POINT('',(-3.8,9.30500000000001,19.9));
#7124=CARTESIAN_POINT('Origin',(4.6,10.705,19.9));
#7125=CARTESIAN_POINT('',(4.6,8.70500000000001,19.9));
#7126=CARTESIAN_POINT('',(4.6,10.705,19.9));
#7127=CARTESIAN_POINT('',(4.6,8.705,19.9));
#7128=CARTESIAN_POINT('Origin',(-3.8,7.20499999999999,19.9));
#7129=CARTESIAN_POINT('',(-3.8,8.70500000000001,19.9));
#7130=CARTESIAN_POINT('Origin',(3.8,8.70500000000001,19.9));
#7131=CARTESIAN_POINT('',(3.8,7.33000000000004,19.9));
#7132=CARTESIAN_POINT('Origin',(-14.7885631774071,5.95500000000009,19.9));
#7133=CARTESIAN_POINT('',(-14.7885631774071,8.705,19.9));
#7134=CARTESIAN_POINT('',(14.7885631774071,8.70500000000001,19.9));
#7135=CARTESIAN_POINT('',(-17.444859199702,6.66675237403195,19.9));
#7136=CARTESIAN_POINT('Origin',(-14.7885631774071,5.95500000000009,19.9));
#7137=CARTESIAN_POINT('',(-20.1301847617285,-3.35501905831427,19.9));
#7138=CARTESIAN_POINT('',(-17.444859199702,6.66675237403195,19.9));
#7139=CARTESIAN_POINT('',(-16.025,-8.70499999999999,19.9));
#7140=CARTESIAN_POINT('Origin',(-16.025,-4.455,19.9));
#7141=CARTESIAN_POINT('',(16.025,-8.70500000000004,19.9));
#7142=CARTESIAN_POINT('',(-16.025,-8.70499999999999,19.9));
#7143=CARTESIAN_POINT('',(20.1301847617286,-3.35501905831426,19.9));
#7144=CARTESIAN_POINT('Origin',(16.025,-4.455,19.9));
#7145=CARTESIAN_POINT('',(17.444859199702,6.66675237403195,19.9));
#7146=CARTESIAN_POINT('',(20.1301847617286,-3.35501905831427,19.9));
#7147=CARTESIAN_POINT('',(14.7885631774071,8.70500000000001,19.9));
#7148=CARTESIAN_POINT('Origin',(14.7885631774071,5.95500000000008,19.9));
#7149=CARTESIAN_POINT('',(14.7885631774071,8.70500000000001,19.9));
#7150=CARTESIAN_POINT('Origin',(14.7885631774071,8.70500000000001,19.9));
#7151=CARTESIAN_POINT('',(-14.7885631774071,8.705,19.9));
#7152=CARTESIAN_POINT('Origin',(14.7885631774071,8.70500000000001,19.9));
#7153=CARTESIAN_POINT('',(14.7885631774071,8.70500000000001,19.9));
#7154=CARTESIAN_POINT('Origin',(16.025,-4.455,19.9));
#7155=CARTESIAN_POINT('',(20.1301847617286,-3.35501905831426,19.9));
#7156=CARTESIAN_POINT('',(16.025,-8.70500000000004,19.9));
#7157=CARTESIAN_POINT('Origin',(20.1301847617286,-3.35501905831427,19.9));
#7158=CARTESIAN_POINT('',(17.444859199702,6.66675237403195,19.9));
#7159=CARTESIAN_POINT('Origin',(14.7885631774071,5.95500000000008,19.9));
#7160=CARTESIAN_POINT('Origin',(-16.025,-4.455,19.9));
#7161=CARTESIAN_POINT('',(-16.025,-8.70499999999999,19.9));
#7162=CARTESIAN_POINT('',(-20.1301847617285,-3.35501905831427,19.9));
#7163=CARTESIAN_POINT('Origin',(-14.7885631774071,5.95500000000009,19.9));
#7164=CARTESIAN_POINT('',(-17.444859199702,6.66675237403195,19.9));
#7165=CARTESIAN_POINT('Origin',(-17.444859199702,6.66675237403195,19.9));
#7166=CARTESIAN_POINT('Origin',(-16.025,-8.70499999999999,19.9));
#7167=CARTESIAN_POINT('Origin',(5.825,-4.15,14.175));
#7168=CARTESIAN_POINT('',(5.825,-3.85,14.775));
#7169=CARTESIAN_POINT('',(5.225,-3.85,14.175));
#7170=CARTESIAN_POINT('Origin',(5.825,-3.85,14.175));
#7171=CARTESIAN_POINT('',(5.225,-4.65,14.175));
#7172=CARTESIAN_POINT('',(5.225,-4.15,14.175));
#7173=CARTESIAN_POINT('',(5.825,-4.65,14.775));
#7174=CARTESIAN_POINT('Origin',(5.825,-4.65,14.175));
#7175=CARTESIAN_POINT('',(5.825,-4.15,14.775));
#7176=CARTESIAN_POINT('Origin',(6.,-4.05,14.775));
#7177=CARTESIAN_POINT('',(6.175,-4.65,14.775));
#7178=CARTESIAN_POINT('',(6.,-4.65,14.775));
#7179=CARTESIAN_POINT('',(6.175,-3.85,14.775));
#7180=CARTESIAN_POINT('',(6.175,-4.15,14.775));
#7181=CARTESIAN_POINT('',(6.,-3.85,14.775));
#7182=CARTESIAN_POINT('Origin',(6.,-4.65,8.3375));
#7183=CARTESIAN_POINT('',(5.225,-4.65,1.9));
#7184=CARTESIAN_POINT('',(5.225,-4.65,1.9));
#7185=CARTESIAN_POINT('',(5.45,-4.65,1.9));
#7186=CARTESIAN_POINT('',(6.,-4.65,1.9));
#7187=CARTESIAN_POINT('',(5.45,-4.65,-1.1));
#7188=CARTESIAN_POINT('',(5.45,-4.65,1.9));
#7189=CARTESIAN_POINT('',(6.55,-4.65,-1.1));
#7190=CARTESIAN_POINT('',(6.,-4.65,-1.1));
#7191=CARTESIAN_POINT('',(6.55,-4.65,1.9));
#7192=CARTESIAN_POINT('',(6.55,-4.65,1.9));
#7193=CARTESIAN_POINT('',(6.775,-4.65,1.9));
#7194=CARTESIAN_POINT('',(6.,-4.65,1.9));
#7195=CARTESIAN_POINT('',(6.775,-4.65,14.175));
#7196=CARTESIAN_POINT('',(6.775,-4.65,1.9));
#7197=CARTESIAN_POINT('Origin',(6.175,-4.65,14.175));
#7198=CARTESIAN_POINT('Origin',(6.175,-4.15,14.175));
#7199=CARTESIAN_POINT('',(6.775,-3.85,14.175));
#7200=CARTESIAN_POINT('',(6.775,-4.15,14.175));
#7201=CARTESIAN_POINT('Origin',(6.175,-3.85,14.175));
#7202=CARTESIAN_POINT('Origin',(6.775,-4.25,1.9));
#7203=CARTESIAN_POINT('',(6.775,-3.85,1.9));
#7204=CARTESIAN_POINT('',(6.775,-4.25,1.9));
#7205=CARTESIAN_POINT('',(6.775,-3.85,1.9));
#7206=CARTESIAN_POINT('Origin',(6.55,-4.25,1.9));
#7207=CARTESIAN_POINT('',(6.55,-3.85,-1.1));
#7208=CARTESIAN_POINT('',(6.55,-4.25,-1.1));
#7209=CARTESIAN_POINT('',(6.55,-3.85,1.9));
#7210=CARTESIAN_POINT('',(6.55,-3.85,1.9));
#7211=CARTESIAN_POINT('',(6.55,-4.15,1.9));
#7212=CARTESIAN_POINT('Origin',(5.45,-4.25,1.9));
#7213=CARTESIAN_POINT('',(5.45,-3.85,1.9));
#7214=CARTESIAN_POINT('',(5.45,-4.15,1.9));
#7215=CARTESIAN_POINT('',(5.45,-3.85,-1.1));
#7216=CARTESIAN_POINT('',(5.45,-3.85,1.9));
#7217=CARTESIAN_POINT('',(5.45,-4.25,-1.1));
#7218=CARTESIAN_POINT('Origin',(6.,-4.05,-1.1));
#7219=CARTESIAN_POINT('',(6.,-3.85,-1.1));
#7220=CARTESIAN_POINT('Origin',(6.,-4.05,1.9));
#7221=CARTESIAN_POINT('',(6.,-3.85,1.9));
#7222=CARTESIAN_POINT('Origin',(6.,-4.05,1.9));
#7223=CARTESIAN_POINT('',(5.225,-3.85,1.9));
#7224=CARTESIAN_POINT('',(5.225,-4.25,1.9));
#7225=CARTESIAN_POINT('',(6.,-3.85,1.9));
#7226=CARTESIAN_POINT('Origin',(5.225,-4.25,1.9));
#7227=CARTESIAN_POINT('',(5.225,-3.85,1.9));
#7228=CARTESIAN_POINT('Origin',(6.,-3.85,8.3375));
#7229=CARTESIAN_POINT('Origin',(1.825,-4.15,15.075));
#7230=CARTESIAN_POINT('',(1.825,-3.85,15.675));
#7231=CARTESIAN_POINT('',(1.225,-3.85,15.075));
#7232=CARTESIAN_POINT('Origin',(1.825,-3.85,15.075));
#7233=CARTESIAN_POINT('',(1.225,-4.65,15.075));
#7234=CARTESIAN_POINT('',(1.225,-4.15,15.075));
#7235=CARTESIAN_POINT('',(1.825,-4.65,15.675));
#7236=CARTESIAN_POINT('Origin',(1.825,-4.65,15.075));
#7237=CARTESIAN_POINT('',(1.825,-4.15,15.675));
#7238=CARTESIAN_POINT('Origin',(2.,-4.05,15.675));
#7239=CARTESIAN_POINT('',(2.175,-4.65,15.675));
#7240=CARTESIAN_POINT('',(2.,-4.65,15.675));
#7241=CARTESIAN_POINT('',(2.175,-3.85,15.675));
#7242=CARTESIAN_POINT('',(2.175,-4.15,15.675));
#7243=CARTESIAN_POINT('',(2.,-3.85,15.675));
#7244=CARTESIAN_POINT('Origin',(2.,-4.65,9.2375));
#7245=CARTESIAN_POINT('',(1.225,-4.65,2.8));
#7246=CARTESIAN_POINT('',(1.225,-4.65,2.8));
#7247=CARTESIAN_POINT('',(1.45,-4.65,2.8));
#7248=CARTESIAN_POINT('',(2.,-4.65,2.8));
#7249=CARTESIAN_POINT('',(1.45,-4.65,-0.2));
#7250=CARTESIAN_POINT('',(1.45,-4.65,2.8));
#7251=CARTESIAN_POINT('',(2.55,-4.65,-0.2));
#7252=CARTESIAN_POINT('',(2.,-4.65,-0.2));
#7253=CARTESIAN_POINT('',(2.55,-4.65,2.8));
#7254=CARTESIAN_POINT('',(2.55,-4.65,2.8));
#7255=CARTESIAN_POINT('',(2.775,-4.65,2.8));
#7256=CARTESIAN_POINT('',(2.,-4.65,2.8));
#7257=CARTESIAN_POINT('',(2.775,-4.65,15.075));
#7258=CARTESIAN_POINT('',(2.775,-4.65,2.8));
#7259=CARTESIAN_POINT('Origin',(2.175,-4.65,15.075));
#7260=CARTESIAN_POINT('Origin',(2.175,-4.15,15.075));
#7261=CARTESIAN_POINT('',(2.775,-3.85,15.075));
#7262=CARTESIAN_POINT('',(2.775,-4.15,15.075));
#7263=CARTESIAN_POINT('Origin',(2.175,-3.85,15.075));
#7264=CARTESIAN_POINT('Origin',(2.775,-4.25,2.8));
#7265=CARTESIAN_POINT('',(2.775,-3.85,2.8));
#7266=CARTESIAN_POINT('',(2.775,-4.25,2.8));
#7267=CARTESIAN_POINT('',(2.775,-3.85,2.8));
#7268=CARTESIAN_POINT('Origin',(2.55,-4.25,2.8));
#7269=CARTESIAN_POINT('',(2.55,-3.85,-0.2));
#7270=CARTESIAN_POINT('',(2.55,-4.25,-0.2));
#7271=CARTESIAN_POINT('',(2.55,-3.85,2.8));
#7272=CARTESIAN_POINT('',(2.55,-3.85,2.8));
#7273=CARTESIAN_POINT('',(2.55,-4.15,2.8));
#7274=CARTESIAN_POINT('Origin',(1.45,-4.25,2.8));
#7275=CARTESIAN_POINT('',(1.45,-3.85,2.8));
#7276=CARTESIAN_POINT('',(1.45,-4.15,2.8));
#7277=CARTESIAN_POINT('',(1.45,-3.85,-0.2));
#7278=CARTESIAN_POINT('',(1.45,-3.85,2.8));
#7279=CARTESIAN_POINT('',(1.45,-4.25,-0.2));
#7280=CARTESIAN_POINT('Origin',(2.,-4.05,-0.2));
#7281=CARTESIAN_POINT('',(2.,-3.85,-0.2));
#7282=CARTESIAN_POINT('Origin',(2.,-4.05,2.8));
#7283=CARTESIAN_POINT('',(2.,-3.85,2.8));
#7284=CARTESIAN_POINT('Origin',(2.,-4.05,2.8));
#7285=CARTESIAN_POINT('',(1.225,-3.85,2.8));
#7286=CARTESIAN_POINT('',(1.225,-4.25,2.8));
#7287=CARTESIAN_POINT('',(2.,-3.85,2.8));
#7288=CARTESIAN_POINT('Origin',(1.225,-4.25,2.8));
#7289=CARTESIAN_POINT('',(1.225,-3.85,2.8));
#7290=CARTESIAN_POINT('Origin',(2.,-3.85,9.2375));
#7291=CARTESIAN_POINT('Origin',(-6.175,-4.15,14.175));
#7292=CARTESIAN_POINT('',(-6.175,-3.85,14.775));
#7293=CARTESIAN_POINT('',(-6.775,-3.85,14.175));
#7294=CARTESIAN_POINT('Origin',(-6.175,-3.85,14.175));
#7295=CARTESIAN_POINT('',(-6.775,-4.65,14.175));
#7296=CARTESIAN_POINT('',(-6.775,-4.15,14.175));
#7297=CARTESIAN_POINT('',(-6.175,-4.65,14.775));
#7298=CARTESIAN_POINT('Origin',(-6.175,-4.65,14.175));
#7299=CARTESIAN_POINT('',(-6.175,-4.15,14.775));
#7300=CARTESIAN_POINT('Origin',(-6.,-4.05,14.775));
#7301=CARTESIAN_POINT('',(-5.825,-4.65,14.775));
#7302=CARTESIAN_POINT('',(-6.,-4.65,14.775));
#7303=CARTESIAN_POINT('',(-5.825,-3.85,14.775));
#7304=CARTESIAN_POINT('',(-5.825,-4.15,14.775));
#7305=CARTESIAN_POINT('',(-6.,-3.85,14.775));
#7306=CARTESIAN_POINT('Origin',(-6.,-4.65,8.3375));
#7307=CARTESIAN_POINT('',(-6.775,-4.65,1.9));
#7308=CARTESIAN_POINT('',(-6.775,-4.65,1.9));
#7309=CARTESIAN_POINT('',(-6.55,-4.65,1.9));
#7310=CARTESIAN_POINT('',(-6.,-4.65,1.9));
#7311=CARTESIAN_POINT('',(-6.55,-4.65,-1.1));
#7312=CARTESIAN_POINT('',(-6.55,-4.65,1.9));
#7313=CARTESIAN_POINT('',(-5.45,-4.65,-1.1));
#7314=CARTESIAN_POINT('',(-6.,-4.65,-1.1));
#7315=CARTESIAN_POINT('',(-5.45,-4.65,1.9));
#7316=CARTESIAN_POINT('',(-5.45,-4.65,1.9));
#7317=CARTESIAN_POINT('',(-5.225,-4.65,1.9));
#7318=CARTESIAN_POINT('',(-6.,-4.65,1.9));
#7319=CARTESIAN_POINT('',(-5.225,-4.65,14.175));
#7320=CARTESIAN_POINT('',(-5.225,-4.65,1.9));
#7321=CARTESIAN_POINT('Origin',(-5.825,-4.65,14.175));
#7322=CARTESIAN_POINT('Origin',(-5.825,-4.15,14.175));
#7323=CARTESIAN_POINT('',(-5.225,-3.85,14.175));
#7324=CARTESIAN_POINT('',(-5.225,-4.15,14.175));
#7325=CARTESIAN_POINT('Origin',(-5.825,-3.85,14.175));
#7326=CARTESIAN_POINT('Origin',(-5.225,-4.25,1.9));
#7327=CARTESIAN_POINT('',(-5.225,-3.85,1.9));
#7328=CARTESIAN_POINT('',(-5.225,-4.25,1.9));
#7329=CARTESIAN_POINT('',(-5.225,-3.85,1.9));
#7330=CARTESIAN_POINT('Origin',(-5.45,-4.25,1.9));
#7331=CARTESIAN_POINT('',(-5.45,-3.85,-1.1));
#7332=CARTESIAN_POINT('',(-5.45,-4.25,-1.1));
#7333=CARTESIAN_POINT('',(-5.45,-3.85,1.9));
#7334=CARTESIAN_POINT('',(-5.45,-3.85,1.9));
#7335=CARTESIAN_POINT('',(-5.45,-4.15,1.9));
#7336=CARTESIAN_POINT('Origin',(-6.55,-4.25,1.9));
#7337=CARTESIAN_POINT('',(-6.55,-3.85,1.9));
#7338=CARTESIAN_POINT('',(-6.55,-4.15,1.9));
#7339=CARTESIAN_POINT('',(-6.55,-3.85,-1.1));
#7340=CARTESIAN_POINT('',(-6.55,-3.85,1.9));
#7341=CARTESIAN_POINT('',(-6.55,-4.25,-1.1));
#7342=CARTESIAN_POINT('Origin',(-6.,-4.05,-1.1));
#7343=CARTESIAN_POINT('',(-6.,-3.85,-1.1));
#7344=CARTESIAN_POINT('Origin',(-6.,-4.05,1.9));
#7345=CARTESIAN_POINT('',(-6.,-3.85,1.9));
#7346=CARTESIAN_POINT('Origin',(-6.,-4.05,1.9));
#7347=CARTESIAN_POINT('',(-6.775,-3.85,1.9));
#7348=CARTESIAN_POINT('',(-6.775,-4.25,1.9));
#7349=CARTESIAN_POINT('',(-6.,-3.85,1.9));
#7350=CARTESIAN_POINT('Origin',(-6.775,-4.25,1.9));
#7351=CARTESIAN_POINT('',(-6.775,-3.85,1.9));
#7352=CARTESIAN_POINT('Origin',(-6.,-3.85,8.3375));
#7353=CARTESIAN_POINT('Origin',(-14.175,-4.15,14.175));
#7354=CARTESIAN_POINT('',(-14.175,-3.85,14.775));
#7355=CARTESIAN_POINT('',(-14.775,-3.85,14.175));
#7356=CARTESIAN_POINT('Origin',(-14.175,-3.85,14.175));
#7357=CARTESIAN_POINT('',(-14.775,-4.65,14.175));
#7358=CARTESIAN_POINT('',(-14.775,-4.15,14.175));
#7359=CARTESIAN_POINT('',(-14.175,-4.65,14.775));
#7360=CARTESIAN_POINT('Origin',(-14.175,-4.65,14.175));
#7361=CARTESIAN_POINT('',(-14.175,-4.15,14.775));
#7362=CARTESIAN_POINT('Origin',(-14.,-4.05,14.775));
#7363=CARTESIAN_POINT('',(-13.825,-4.65,14.775));
#7364=CARTESIAN_POINT('',(-14.,-4.65,14.775));
#7365=CARTESIAN_POINT('',(-13.825,-3.85,14.775));
#7366=CARTESIAN_POINT('',(-13.825,-4.15,14.775));
#7367=CARTESIAN_POINT('',(-14.,-3.85,14.775));
#7368=CARTESIAN_POINT('Origin',(-14.,-4.65,8.3375));
#7369=CARTESIAN_POINT('',(-14.775,-4.65,1.9));
#7370=CARTESIAN_POINT('',(-14.775,-4.65,1.9));
#7371=CARTESIAN_POINT('',(-14.55,-4.65,1.9));
#7372=CARTESIAN_POINT('',(-14.,-4.65,1.9));
#7373=CARTESIAN_POINT('',(-14.55,-4.65,-1.1));
#7374=CARTESIAN_POINT('',(-14.55,-4.65,1.9));
#7375=CARTESIAN_POINT('',(-13.45,-4.65,-1.1));
#7376=CARTESIAN_POINT('',(-14.,-4.65,-1.1));
#7377=CARTESIAN_POINT('',(-13.45,-4.65,1.9));
#7378=CARTESIAN_POINT('',(-13.45,-4.65,1.9));
#7379=CARTESIAN_POINT('',(-13.225,-4.65,1.9));
#7380=CARTESIAN_POINT('',(-14.,-4.65,1.9));
#7381=CARTESIAN_POINT('',(-13.225,-4.65,14.175));
#7382=CARTESIAN_POINT('',(-13.225,-4.65,1.9));
#7383=CARTESIAN_POINT('Origin',(-13.825,-4.65,14.175));
#7384=CARTESIAN_POINT('Origin',(-13.825,-4.15,14.175));
#7385=CARTESIAN_POINT('',(-13.225,-3.85,14.175));
#7386=CARTESIAN_POINT('',(-13.225,-4.15,14.175));
#7387=CARTESIAN_POINT('Origin',(-13.825,-3.85,14.175));
#7388=CARTESIAN_POINT('Origin',(-13.225,-4.25,1.9));
#7389=CARTESIAN_POINT('',(-13.225,-3.85,1.9));
#7390=CARTESIAN_POINT('',(-13.225,-4.25,1.9));
#7391=CARTESIAN_POINT('',(-13.225,-3.85,1.9));
#7392=CARTESIAN_POINT('Origin',(-13.45,-4.25,1.9));
#7393=CARTESIAN_POINT('',(-13.45,-3.85,-1.1));
#7394=CARTESIAN_POINT('',(-13.45,-4.25,-1.1));
#7395=CARTESIAN_POINT('',(-13.45,-3.85,1.9));
#7396=CARTESIAN_POINT('',(-13.45,-3.85,1.9));
#7397=CARTESIAN_POINT('',(-13.45,-4.15,1.9));
#7398=CARTESIAN_POINT('Origin',(-14.55,-4.25,1.9));
#7399=CARTESIAN_POINT('',(-14.55,-3.85,1.9));
#7400=CARTESIAN_POINT('',(-14.55,-4.15,1.9));
#7401=CARTESIAN_POINT('',(-14.55,-3.85,-1.1));
#7402=CARTESIAN_POINT('',(-14.55,-3.85,1.9));
#7403=CARTESIAN_POINT('',(-14.55,-4.25,-1.1));
#7404=CARTESIAN_POINT('Origin',(-14.,-4.05,-1.1));
#7405=CARTESIAN_POINT('',(-14.,-3.85,-1.1));
#7406=CARTESIAN_POINT('Origin',(-14.,-4.05,1.9));
#7407=CARTESIAN_POINT('',(-14.,-3.85,1.9));
#7408=CARTESIAN_POINT('Origin',(-14.,-4.05,1.9));
#7409=CARTESIAN_POINT('',(-14.775,-3.85,1.9));
#7410=CARTESIAN_POINT('',(-14.775,-4.25,1.9));
#7411=CARTESIAN_POINT('',(-14.,-3.85,1.9));
#7412=CARTESIAN_POINT('Origin',(-14.775,-4.25,1.9));
#7413=CARTESIAN_POINT('',(-14.775,-3.85,1.9));
#7414=CARTESIAN_POINT('Origin',(-14.,-3.85,8.3375));
#7415=CARTESIAN_POINT('Origin',(-10.175,-4.15,14.175));
#7416=CARTESIAN_POINT('',(-10.175,-3.85,14.775));
#7417=CARTESIAN_POINT('',(-10.775,-3.85,14.175));
#7418=CARTESIAN_POINT('Origin',(-10.175,-3.85,14.175));
#7419=CARTESIAN_POINT('',(-10.775,-4.65,14.175));
#7420=CARTESIAN_POINT('',(-10.775,-4.15,14.175));
#7421=CARTESIAN_POINT('',(-10.175,-4.65,14.775));
#7422=CARTESIAN_POINT('Origin',(-10.175,-4.65,14.175));
#7423=CARTESIAN_POINT('',(-10.175,-4.15,14.775));
#7424=CARTESIAN_POINT('Origin',(-10.,-4.05,14.775));
#7425=CARTESIAN_POINT('',(-9.825,-4.65,14.775));
#7426=CARTESIAN_POINT('',(-10.,-4.65,14.775));
#7427=CARTESIAN_POINT('',(-9.825,-3.85,14.775));
#7428=CARTESIAN_POINT('',(-9.825,-4.15,14.775));
#7429=CARTESIAN_POINT('',(-10.,-3.85,14.775));
#7430=CARTESIAN_POINT('Origin',(-10.,-4.65,8.3375));
#7431=CARTESIAN_POINT('',(-10.775,-4.65,1.9));
#7432=CARTESIAN_POINT('',(-10.775,-4.65,1.9));
#7433=CARTESIAN_POINT('',(-10.55,-4.65,1.9));
#7434=CARTESIAN_POINT('',(-10.,-4.65,1.9));
#7435=CARTESIAN_POINT('',(-10.55,-4.65,-1.1));
#7436=CARTESIAN_POINT('',(-10.55,-4.65,1.9));
#7437=CARTESIAN_POINT('',(-9.45,-4.65,-1.1));
#7438=CARTESIAN_POINT('',(-10.,-4.65,-1.1));
#7439=CARTESIAN_POINT('',(-9.45,-4.65,1.9));
#7440=CARTESIAN_POINT('',(-9.45,-4.65,1.9));
#7441=CARTESIAN_POINT('',(-9.225,-4.65,1.9));
#7442=CARTESIAN_POINT('',(-10.,-4.65,1.9));
#7443=CARTESIAN_POINT('',(-9.225,-4.65,14.175));
#7444=CARTESIAN_POINT('',(-9.225,-4.65,1.9));
#7445=CARTESIAN_POINT('Origin',(-9.825,-4.65,14.175));
#7446=CARTESIAN_POINT('Origin',(-9.825,-4.15,14.175));
#7447=CARTESIAN_POINT('',(-9.225,-3.85,14.175));
#7448=CARTESIAN_POINT('',(-9.225,-4.15,14.175));
#7449=CARTESIAN_POINT('Origin',(-9.825,-3.85,14.175));
#7450=CARTESIAN_POINT('Origin',(-9.225,-4.25,1.9));
#7451=CARTESIAN_POINT('',(-9.225,-3.85,1.9));
#7452=CARTESIAN_POINT('',(-9.225,-4.25,1.9));
#7453=CARTESIAN_POINT('',(-9.225,-3.85,1.9));
#7454=CARTESIAN_POINT('Origin',(-9.45,-4.25,1.9));
#7455=CARTESIAN_POINT('',(-9.45,-3.85,-1.1));
#7456=CARTESIAN_POINT('',(-9.45,-4.25,-1.1));
#7457=CARTESIAN_POINT('',(-9.45,-3.85,1.9));
#7458=CARTESIAN_POINT('',(-9.45,-3.85,1.9));
#7459=CARTESIAN_POINT('',(-9.45,-4.15,1.9));
#7460=CARTESIAN_POINT('Origin',(-10.55,-4.25,1.9));
#7461=CARTESIAN_POINT('',(-10.55,-3.85,1.9));
#7462=CARTESIAN_POINT('',(-10.55,-4.15,1.9));
#7463=CARTESIAN_POINT('',(-10.55,-3.85,-1.1));
#7464=CARTESIAN_POINT('',(-10.55,-3.85,1.9));
#7465=CARTESIAN_POINT('',(-10.55,-4.25,-1.1));
#7466=CARTESIAN_POINT('Origin',(-10.,-4.05,-1.1));
#7467=CARTESIAN_POINT('',(-10.,-3.85,-1.1));
#7468=CARTESIAN_POINT('Origin',(-10.,-4.05,1.9));
#7469=CARTESIAN_POINT('',(-10.,-3.85,1.9));
#7470=CARTESIAN_POINT('Origin',(-10.,-4.05,1.9));
#7471=CARTESIAN_POINT('',(-10.775,-3.85,1.9));
#7472=CARTESIAN_POINT('',(-10.775,-4.25,1.9));
#7473=CARTESIAN_POINT('',(-10.,-3.85,1.9));
#7474=CARTESIAN_POINT('Origin',(-10.775,-4.25,1.9));
#7475=CARTESIAN_POINT('',(-10.775,-3.85,1.9));
#7476=CARTESIAN_POINT('Origin',(-10.,-3.85,8.3375));
#7477=CARTESIAN_POINT('Origin',(-2.175,-4.15,15.075));
#7478=CARTESIAN_POINT('',(-2.17499999999999,-3.85,15.675));
#7479=CARTESIAN_POINT('',(-2.775,-3.85,15.075));
#7480=CARTESIAN_POINT('Origin',(-2.175,-3.85,15.075));
#7481=CARTESIAN_POINT('',(-2.775,-4.65,15.075));
#7482=CARTESIAN_POINT('',(-2.775,-4.15,15.075));
#7483=CARTESIAN_POINT('',(-2.17499999999999,-4.65,15.675));
#7484=CARTESIAN_POINT('Origin',(-2.175,-4.65,15.075));
#7485=CARTESIAN_POINT('',(-2.17499999999999,-4.15,15.675));
#7486=CARTESIAN_POINT('Origin',(-2.,-4.05,15.675));
#7487=CARTESIAN_POINT('',(-1.82499999999999,-4.65,15.675));
#7488=CARTESIAN_POINT('',(-2.,-4.65,15.675));
#7489=CARTESIAN_POINT('',(-1.82499999999999,-3.85,15.675));
#7490=CARTESIAN_POINT('',(-1.82499999999999,-4.15,15.675));
#7491=CARTESIAN_POINT('',(-2.,-3.85,15.675));
#7492=CARTESIAN_POINT('Origin',(-2.,-4.65,9.2375));
#7493=CARTESIAN_POINT('',(-2.775,-4.65,2.8));
#7494=CARTESIAN_POINT('',(-2.775,-4.65,2.8));
#7495=CARTESIAN_POINT('',(-2.55,-4.65,2.8));
#7496=CARTESIAN_POINT('',(-2.,-4.65,2.8));
#7497=CARTESIAN_POINT('',(-2.55,-4.65,-0.2));
#7498=CARTESIAN_POINT('',(-2.55,-4.65,2.8));
#7499=CARTESIAN_POINT('',(-1.45,-4.65,-0.2));
#7500=CARTESIAN_POINT('',(-2.,-4.65,-0.2));
#7501=CARTESIAN_POINT('',(-1.45,-4.65,2.8));
#7502=CARTESIAN_POINT('',(-1.45,-4.65,2.8));
#7503=CARTESIAN_POINT('',(-1.225,-4.65,2.8));
#7504=CARTESIAN_POINT('',(-2.,-4.65,2.8));
#7505=CARTESIAN_POINT('',(-1.225,-4.65,15.075));
#7506=CARTESIAN_POINT('',(-1.225,-4.65,2.8));
#7507=CARTESIAN_POINT('Origin',(-1.825,-4.65,15.075));
#7508=CARTESIAN_POINT('Origin',(-1.825,-4.15,15.075));
#7509=CARTESIAN_POINT('',(-1.225,-3.85,15.075));
#7510=CARTESIAN_POINT('',(-1.225,-4.15,15.075));
#7511=CARTESIAN_POINT('Origin',(-1.825,-3.85,15.075));
#7512=CARTESIAN_POINT('Origin',(-1.225,-4.25,2.8));
#7513=CARTESIAN_POINT('',(-1.225,-3.85,2.8));
#7514=CARTESIAN_POINT('',(-1.225,-4.25,2.8));
#7515=CARTESIAN_POINT('',(-1.225,-3.85,2.8));
#7516=CARTESIAN_POINT('Origin',(-1.45,-4.25,2.8));
#7517=CARTESIAN_POINT('',(-1.45,-3.85,-0.2));
#7518=CARTESIAN_POINT('',(-1.45,-4.25,-0.2));
#7519=CARTESIAN_POINT('',(-1.45,-3.85,2.8));
#7520=CARTESIAN_POINT('',(-1.45,-3.85,2.8));
#7521=CARTESIAN_POINT('',(-1.45,-4.15,2.8));
#7522=CARTESIAN_POINT('Origin',(-2.55,-4.25,2.8));
#7523=CARTESIAN_POINT('',(-2.55,-3.85,2.8));
#7524=CARTESIAN_POINT('',(-2.55,-4.15,2.8));
#7525=CARTESIAN_POINT('',(-2.55,-3.85,-0.2));
#7526=CARTESIAN_POINT('',(-2.55,-3.85,2.8));
#7527=CARTESIAN_POINT('',(-2.55,-4.25,-0.2));
#7528=CARTESIAN_POINT('Origin',(-2.,-4.05,-0.2));
#7529=CARTESIAN_POINT('',(-2.,-3.85,-0.2));
#7530=CARTESIAN_POINT('Origin',(-2.,-4.05,2.8));
#7531=CARTESIAN_POINT('',(-2.,-3.85,2.8));
#7532=CARTESIAN_POINT('Origin',(-2.,-4.05,2.8));
#7533=CARTESIAN_POINT('',(-2.775,-3.85,2.8));
#7534=CARTESIAN_POINT('',(-2.775,-4.25,2.8));
#7535=CARTESIAN_POINT('',(-2.,-3.85,2.8));
#7536=CARTESIAN_POINT('Origin',(-2.775,-4.25,2.8));
#7537=CARTESIAN_POINT('',(-2.775,-3.85,2.8));
#7538=CARTESIAN_POINT('Origin',(-2.,-3.85,9.2375));
#7539=CARTESIAN_POINT('Origin',(9.82500000000001,-4.15,14.175));
#7540=CARTESIAN_POINT('',(9.82500000000001,-3.85,14.775));
#7541=CARTESIAN_POINT('',(9.22500000000001,-3.85,14.175));
#7542=CARTESIAN_POINT('Origin',(9.82500000000001,-3.85,14.175));
#7543=CARTESIAN_POINT('',(9.22500000000001,-4.65,14.175));
#7544=CARTESIAN_POINT('',(9.22500000000001,-4.15,14.175));
#7545=CARTESIAN_POINT('',(9.82500000000001,-4.65,14.775));
#7546=CARTESIAN_POINT('Origin',(9.82500000000001,-4.65,14.175));
#7547=CARTESIAN_POINT('',(9.82500000000001,-4.15,14.775));
#7548=CARTESIAN_POINT('Origin',(10.,-4.05,14.775));
#7549=CARTESIAN_POINT('',(10.175,-4.65,14.775));
#7550=CARTESIAN_POINT('',(10.,-4.65,14.775));
#7551=CARTESIAN_POINT('',(10.175,-3.85,14.775));
#7552=CARTESIAN_POINT('',(10.175,-4.15,14.775));
#7553=CARTESIAN_POINT('',(10.,-3.85,14.775));
#7554=CARTESIAN_POINT('Origin',(10.,-4.65,8.3375));
#7555=CARTESIAN_POINT('',(9.225,-4.65,1.9));
#7556=CARTESIAN_POINT('',(9.225,-4.65,1.9));
#7557=CARTESIAN_POINT('',(9.45,-4.65,1.9));
#7558=CARTESIAN_POINT('',(10.,-4.65,1.9));
#7559=CARTESIAN_POINT('',(9.45,-4.65,-1.1));
#7560=CARTESIAN_POINT('',(9.45,-4.65,1.9));
#7561=CARTESIAN_POINT('',(10.55,-4.65,-1.1));
#7562=CARTESIAN_POINT('',(10.,-4.65,-1.1));
#7563=CARTESIAN_POINT('',(10.55,-4.65,1.9));
#7564=CARTESIAN_POINT('',(10.55,-4.65,1.9));
#7565=CARTESIAN_POINT('',(10.775,-4.65,1.9));
#7566=CARTESIAN_POINT('',(10.,-4.65,1.9));
#7567=CARTESIAN_POINT('',(10.775,-4.65,14.175));
#7568=CARTESIAN_POINT('',(10.775,-4.65,1.9));
#7569=CARTESIAN_POINT('Origin',(10.175,-4.65,14.175));
#7570=CARTESIAN_POINT('Origin',(10.175,-4.15,14.175));
#7571=CARTESIAN_POINT('',(10.775,-3.85,14.175));
#7572=CARTESIAN_POINT('',(10.775,-4.15,14.175));
#7573=CARTESIAN_POINT('Origin',(10.175,-3.85,14.175));
#7574=CARTESIAN_POINT('Origin',(10.775,-4.25,1.9));
#7575=CARTESIAN_POINT('',(10.775,-3.85,1.9));
#7576=CARTESIAN_POINT('',(10.775,-4.25,1.9));
#7577=CARTESIAN_POINT('',(10.775,-3.85,1.9));
#7578=CARTESIAN_POINT('Origin',(10.55,-4.25,1.9));
#7579=CARTESIAN_POINT('',(10.55,-3.85,-1.1));
#7580=CARTESIAN_POINT('',(10.55,-4.25,-1.1));
#7581=CARTESIAN_POINT('',(10.55,-3.85,1.9));
#7582=CARTESIAN_POINT('',(10.55,-3.85,1.9));
#7583=CARTESIAN_POINT('',(10.55,-4.15,1.9));
#7584=CARTESIAN_POINT('Origin',(9.45,-4.25,1.9));
#7585=CARTESIAN_POINT('',(9.45,-3.85,1.9));
#7586=CARTESIAN_POINT('',(9.45,-4.15,1.9));
#7587=CARTESIAN_POINT('',(9.45,-3.85,-1.1));
#7588=CARTESIAN_POINT('',(9.45,-3.85,1.9));
#7589=CARTESIAN_POINT('',(9.45,-4.25,-1.1));
#7590=CARTESIAN_POINT('Origin',(10.,-4.05,-1.1));
#7591=CARTESIAN_POINT('',(10.,-3.85,-1.1));
#7592=CARTESIAN_POINT('Origin',(10.,-4.05,1.9));
#7593=CARTESIAN_POINT('',(10.,-3.85,1.9));
#7594=CARTESIAN_POINT('Origin',(10.,-4.05,1.9));
#7595=CARTESIAN_POINT('',(9.225,-3.85,1.9));
#7596=CARTESIAN_POINT('',(9.225,-4.25,1.9));
#7597=CARTESIAN_POINT('',(10.,-3.85,1.9));
#7598=CARTESIAN_POINT('Origin',(9.225,-4.25,1.9));
#7599=CARTESIAN_POINT('',(9.225,-3.85,1.9));
#7600=CARTESIAN_POINT('Origin',(10.,-3.85,8.3375));
#7601=CARTESIAN_POINT('Origin',(13.825,-4.15,14.175));
#7602=CARTESIAN_POINT('',(13.825,-3.85,14.775));
#7603=CARTESIAN_POINT('',(13.225,-3.85,14.175));
#7604=CARTESIAN_POINT('Origin',(13.825,-3.85,14.175));
#7605=CARTESIAN_POINT('',(13.225,-4.65,14.175));
#7606=CARTESIAN_POINT('',(13.225,-4.15,14.175));
#7607=CARTESIAN_POINT('',(13.825,-4.65,14.775));
#7608=CARTESIAN_POINT('Origin',(13.825,-4.65,14.175));
#7609=CARTESIAN_POINT('',(13.825,-4.15,14.775));
#7610=CARTESIAN_POINT('Origin',(14.,-4.05,14.775));
#7611=CARTESIAN_POINT('',(14.175,-4.65,14.775));
#7612=CARTESIAN_POINT('',(14.,-4.65,14.775));
#7613=CARTESIAN_POINT('',(14.175,-3.85,14.775));
#7614=CARTESIAN_POINT('',(14.175,-4.15,14.775));
#7615=CARTESIAN_POINT('',(14.,-3.85,14.775));
#7616=CARTESIAN_POINT('Origin',(14.,-4.65,8.3375));
#7617=CARTESIAN_POINT('',(13.225,-4.65,1.9));
#7618=CARTESIAN_POINT('',(13.225,-4.65,1.9));
#7619=CARTESIAN_POINT('',(13.45,-4.65,1.9));
#7620=CARTESIAN_POINT('',(14.,-4.65,1.9));
#7621=CARTESIAN_POINT('',(13.45,-4.65,-1.1));
#7622=CARTESIAN_POINT('',(13.45,-4.65,1.9));
#7623=CARTESIAN_POINT('',(14.55,-4.65,-1.1));
#7624=CARTESIAN_POINT('',(14.,-4.65,-1.1));
#7625=CARTESIAN_POINT('',(14.55,-4.65,1.9));
#7626=CARTESIAN_POINT('',(14.55,-4.65,1.9));
#7627=CARTESIAN_POINT('',(14.775,-4.65,1.9));
#7628=CARTESIAN_POINT('',(14.,-4.65,1.9));
#7629=CARTESIAN_POINT('',(14.775,-4.65,14.175));
#7630=CARTESIAN_POINT('',(14.775,-4.65,1.9));
#7631=CARTESIAN_POINT('Origin',(14.175,-4.65,14.175));
#7632=CARTESIAN_POINT('Origin',(14.175,-4.15,14.175));
#7633=CARTESIAN_POINT('',(14.775,-3.85,14.175));
#7634=CARTESIAN_POINT('',(14.775,-4.15,14.175));
#7635=CARTESIAN_POINT('Origin',(14.175,-3.85,14.175));
#7636=CARTESIAN_POINT('Origin',(14.775,-4.25,1.9));
#7637=CARTESIAN_POINT('',(14.775,-3.85,1.9));
#7638=CARTESIAN_POINT('',(14.775,-4.25,1.9));
#7639=CARTESIAN_POINT('',(14.775,-3.85,1.9));
#7640=CARTESIAN_POINT('Origin',(14.55,-4.25,1.9));
#7641=CARTESIAN_POINT('',(14.55,-3.85,-1.1));
#7642=CARTESIAN_POINT('',(14.55,-4.25,-1.1));
#7643=CARTESIAN_POINT('',(14.55,-3.85,1.9));
#7644=CARTESIAN_POINT('',(14.55,-3.85,1.9));
#7645=CARTESIAN_POINT('',(14.55,-4.15,1.9));
#7646=CARTESIAN_POINT('Origin',(13.45,-4.25,1.9));
#7647=CARTESIAN_POINT('',(13.45,-3.85,1.9));
#7648=CARTESIAN_POINT('',(13.45,-4.15,1.9));
#7649=CARTESIAN_POINT('',(13.45,-3.85,-1.1));
#7650=CARTESIAN_POINT('',(13.45,-3.85,1.9));
#7651=CARTESIAN_POINT('',(13.45,-4.25,-1.1));
#7652=CARTESIAN_POINT('Origin',(14.,-4.05,-1.1));
#7653=CARTESIAN_POINT('',(14.,-3.85,-1.1));
#7654=CARTESIAN_POINT('Origin',(14.,-4.05,1.9));
#7655=CARTESIAN_POINT('',(14.,-3.85,1.9));
#7656=CARTESIAN_POINT('Origin',(14.,-4.05,1.9));
#7657=CARTESIAN_POINT('',(13.225,-3.85,1.9));
#7658=CARTESIAN_POINT('',(13.225,-4.25,1.9));
#7659=CARTESIAN_POINT('',(14.,-3.85,1.9));
#7660=CARTESIAN_POINT('Origin',(13.225,-4.25,1.9));
#7661=CARTESIAN_POINT('',(13.225,-3.85,1.9));
#7662=CARTESIAN_POINT('Origin',(14.,-3.85,8.3375));
#7663=CARTESIAN_POINT('Origin',(6.175,4.35,14.175));
#7664=CARTESIAN_POINT('',(6.175,3.85,14.775));
#7665=CARTESIAN_POINT('',(6.775,3.85,14.175));
#7666=CARTESIAN_POINT('Origin',(6.175,3.85,14.175));
#7667=CARTESIAN_POINT('',(6.775,4.65,14.175));
#7668=CARTESIAN_POINT('',(6.775,4.35,14.175));
#7669=CARTESIAN_POINT('',(6.175,4.65,14.775));
#7670=CARTESIAN_POINT('Origin',(6.175,4.65,14.175));
#7671=CARTESIAN_POINT('',(6.175,4.35,14.775));
#7672=CARTESIAN_POINT('Origin',(6.,3.85,8.3375));
#7673=CARTESIAN_POINT('',(5.825,3.85,14.775));
#7674=CARTESIAN_POINT('',(6.,3.85,14.775));
#7675=CARTESIAN_POINT('',(5.225,3.85,14.175));
#7676=CARTESIAN_POINT('Origin',(5.825,3.85,14.175));
#7677=CARTESIAN_POINT('',(5.225,3.85,1.9));
#7678=CARTESIAN_POINT('',(5.225,3.85,1.9));
#7679=CARTESIAN_POINT('',(5.45,3.85,1.9));
#7680=CARTESIAN_POINT('',(6.,3.85,1.9));
#7681=CARTESIAN_POINT('',(5.45,3.85,-1.1));
#7682=CARTESIAN_POINT('',(5.45,3.85,1.9));
#7683=CARTESIAN_POINT('',(6.55,3.85,-1.1));
#7684=CARTESIAN_POINT('',(6.,3.85,-1.1));
#7685=CARTESIAN_POINT('',(6.55,3.85,1.9));
#7686=CARTESIAN_POINT('',(6.55,3.85,1.9));
#7687=CARTESIAN_POINT('',(6.775,3.85,1.9));
#7688=CARTESIAN_POINT('',(6.,3.85,1.9));
#7689=CARTESIAN_POINT('',(6.775,3.85,1.9));
#7690=CARTESIAN_POINT('Origin',(6.,4.45,14.775));
#7691=CARTESIAN_POINT('',(5.825,4.65,14.775));
#7692=CARTESIAN_POINT('',(6.,4.65,14.775));
#7693=CARTESIAN_POINT('',(5.825,4.35,14.775));
#7694=CARTESIAN_POINT('Origin',(5.825,4.35,14.175));
#7695=CARTESIAN_POINT('',(5.225,4.65,14.175));
#7696=CARTESIAN_POINT('Origin',(5.825,4.65,14.175));
#7697=CARTESIAN_POINT('',(5.225,4.35,14.175));
#7698=CARTESIAN_POINT('Origin',(6.55,4.25,1.9));
#7699=CARTESIAN_POINT('',(6.55,4.65,-1.1));
#7700=CARTESIAN_POINT('',(6.55,4.25,-1.1));
#7701=CARTESIAN_POINT('',(6.55,4.65,1.9));
#7702=CARTESIAN_POINT('',(6.55,4.65,1.9));
#7703=CARTESIAN_POINT('',(6.55,4.35,1.9));
#7704=CARTESIAN_POINT('Origin',(5.45,4.25,1.9));
#7705=CARTESIAN_POINT('',(5.45,4.65,1.9));
#7706=CARTESIAN_POINT('',(5.45,4.35,1.9));
#7707=CARTESIAN_POINT('',(5.45,4.65,-1.1));
#7708=CARTESIAN_POINT('',(5.45,4.65,1.9));
#7709=CARTESIAN_POINT('',(5.45,4.25,-1.1));
#7710=CARTESIAN_POINT('Origin',(6.,4.45,-1.1));
#7711=CARTESIAN_POINT('',(6.,4.65,-1.1));
#7712=CARTESIAN_POINT('Origin',(6.,4.45,1.9));
#7713=CARTESIAN_POINT('',(6.775,4.65,1.9));
#7714=CARTESIAN_POINT('',(6.,4.65,1.9));
#7715=CARTESIAN_POINT('',(6.775,4.25,1.9));
#7716=CARTESIAN_POINT('Origin',(6.,4.45,1.9));
#7717=CARTESIAN_POINT('',(5.225,4.65,1.9));
#7718=CARTESIAN_POINT('',(5.225,4.25,1.9));
#7719=CARTESIAN_POINT('',(6.,4.65,1.9));
#7720=CARTESIAN_POINT('Origin',(5.225,4.25,1.9));
#7721=CARTESIAN_POINT('',(5.225,4.65,1.9));
#7722=CARTESIAN_POINT('Origin',(6.775,4.25,1.9));
#7723=CARTESIAN_POINT('',(6.775,4.65,1.9));
#7724=CARTESIAN_POINT('Origin',(6.,4.65,8.3375));
#7725=CARTESIAN_POINT('Origin',(-5.825,4.35,14.175));
#7726=CARTESIAN_POINT('',(-5.825,3.85,14.775));
#7727=CARTESIAN_POINT('',(-5.225,3.85,14.175));
#7728=CARTESIAN_POINT('Origin',(-5.825,3.85,14.175));
#7729=CARTESIAN_POINT('',(-5.225,4.65,14.175));
#7730=CARTESIAN_POINT('',(-5.225,4.35,14.175));
#7731=CARTESIAN_POINT('',(-5.825,4.65,14.775));
#7732=CARTESIAN_POINT('Origin',(-5.825,4.65,14.175));
#7733=CARTESIAN_POINT('',(-5.825,4.35,14.775));
#7734=CARTESIAN_POINT('Origin',(-6.,3.85,8.3375));
#7735=CARTESIAN_POINT('',(-6.175,3.85,14.775));
#7736=CARTESIAN_POINT('',(-6.,3.85,14.775));
#7737=CARTESIAN_POINT('',(-6.775,3.85,14.175));
#7738=CARTESIAN_POINT('Origin',(-6.175,3.85,14.175));
#7739=CARTESIAN_POINT('',(-6.775,3.85,1.9));
#7740=CARTESIAN_POINT('',(-6.775,3.85,1.9));
#7741=CARTESIAN_POINT('',(-6.55,3.85,1.9));
#7742=CARTESIAN_POINT('',(-6.,3.85,1.9));
#7743=CARTESIAN_POINT('',(-6.55,3.85,-1.1));
#7744=CARTESIAN_POINT('',(-6.55,3.85,1.9));
#7745=CARTESIAN_POINT('',(-5.45,3.85,-1.1));
#7746=CARTESIAN_POINT('',(-6.,3.85,-1.1));
#7747=CARTESIAN_POINT('',(-5.45,3.85,1.9));
#7748=CARTESIAN_POINT('',(-5.45,3.85,1.9));
#7749=CARTESIAN_POINT('',(-5.225,3.85,1.9));
#7750=CARTESIAN_POINT('',(-6.,3.85,1.9));
#7751=CARTESIAN_POINT('',(-5.225,3.85,1.9));
#7752=CARTESIAN_POINT('Origin',(-6.,4.45,14.775));
#7753=CARTESIAN_POINT('',(-6.175,4.65,14.775));
#7754=CARTESIAN_POINT('',(-6.,4.65,14.775));
#7755=CARTESIAN_POINT('',(-6.175,4.35,14.775));
#7756=CARTESIAN_POINT('Origin',(-6.175,4.35,14.175));
#7757=CARTESIAN_POINT('',(-6.775,4.65,14.175));
#7758=CARTESIAN_POINT('Origin',(-6.175,4.65,14.175));
#7759=CARTESIAN_POINT('',(-6.775,4.35,14.175));
#7760=CARTESIAN_POINT('Origin',(-5.45,4.25,1.9));
#7761=CARTESIAN_POINT('',(-5.45,4.65,-1.1));
#7762=CARTESIAN_POINT('',(-5.45,4.25,-1.1));
#7763=CARTESIAN_POINT('',(-5.45,4.65,1.9));
#7764=CARTESIAN_POINT('',(-5.45,4.65,1.9));
#7765=CARTESIAN_POINT('',(-5.45,4.35,1.9));
#7766=CARTESIAN_POINT('Origin',(-6.55,4.25,1.9));
#7767=CARTESIAN_POINT('',(-6.55,4.65,1.9));
#7768=CARTESIAN_POINT('',(-6.55,4.35,1.9));
#7769=CARTESIAN_POINT('',(-6.55,4.65,-1.1));
#7770=CARTESIAN_POINT('',(-6.55,4.65,1.9));
#7771=CARTESIAN_POINT('',(-6.55,4.25,-1.1));
#7772=CARTESIAN_POINT('Origin',(-6.,4.45,-1.1));
#7773=CARTESIAN_POINT('',(-6.,4.65,-1.1));
#7774=CARTESIAN_POINT('Origin',(-6.,4.45,1.9));
#7775=CARTESIAN_POINT('',(-5.225,4.65,1.9));
#7776=CARTESIAN_POINT('',(-6.,4.65,1.9));
#7777=CARTESIAN_POINT('',(-5.225,4.25,1.9));
#7778=CARTESIAN_POINT('Origin',(-6.,4.45,1.9));
#7779=CARTESIAN_POINT('',(-6.775,4.65,1.9));
#7780=CARTESIAN_POINT('',(-6.775,4.25,1.9));
#7781=CARTESIAN_POINT('',(-6.,4.65,1.9));
#7782=CARTESIAN_POINT('Origin',(-6.775,4.25,1.9));
#7783=CARTESIAN_POINT('',(-6.775,4.65,1.9));
#7784=CARTESIAN_POINT('Origin',(-5.225,4.25,1.9));
#7785=CARTESIAN_POINT('',(-5.225,4.65,1.9));
#7786=CARTESIAN_POINT('Origin',(-6.,4.65,8.3375));
#7787=CARTESIAN_POINT('Origin',(-1.825,4.35,14.175));
#7788=CARTESIAN_POINT('',(-1.82499999999999,3.85,14.775));
#7789=CARTESIAN_POINT('',(-1.225,3.85,14.175));
#7790=CARTESIAN_POINT('Origin',(-1.825,3.85,14.175));
#7791=CARTESIAN_POINT('',(-1.225,4.65,14.175));
#7792=CARTESIAN_POINT('',(-1.225,4.35,14.175));
#7793=CARTESIAN_POINT('',(-1.82499999999999,4.65,14.775));
#7794=CARTESIAN_POINT('Origin',(-1.825,4.65,14.175));
#7795=CARTESIAN_POINT('',(-1.82499999999999,4.35,14.775));
#7796=CARTESIAN_POINT('Origin',(-2.,3.85,8.3375));
#7797=CARTESIAN_POINT('',(-2.17499999999999,3.85,14.775));
#7798=CARTESIAN_POINT('',(-2.,3.85,14.775));
#7799=CARTESIAN_POINT('',(-2.775,3.85,14.175));
#7800=CARTESIAN_POINT('Origin',(-2.175,3.85,14.175));
#7801=CARTESIAN_POINT('',(-2.775,3.85,1.9));
#7802=CARTESIAN_POINT('',(-2.775,3.85,1.9));
#7803=CARTESIAN_POINT('',(-2.55,3.85,1.9));
#7804=CARTESIAN_POINT('',(-2.,3.85,1.9));
#7805=CARTESIAN_POINT('',(-2.55,3.85,-1.1));
#7806=CARTESIAN_POINT('',(-2.55,3.85,1.9));
#7807=CARTESIAN_POINT('',(-1.45,3.85,-1.1));
#7808=CARTESIAN_POINT('',(-2.,3.85,-1.1));
#7809=CARTESIAN_POINT('',(-1.45,3.85,1.9));
#7810=CARTESIAN_POINT('',(-1.45,3.85,1.9));
#7811=CARTESIAN_POINT('',(-1.225,3.85,1.9));
#7812=CARTESIAN_POINT('',(-2.,3.85,1.9));
#7813=CARTESIAN_POINT('',(-1.225,3.85,1.9));
#7814=CARTESIAN_POINT('Origin',(-2.,4.45,14.775));
#7815=CARTESIAN_POINT('',(-2.17499999999999,4.65,14.775));
#7816=CARTESIAN_POINT('',(-2.,4.65,14.775));
#7817=CARTESIAN_POINT('',(-2.17499999999999,4.35,14.775));
#7818=CARTESIAN_POINT('Origin',(-2.175,4.35,14.175));
#7819=CARTESIAN_POINT('',(-2.775,4.65,14.175));
#7820=CARTESIAN_POINT('Origin',(-2.175,4.65,14.175));
#7821=CARTESIAN_POINT('',(-2.775,4.35,14.175));
#7822=CARTESIAN_POINT('Origin',(-1.45,4.25,1.9));
#7823=CARTESIAN_POINT('',(-1.45,4.65,-1.1));
#7824=CARTESIAN_POINT('',(-1.45,4.25,-1.1));
#7825=CARTESIAN_POINT('',(-1.45,4.65,1.9));
#7826=CARTESIAN_POINT('',(-1.45,4.65,1.9));
#7827=CARTESIAN_POINT('',(-1.45,4.35,1.9));
#7828=CARTESIAN_POINT('Origin',(-2.55,4.25,1.9));
#7829=CARTESIAN_POINT('',(-2.55,4.65,1.9));
#7830=CARTESIAN_POINT('',(-2.55,4.35,1.9));
#7831=CARTESIAN_POINT('',(-2.55,4.65,-1.1));
#7832=CARTESIAN_POINT('',(-2.55,4.65,1.9));
#7833=CARTESIAN_POINT('',(-2.55,4.25,-1.1));
#7834=CARTESIAN_POINT('Origin',(-2.,4.45,-1.1));
#7835=CARTESIAN_POINT('',(-2.,4.65,-1.1));
#7836=CARTESIAN_POINT('Origin',(-2.,4.45,1.9));
#7837=CARTESIAN_POINT('',(-1.225,4.65,1.9));
#7838=CARTESIAN_POINT('',(-2.,4.65,1.9));
#7839=CARTESIAN_POINT('',(-1.225,4.25,1.9));
#7840=CARTESIAN_POINT('Origin',(-2.,4.45,1.9));
#7841=CARTESIAN_POINT('',(-2.775,4.65,1.9));
#7842=CARTESIAN_POINT('',(-2.775,4.25,1.9));
#7843=CARTESIAN_POINT('',(-2.,4.65,1.9));
#7844=CARTESIAN_POINT('Origin',(-2.775,4.25,1.9));
#7845=CARTESIAN_POINT('',(-2.775,4.65,1.9));
#7846=CARTESIAN_POINT('Origin',(-1.225,4.25,1.9));
#7847=CARTESIAN_POINT('',(-1.225,4.65,1.9));
#7848=CARTESIAN_POINT('Origin',(-2.,4.65,8.3375));
#7849=CARTESIAN_POINT('Origin',(10.175,4.35,14.175));
#7850=CARTESIAN_POINT('',(10.175,3.85,14.775));
#7851=CARTESIAN_POINT('',(10.775,3.85,14.175));
#7852=CARTESIAN_POINT('Origin',(10.175,3.85,14.175));
#7853=CARTESIAN_POINT('',(10.775,4.65,14.175));
#7854=CARTESIAN_POINT('',(10.775,4.35,14.175));
#7855=CARTESIAN_POINT('',(10.175,4.65,14.775));
#7856=CARTESIAN_POINT('Origin',(10.175,4.65,14.175));
#7857=CARTESIAN_POINT('',(10.175,4.35,14.775));
#7858=CARTESIAN_POINT('Origin',(10.,3.85,8.3375));
#7859=CARTESIAN_POINT('',(9.82500000000001,3.85,14.775));
#7860=CARTESIAN_POINT('',(10.,3.85,14.775));
#7861=CARTESIAN_POINT('',(9.22500000000001,3.85,14.175));
#7862=CARTESIAN_POINT('Origin',(9.82500000000001,3.85,14.175));
#7863=CARTESIAN_POINT('',(9.225,3.85,1.9));
#7864=CARTESIAN_POINT('',(9.225,3.85,1.9));
#7865=CARTESIAN_POINT('',(9.45,3.85,1.9));
#7866=CARTESIAN_POINT('',(10.,3.85,1.9));
#7867=CARTESIAN_POINT('',(9.45,3.85,-1.1));
#7868=CARTESIAN_POINT('',(9.45,3.85,1.9));
#7869=CARTESIAN_POINT('',(10.55,3.85,-1.1));
#7870=CARTESIAN_POINT('',(10.,3.85,-1.1));
#7871=CARTESIAN_POINT('',(10.55,3.85,1.9));
#7872=CARTESIAN_POINT('',(10.55,3.85,1.9));
#7873=CARTESIAN_POINT('',(10.775,3.85,1.9));
#7874=CARTESIAN_POINT('',(10.,3.85,1.9));
#7875=CARTESIAN_POINT('',(10.775,3.85,1.9));
#7876=CARTESIAN_POINT('Origin',(10.,4.45,14.775));
#7877=CARTESIAN_POINT('',(9.82500000000001,4.65,14.775));
#7878=CARTESIAN_POINT('',(10.,4.65,14.775));
#7879=CARTESIAN_POINT('',(9.82500000000001,4.35,14.775));
#7880=CARTESIAN_POINT('Origin',(9.82500000000001,4.35,14.175));
#7881=CARTESIAN_POINT('',(9.22500000000001,4.65,14.175));
#7882=CARTESIAN_POINT('Origin',(9.82500000000001,4.65,14.175));
#7883=CARTESIAN_POINT('',(9.22500000000001,4.35,14.175));
#7884=CARTESIAN_POINT('Origin',(10.55,4.25,1.9));
#7885=CARTESIAN_POINT('',(10.55,4.65,-1.1));
#7886=CARTESIAN_POINT('',(10.55,4.25,-1.1));
#7887=CARTESIAN_POINT('',(10.55,4.65,1.9));
#7888=CARTESIAN_POINT('',(10.55,4.65,1.9));
#7889=CARTESIAN_POINT('',(10.55,4.35,1.9));
#7890=CARTESIAN_POINT('Origin',(9.45,4.25,1.9));
#7891=CARTESIAN_POINT('',(9.45,4.65,1.9));
#7892=CARTESIAN_POINT('',(9.45,4.35,1.9));
#7893=CARTESIAN_POINT('',(9.45,4.65,-1.1));
#7894=CARTESIAN_POINT('',(9.45,4.65,1.9));
#7895=CARTESIAN_POINT('',(9.45,4.25,-1.1));
#7896=CARTESIAN_POINT('Origin',(10.,4.45,-1.1));
#7897=CARTESIAN_POINT('',(10.,4.65,-1.1));
#7898=CARTESIAN_POINT('Origin',(10.,4.45,1.9));
#7899=CARTESIAN_POINT('',(10.775,4.65,1.9));
#7900=CARTESIAN_POINT('',(10.,4.65,1.9));
#7901=CARTESIAN_POINT('',(10.775,4.25,1.9));
#7902=CARTESIAN_POINT('Origin',(10.,4.45,1.9));
#7903=CARTESIAN_POINT('',(9.225,4.65,1.9));
#7904=CARTESIAN_POINT('',(9.225,4.25,1.9));
#7905=CARTESIAN_POINT('',(10.,4.65,1.9));
#7906=CARTESIAN_POINT('Origin',(9.225,4.25,1.9));
#7907=CARTESIAN_POINT('',(9.225,4.65,1.9));
#7908=CARTESIAN_POINT('Origin',(10.775,4.25,1.9));
#7909=CARTESIAN_POINT('',(10.775,4.65,1.9));
#7910=CARTESIAN_POINT('Origin',(10.,4.65,8.3375));
#7911=CARTESIAN_POINT('Origin',(14.175,4.35,14.175));
#7912=CARTESIAN_POINT('',(14.175,3.85,14.775));
#7913=CARTESIAN_POINT('',(14.775,3.85,14.175));
#7914=CARTESIAN_POINT('Origin',(14.175,3.85,14.175));
#7915=CARTESIAN_POINT('',(14.775,4.65,14.175));
#7916=CARTESIAN_POINT('',(14.775,4.35,14.175));
#7917=CARTESIAN_POINT('',(14.175,4.65,14.775));
#7918=CARTESIAN_POINT('Origin',(14.175,4.65,14.175));
#7919=CARTESIAN_POINT('',(14.175,4.35,14.775));
#7920=CARTESIAN_POINT('Origin',(14.,3.85,8.3375));
#7921=CARTESIAN_POINT('',(13.825,3.85,14.775));
#7922=CARTESIAN_POINT('',(14.,3.85,14.775));
#7923=CARTESIAN_POINT('',(13.225,3.85,14.175));
#7924=CARTESIAN_POINT('Origin',(13.825,3.85,14.175));
#7925=CARTESIAN_POINT('',(13.225,3.85,1.9));
#7926=CARTESIAN_POINT('',(13.225,3.85,1.9));
#7927=CARTESIAN_POINT('',(13.45,3.85,1.9));
#7928=CARTESIAN_POINT('',(14.,3.85,1.9));
#7929=CARTESIAN_POINT('',(13.45,3.85,-1.1));
#7930=CARTESIAN_POINT('',(13.45,3.85,1.9));
#7931=CARTESIAN_POINT('',(14.55,3.85,-1.1));
#7932=CARTESIAN_POINT('',(14.,3.85,-1.1));
#7933=CARTESIAN_POINT('',(14.55,3.85,1.9));
#7934=CARTESIAN_POINT('',(14.55,3.85,1.9));
#7935=CARTESIAN_POINT('',(14.775,3.85,1.9));
#7936=CARTESIAN_POINT('',(14.,3.85,1.9));
#7937=CARTESIAN_POINT('',(14.775,3.85,1.9));
#7938=CARTESIAN_POINT('Origin',(14.,4.45,14.775));
#7939=CARTESIAN_POINT('',(13.825,4.65,14.775));
#7940=CARTESIAN_POINT('',(14.,4.65,14.775));
#7941=CARTESIAN_POINT('',(13.825,4.35,14.775));
#7942=CARTESIAN_POINT('Origin',(13.825,4.35,14.175));
#7943=CARTESIAN_POINT('',(13.225,4.65,14.175));
#7944=CARTESIAN_POINT('Origin',(13.825,4.65,14.175));
#7945=CARTESIAN_POINT('',(13.225,4.35,14.175));
#7946=CARTESIAN_POINT('Origin',(14.55,4.25,1.9));
#7947=CARTESIAN_POINT('',(14.55,4.65,-1.1));
#7948=CARTESIAN_POINT('',(14.55,4.25,-1.1));
#7949=CARTESIAN_POINT('',(14.55,4.65,1.9));
#7950=CARTESIAN_POINT('',(14.55,4.65,1.9));
#7951=CARTESIAN_POINT('',(14.55,4.35,1.9));
#7952=CARTESIAN_POINT('Origin',(13.45,4.25,1.9));
#7953=CARTESIAN_POINT('',(13.45,4.65,1.9));
#7954=CARTESIAN_POINT('',(13.45,4.35,1.9));
#7955=CARTESIAN_POINT('',(13.45,4.65,-1.1));
#7956=CARTESIAN_POINT('',(13.45,4.65,1.9));
#7957=CARTESIAN_POINT('',(13.45,4.25,-1.1));
#7958=CARTESIAN_POINT('Origin',(14.,4.45,-1.1));
#7959=CARTESIAN_POINT('',(14.,4.65,-1.1));
#7960=CARTESIAN_POINT('Origin',(14.,4.45,1.9));
#7961=CARTESIAN_POINT('',(14.775,4.65,1.9));
#7962=CARTESIAN_POINT('',(14.,4.65,1.9));
#7963=CARTESIAN_POINT('',(14.775,4.25,1.9));
#7964=CARTESIAN_POINT('Origin',(14.,4.45,1.9));
#7965=CARTESIAN_POINT('',(13.225,4.65,1.9));
#7966=CARTESIAN_POINT('',(13.225,4.25,1.9));
#7967=CARTESIAN_POINT('',(14.,4.65,1.9));
#7968=CARTESIAN_POINT('Origin',(13.225,4.25,1.9));
#7969=CARTESIAN_POINT('',(13.225,4.65,1.9));
#7970=CARTESIAN_POINT('Origin',(14.775,4.25,1.9));
#7971=CARTESIAN_POINT('',(14.775,4.65,1.9));
#7972=CARTESIAN_POINT('Origin',(14.,4.65,8.3375));
#7973=CARTESIAN_POINT('Origin',(2.175,4.35,14.175));
#7974=CARTESIAN_POINT('',(2.175,3.85,14.775));
#7975=CARTESIAN_POINT('',(2.775,3.85,14.175));
#7976=CARTESIAN_POINT('Origin',(2.175,3.85,14.175));
#7977=CARTESIAN_POINT('',(2.775,4.65,14.175));
#7978=CARTESIAN_POINT('',(2.775,4.35,14.175));
#7979=CARTESIAN_POINT('',(2.175,4.65,14.775));
#7980=CARTESIAN_POINT('Origin',(2.175,4.65,14.175));
#7981=CARTESIAN_POINT('',(2.175,4.35,14.775));
#7982=CARTESIAN_POINT('Origin',(2.,3.85,8.3375));
#7983=CARTESIAN_POINT('',(1.825,3.85,14.775));
#7984=CARTESIAN_POINT('',(2.,3.85,14.775));
#7985=CARTESIAN_POINT('',(1.225,3.85,14.175));
#7986=CARTESIAN_POINT('Origin',(1.825,3.85,14.175));
#7987=CARTESIAN_POINT('',(1.225,3.85,1.9));
#7988=CARTESIAN_POINT('',(1.225,3.85,1.9));
#7989=CARTESIAN_POINT('',(1.45,3.85,1.9));
#7990=CARTESIAN_POINT('',(2.,3.85,1.9));
#7991=CARTESIAN_POINT('',(1.45,3.85,-1.1));
#7992=CARTESIAN_POINT('',(1.45,3.85,1.9));
#7993=CARTESIAN_POINT('',(2.55,3.85,-1.1));
#7994=CARTESIAN_POINT('',(2.,3.85,-1.1));
#7995=CARTESIAN_POINT('',(2.55,3.85,1.9));
#7996=CARTESIAN_POINT('',(2.55,3.85,1.9));
#7997=CARTESIAN_POINT('',(2.775,3.85,1.9));
#7998=CARTESIAN_POINT('',(2.,3.85,1.9));
#7999=CARTESIAN_POINT('',(2.775,3.85,1.9));
#8000=CARTESIAN_POINT('Origin',(2.,4.45,14.775));
#8001=CARTESIAN_POINT('',(1.825,4.65,14.775));
#8002=CARTESIAN_POINT('',(2.,4.65,14.775));
#8003=CARTESIAN_POINT('',(1.825,4.35,14.775));
#8004=CARTESIAN_POINT('Origin',(1.825,4.35,14.175));
#8005=CARTESIAN_POINT('',(1.225,4.65,14.175));
#8006=CARTESIAN_POINT('Origin',(1.825,4.65,14.175));
#8007=CARTESIAN_POINT('',(1.225,4.35,14.175));
#8008=CARTESIAN_POINT('Origin',(2.55,4.25,1.9));
#8009=CARTESIAN_POINT('',(2.55,4.65,-1.1));
#8010=CARTESIAN_POINT('',(2.55,4.25,-1.1));
#8011=CARTESIAN_POINT('',(2.55,4.65,1.9));
#8012=CARTESIAN_POINT('',(2.55,4.65,1.9));
#8013=CARTESIAN_POINT('',(2.55,4.35,1.9));
#8014=CARTESIAN_POINT('Origin',(1.45,4.25,1.9));
#8015=CARTESIAN_POINT('',(1.45,4.65,1.9));
#8016=CARTESIAN_POINT('',(1.45,4.35,1.9));
#8017=CARTESIAN_POINT('',(1.45,4.65,-1.1));
#8018=CARTESIAN_POINT('',(1.45,4.65,1.9));
#8019=CARTESIAN_POINT('',(1.45,4.25,-1.1));
#8020=CARTESIAN_POINT('Origin',(2.,4.45,-1.1));
#8021=CARTESIAN_POINT('',(2.,4.65,-1.1));
#8022=CARTESIAN_POINT('Origin',(2.,4.45,1.9));
#8023=CARTESIAN_POINT('',(2.775,4.65,1.9));
#8024=CARTESIAN_POINT('',(2.,4.65,1.9));
#8025=CARTESIAN_POINT('',(2.775,4.25,1.9));
#8026=CARTESIAN_POINT('Origin',(2.,4.45,1.9));
#8027=CARTESIAN_POINT('',(1.225,4.65,1.9));
#8028=CARTESIAN_POINT('',(1.225,4.25,1.9));
#8029=CARTESIAN_POINT('',(2.,4.65,1.9));
#8030=CARTESIAN_POINT('Origin',(1.225,4.25,1.9));
#8031=CARTESIAN_POINT('',(1.225,4.65,1.9));
#8032=CARTESIAN_POINT('Origin',(2.775,4.25,1.9));
#8033=CARTESIAN_POINT('',(2.775,4.65,1.9));
#8034=CARTESIAN_POINT('Origin',(2.,4.65,8.3375));
#8035=CARTESIAN_POINT('Origin',(-9.825,4.35,14.175));
#8036=CARTESIAN_POINT('',(-9.825,3.85,14.775));
#8037=CARTESIAN_POINT('',(-9.225,3.85,14.175));
#8038=CARTESIAN_POINT('Origin',(-9.825,3.85,14.175));
#8039=CARTESIAN_POINT('',(-9.225,4.65,14.175));
#8040=CARTESIAN_POINT('',(-9.225,4.35,14.175));
#8041=CARTESIAN_POINT('',(-9.825,4.65,14.775));
#8042=CARTESIAN_POINT('Origin',(-9.825,4.65,14.175));
#8043=CARTESIAN_POINT('',(-9.825,4.35,14.775));
#8044=CARTESIAN_POINT('Origin',(-10.,3.85,8.3375));
#8045=CARTESIAN_POINT('',(-10.175,3.85,14.775));
#8046=CARTESIAN_POINT('',(-10.,3.85,14.775));
#8047=CARTESIAN_POINT('',(-10.775,3.85,14.175));
#8048=CARTESIAN_POINT('Origin',(-10.175,3.85,14.175));
#8049=CARTESIAN_POINT('',(-10.775,3.85,1.9));
#8050=CARTESIAN_POINT('',(-10.775,3.85,1.9));
#8051=CARTESIAN_POINT('',(-10.55,3.85,1.9));
#8052=CARTESIAN_POINT('',(-10.,3.85,1.9));
#8053=CARTESIAN_POINT('',(-10.55,3.85,-1.1));
#8054=CARTESIAN_POINT('',(-10.55,3.85,1.9));
#8055=CARTESIAN_POINT('',(-9.45,3.85,-1.1));
#8056=CARTESIAN_POINT('',(-10.,3.85,-1.1));
#8057=CARTESIAN_POINT('',(-9.45,3.85,1.9));
#8058=CARTESIAN_POINT('',(-9.45,3.85,1.9));
#8059=CARTESIAN_POINT('',(-9.225,3.85,1.9));
#8060=CARTESIAN_POINT('',(-10.,3.85,1.9));
#8061=CARTESIAN_POINT('',(-9.225,3.85,1.9));
#8062=CARTESIAN_POINT('Origin',(-10.,4.45,14.775));
#8063=CARTESIAN_POINT('',(-10.175,4.65,14.775));
#8064=CARTESIAN_POINT('',(-10.,4.65,14.775));
#8065=CARTESIAN_POINT('',(-10.175,4.35,14.775));
#8066=CARTESIAN_POINT('Origin',(-10.175,4.35,14.175));
#8067=CARTESIAN_POINT('',(-10.775,4.65,14.175));
#8068=CARTESIAN_POINT('Origin',(-10.175,4.65,14.175));
#8069=CARTESIAN_POINT('',(-10.775,4.35,14.175));
#8070=CARTESIAN_POINT('Origin',(-9.45,4.25,1.9));
#8071=CARTESIAN_POINT('',(-9.45,4.65,-1.1));
#8072=CARTESIAN_POINT('',(-9.45,4.25,-1.1));
#8073=CARTESIAN_POINT('',(-9.45,4.65,1.9));
#8074=CARTESIAN_POINT('',(-9.45,4.65,1.9));
#8075=CARTESIAN_POINT('',(-9.45,4.35,1.9));
#8076=CARTESIAN_POINT('Origin',(-10.55,4.25,1.9));
#8077=CARTESIAN_POINT('',(-10.55,4.65,1.9));
#8078=CARTESIAN_POINT('',(-10.55,4.35,1.9));
#8079=CARTESIAN_POINT('',(-10.55,4.65,-1.1));
#8080=CARTESIAN_POINT('',(-10.55,4.65,1.9));
#8081=CARTESIAN_POINT('',(-10.55,4.25,-1.1));
#8082=CARTESIAN_POINT('Origin',(-10.,4.45,-1.1));
#8083=CARTESIAN_POINT('',(-10.,4.65,-1.1));
#8084=CARTESIAN_POINT('Origin',(-10.,4.45,1.9));
#8085=CARTESIAN_POINT('',(-9.225,4.65,1.9));
#8086=CARTESIAN_POINT('',(-10.,4.65,1.9));
#8087=CARTESIAN_POINT('',(-9.225,4.25,1.9));
#8088=CARTESIAN_POINT('Origin',(-10.,4.45,1.9));
#8089=CARTESIAN_POINT('',(-10.775,4.65,1.9));
#8090=CARTESIAN_POINT('',(-10.775,4.25,1.9));
#8091=CARTESIAN_POINT('',(-10.,4.65,1.9));
#8092=CARTESIAN_POINT('Origin',(-10.775,4.25,1.9));
#8093=CARTESIAN_POINT('',(-10.775,4.65,1.9));
#8094=CARTESIAN_POINT('Origin',(-9.225,4.25,1.9));
#8095=CARTESIAN_POINT('',(-9.225,4.65,1.9));
#8096=CARTESIAN_POINT('Origin',(-10.,4.65,8.3375));
#8097=CARTESIAN_POINT('Origin',(-13.825,4.35,14.175));
#8098=CARTESIAN_POINT('',(-13.825,3.85,14.775));
#8099=CARTESIAN_POINT('',(-13.225,3.85,14.175));
#8100=CARTESIAN_POINT('Origin',(-13.825,3.85,14.175));
#8101=CARTESIAN_POINT('',(-13.225,4.65,14.175));
#8102=CARTESIAN_POINT('',(-13.225,4.35,14.175));
#8103=CARTESIAN_POINT('',(-13.825,4.65,14.775));
#8104=CARTESIAN_POINT('Origin',(-13.825,4.65,14.175));
#8105=CARTESIAN_POINT('',(-13.825,4.35,14.775));
#8106=CARTESIAN_POINT('Origin',(-14.,3.85,8.3375));
#8107=CARTESIAN_POINT('',(-14.175,3.85,14.775));
#8108=CARTESIAN_POINT('',(-14.,3.85,14.775));
#8109=CARTESIAN_POINT('',(-14.775,3.85,14.175));
#8110=CARTESIAN_POINT('Origin',(-14.175,3.85,14.175));
#8111=CARTESIAN_POINT('',(-14.775,3.85,1.9));
#8112=CARTESIAN_POINT('',(-14.775,3.85,1.9));
#8113=CARTESIAN_POINT('',(-14.55,3.85,1.9));
#8114=CARTESIAN_POINT('',(-14.,3.85,1.9));
#8115=CARTESIAN_POINT('',(-14.55,3.85,-1.1));
#8116=CARTESIAN_POINT('',(-14.55,3.85,1.9));
#8117=CARTESIAN_POINT('',(-13.45,3.85,-1.1));
#8118=CARTESIAN_POINT('',(-14.,3.85,-1.1));
#8119=CARTESIAN_POINT('',(-13.45,3.85,1.9));
#8120=CARTESIAN_POINT('',(-13.45,3.85,1.9));
#8121=CARTESIAN_POINT('',(-13.225,3.85,1.9));
#8122=CARTESIAN_POINT('',(-14.,3.85,1.9));
#8123=CARTESIAN_POINT('',(-13.225,3.85,1.9));
#8124=CARTESIAN_POINT('Origin',(-14.,4.45,14.775));
#8125=CARTESIAN_POINT('',(-14.175,4.65,14.775));
#8126=CARTESIAN_POINT('',(-14.,4.65,14.775));
#8127=CARTESIAN_POINT('',(-14.175,4.35,14.775));
#8128=CARTESIAN_POINT('Origin',(-14.175,4.35,14.175));
#8129=CARTESIAN_POINT('',(-14.775,4.65,14.175));
#8130=CARTESIAN_POINT('Origin',(-14.175,4.65,14.175));
#8131=CARTESIAN_POINT('',(-14.775,4.35,14.175));
#8132=CARTESIAN_POINT('Origin',(-13.45,4.25,1.9));
#8133=CARTESIAN_POINT('',(-13.45,4.65,-1.1));
#8134=CARTESIAN_POINT('',(-13.45,4.25,-1.1));
#8135=CARTESIAN_POINT('',(-13.45,4.65,1.9));
#8136=CARTESIAN_POINT('',(-13.45,4.65,1.9));
#8137=CARTESIAN_POINT('',(-13.45,4.35,1.9));
#8138=CARTESIAN_POINT('Origin',(-14.55,4.25,1.9));
#8139=CARTESIAN_POINT('',(-14.55,4.65,1.9));
#8140=CARTESIAN_POINT('',(-14.55,4.35,1.9));
#8141=CARTESIAN_POINT('',(-14.55,4.65,-1.1));
#8142=CARTESIAN_POINT('',(-14.55,4.65,1.9));
#8143=CARTESIAN_POINT('',(-14.55,4.25,-1.1));
#8144=CARTESIAN_POINT('Origin',(-14.,4.45,-1.1));
#8145=CARTESIAN_POINT('',(-14.,4.65,-1.1));
#8146=CARTESIAN_POINT('Origin',(-14.,4.45,1.9));
#8147=CARTESIAN_POINT('',(-13.225,4.65,1.9));
#8148=CARTESIAN_POINT('',(-14.,4.65,1.9));
#8149=CARTESIAN_POINT('',(-13.225,4.25,1.9));
#8150=CARTESIAN_POINT('Origin',(-14.,4.45,1.9));
#8151=CARTESIAN_POINT('',(-14.775,4.65,1.9));
#8152=CARTESIAN_POINT('',(-14.775,4.25,1.9));
#8153=CARTESIAN_POINT('',(-14.,4.65,1.9));
#8154=CARTESIAN_POINT('Origin',(-14.775,4.25,1.9));
#8155=CARTESIAN_POINT('',(-14.775,4.65,1.9));
#8156=CARTESIAN_POINT('Origin',(-13.225,4.25,1.9));
#8157=CARTESIAN_POINT('',(-13.225,4.65,1.9));
#8158=CARTESIAN_POINT('Origin',(-14.,4.65,8.3375));
#8159=CARTESIAN_POINT('',(2.34380416309755E-15,0.,-1.90000000000001));
#8160=UNCERTAINTY_MEASURE_WITH_UNIT(LENGTH_MEASURE(0.01),#8166,
'DISTANCE_ACCURACY_VALUE',
'Maximum model space distance between geometric entities at asserted c
onnectivities');
#8161=UNCERTAINTY_MEASURE_WITH_UNIT(LENGTH_MEASURE(0.01),#8166,
'DISTANCE_ACCURACY_VALUE',
'Maximum model space distance between geometric entities at asserted c
onnectivities');
#8162=UNCERTAINTY_MEASURE_WITH_UNIT(LENGTH_MEASURE(0.01),#8166,
'DISTANCE_ACCURACY_VALUE',
'Maximum model space distance between geometric entities at asserted c
onnectivities');
#8163=(
GEOMETRIC_REPRESENTATION_CONTEXT(3)
GLOBAL_UNCERTAINTY_ASSIGNED_CONTEXT((#8160))
GLOBAL_UNIT_ASSIGNED_CONTEXT((#8166,#8168,#8169))
REPRESENTATION_CONTEXT('','3D')
);
#8164=(
GEOMETRIC_REPRESENTATION_CONTEXT(3)
GLOBAL_UNCERTAINTY_ASSIGNED_CONTEXT((#8161))
GLOBAL_UNIT_ASSIGNED_CONTEXT((#8166,#8168,#8169))
REPRESENTATION_CONTEXT('','3D')
);
#8165=(
GEOMETRIC_REPRESENTATION_CONTEXT(3)
GLOBAL_UNCERTAINTY_ASSIGNED_CONTEXT((#8162))
GLOBAL_UNIT_ASSIGNED_CONTEXT((#8166,#8168,#8169))
REPRESENTATION_CONTEXT('','3D')
);
#8166=(
LENGTH_UNIT()
NAMED_UNIT(*)
SI_UNIT(.MILLI.,.METRE.)
);
#8167=(
LENGTH_UNIT()
NAMED_UNIT(*)
SI_UNIT($,.METRE.)
);
#8168=(
NAMED_UNIT(*)
PLANE_ANGLE_UNIT()
SI_UNIT($,.RADIAN.)
);
#8169=(
NAMED_UNIT(*)
SI_UNIT($,.STERADIAN.)
SOLID_ANGLE_UNIT()
);
#8170=SHAPE_DEFINITION_REPRESENTATION(#8172,#8175);
#8171=SHAPE_DEFINITION_REPRESENTATION(#8173,#8176);
#8172=PRODUCT_DEFINITION_SHAPE('',$,#8178);
#8173=PRODUCT_DEFINITION_SHAPE('',$,#8179);
#8174=PRODUCT_DEFINITION_SHAPE($,$,#14);
#8175=SHAPE_REPRESENTATION('',(#5004,#5386),#8163);
#8176=SHAPE_REPRESENTATION('',(#5005),#8164);
#8177=PRODUCT_DEFINITION_CONTEXT('part definition',#8185,'design');
#8178=PRODUCT_DEFINITION('OBD-II press-fit male connector',
'OBD-II press-fit male connector v11',#8180,#8177);
#8179=PRODUCT_DEFINITION('Frame with pins','Frame with pins',#8181,#8177);
#8180=PRODUCT_DEFINITION_FORMATION('',$,#8187);
#8181=PRODUCT_DEFINITION_FORMATION('',$,#8188);
#8182=PRODUCT_RELATED_PRODUCT_CATEGORY(
'OBD-II press-fit male connector v11',
'OBD-II press-fit male connector v11',(#8187));
#8183=PRODUCT_RELATED_PRODUCT_CATEGORY('Frame with pins',
'Frame with pins',(#8188));
#8184=APPLICATION_PROTOCOL_DEFINITION('international standard',
'automotive_design',2009,#8185);
#8185=APPLICATION_CONTEXT(
'Core Data for Automotive Mechanical Design Process');
#8186=PRODUCT_CONTEXT('part definition',#8185,'mechanical');
#8187=PRODUCT('OBD-II press-fit male connector',
'OBD-II press-fit male connector v11',$,(#8186));
#8188=PRODUCT('Frame with pins','Frame with pins',$,(#8186));
#8189=PRESENTATION_STYLE_ASSIGNMENT((#8192));
#8190=PRESENTATION_STYLE_ASSIGNMENT((#8193));
#8191=PRESENTATION_STYLE_ASSIGNMENT((#8194));
#8192=SURFACE_STYLE_USAGE(.BOTH.,#8195);
#8193=SURFACE_STYLE_USAGE(.BOTH.,#8196);
#8194=SURFACE_STYLE_USAGE(.BOTH.,#8197);
#8195=SURFACE_SIDE_STYLE('',(#8198));
#8196=SURFACE_SIDE_STYLE('',(#8199));
#8197=SURFACE_SIDE_STYLE('',(#8200));
#8198=SURFACE_STYLE_FILL_AREA(#8201);
#8199=SURFACE_STYLE_FILL_AREA(#8202);
#8200=SURFACE_STYLE_FILL_AREA(#8203);
#8201=FILL_AREA_STYLE('Plasticos negros',(#8204));
#8202=FILL_AREA_STYLE('Patillas de chip',(#8205));
#8203=FILL_AREA_STYLE('Aluminum - Bead Blasted',(#8206));
#8204=FILL_AREA_STYLE_COLOUR('Plasticos negros',#8207);
#8205=FILL_AREA_STYLE_COLOUR('Patillas de chip',#8208);
#8206=FILL_AREA_STYLE_COLOUR('Aluminum - Bead Blasted',#8209);
#8207=COLOUR_RGB('Plasticos negros',0.274509803921569,0.274509803921569,
0.274509803921569);
#8208=COLOUR_RGB('Patillas de chip',0.823529411764706,0.819607843137255,
0.780392156862745);
#8209=COLOUR_RGB('Aluminum - Bead Blasted',0.96078431372549,0.96078431372549,
0.964705882352941);
ENDSEC;
END-ISO-10303-21;
